{
  "meta": {
    "VIRAT_S_000002": "types",
    "Other": "5 instances",
    "Person": "7 instances",
    "Prop": "1 instances",
    "Push_Pulled_Object": "2 instances",
    "Vehicle": "1 instances"
  },
  "types": {
    "2": {
      "type": "Person",
      "confidence": 1.0
    },
    "3": {
      "type": "Person",
      "confidence": 1.0
    },
    "4": {
      "type": "Person",
      "confidence": 1.0
    },
    "5": {
      "type": "Vehicle",
      "confidence": 1.0
    },
    "6": {
      "type": "Person",
      "confidence": 1.0
    },
    "7": {
      "type": "Person",
      "confidence": 1.0
    },
    "8": {
      "type": "Person",
      "confidence": 1.0
    },
    "9": {
      "type": "Person",
      "confidence": 1.0
    },
    "12": {
      "type": "Push_Pulled_Object",
      "confidence": 1.0
    },
    "13": {
      "type": "Prop",
      "confidence": 1.0
    },
    "14": {
      "type": "Push_Pulled_Object",
      "confidence": 1.0
    },
    "5000": {
      "type": "Other",
      "confidence": 1.0
    },
    "5001": {
      "type": "Other",
      "confidence": 1.0
    },
    "5002": {
      "type": "Other",
      "confidence": 1.0
    },
    "5003": {
      "type": "Other",
      "confidence": 1.0
    },
    "5005": {
      "type": "Other",
      "confidence": 1.0
    }
  }
}