{
  "meta": {
    "VIRAT_S_000204_04_000738_000977": "types",
    "Animal": "1 instances",
    "Bike": "1 instances",
    "Door": "1 instances",
    "Dumpster": "1 instances",
    "Parking_Meter": "1 instances",
    "Person": "37 instances",
    "Prop": "3 instances",
    "Push_Pulled_Object": "1 instances",
    "Tree": "1 instances",
    "Vehicle": "94 instances"
  },
  "types": {
    "0": {
      "type": "Bike",
      "confidence": 1.0
    },
    "1": {
      "type": "Person",
      "confidence": 1.0
    },
    "2": {
      "type": "Person",
      "confidence": 1.0
    },
    "3": {
      "type": "Person",
      "confidence": 1.0
    },
    "4": {
      "type": "Person",
      "confidence": 1.0
    },
    "5": {
      "type": "Person",
      "confidence": 1.0
    },
    "6": {
      "type": "Person",
      "confidence": 1.0
    },
    "7": {
      "type": "Person",
      "confidence": 1.0
    },
    "8": {
      "type": "Vehicle",
      "confidence": 1.0
    },
    "9": {
      "type": "Vehicle",
      "confidence": 1.0
    },
    "10": {
      "type": "Person",
      "confidence": 1.0
    },
    "11": {
      "type": "Vehicle",
      "confidence": 1.0
    },
    "12": {
      "type": "Vehicle",
      "confidence": 1.0
    },
    "13": {
      "type": "Person",
      "confidence": 1.0
    },
    "14": {
      "type": "Vehicle",
      "confidence": 1.0
    },
    "15": {
      "type": "Person",
      "confidence": 1.0
    },
    "16": {
      "type": "Vehicle",
      "confidence": 1.0
    },
    "17": {
      "type": "Vehicle",
      "confidence": 1.0
    },
    "18": {
      "type": "Person",
      "confidence": 1.0
    },
    "19": {
      "type": "Person",
      "confidence": 1.0
    },
    "20": {
      "type": "Person",
      "confidence": 1.0
    },
    "21": {
      "type": "Person",
      "confidence": 1.0
    },
    "23": {
      "type": "Person",
      "confidence": 1.0
    },
    "24": {
      "type": "Push_Pulled_Object",
      "confidence": 1.0
    },
    "25": {
      "type": "Person",
      "confidence": 1.0
    },
    "26": {
      "type": "Person",
      "confidence": 1.0
    },
    "27": {
      "type": "Person",
      "confidence": 1.0
    },
    "28": {
      "type": "Person",
      "confidence": 1.0
    },
    "29": {
      "type": "Vehicle",
      "confidence": 1.0
    },
    "30": {
      "type": "Person",
      "confidence": 1.0
    },
    "31": {
      "type": "Vehicle",
      "confidence": 1.0
    },
    "32": {
      "type": "Person",
      "confidence": 1.0
    },
    "33": {
      "type": "Person",
      "confidence": 1.0
    },
    "35": {
      "type": "Person",
      "confidence": 1.0
    },
    "36": {
      "type": "Vehicle",
      "confidence": 1.0
    },
    "37": {
      "type": "Vehicle",
      "confidence": 1.0
    },
    "38": {
      "type": "Person",
      "confidence": 1.0
    },
    "39": {
      "type": "Person",
      "confidence": 1.0
    },
    "40": {
      "type": "Person",
      "confidence": 1.0
    },
    "41": {
      "type": "Person",
      "confidence": 1.0
    },
    "42": {
      "type": "Person",
      "confidence": 1.0
    },
    "43": {
      "type": "Vehicle",
      "confidence": 1.0
    },
    "44": {
      "type": "Vehicle",
      "confidence": 1.0
    },
    "45": {
      "type": "Vehicle",
      "confidence": 1.0
    },
    "46": {
      "type": "Vehicle",
      "confidence": 1.0
    },
    "47": {
      "type": "Vehicle",
      "confidence": 1.0
    },
    "48": {
      "type": "Vehicle",
      "confidence": 1.0
    },
    "49": {
      "type": "Vehicle",
      "confidence": 1.0
    },
    "50": {
      "type": "Vehicle",
      "confidence": 1.0
    },
    "51": {
      "type": "Vehicle",
      "confidence": 1.0
    },
    "52": {
      "type": "Vehicle",
      "confidence": 1.0
    },
    "53": {
      "type": "Vehicle",
      "confidence": 1.0
    },
    "54": {
      "type": "Vehicle",
      "confidence": 1.0
    },
    "55": {
      "type": "Vehicle",
      "confidence": 1.0
    },
    "56": {
      "type": "Vehicle",
      "confidence": 1.0
    },
    "57": {
      "type": "Vehicle",
      "confidence": 1.0
    },
    "58": {
      "type": "Vehicle",
      "confidence": 1.0
    },
    "59": {
      "type": "Vehicle",
      "confidence": 1.0
    },
    "60": {
      "type": "Vehicle",
      "confidence": 1.0
    },
    "61": {
      "type": "Vehicle",
      "confidence": 1.0
    },
    "62": {
      "type": "Vehicle",
      "confidence": 1.0
    },
    "63": {
      "type": "Vehicle",
      "confidence": 1.0
    },
    "64": {
      "type": "Vehicle",
      "confidence": 1.0
    },
    "65": {
      "type": "Vehicle",
      "confidence": 1.0
    },
    "66": {
      "type": "Vehicle",
      "confidence": 1.0
    },
    "67": {
      "type": "Vehicle",
      "confidence": 1.0
    },
    "68": {
      "type": "Vehicle",
      "confidence": 1.0
    },
    "69": {
      "type": "Vehicle",
      "confidence": 1.0
    },
    "70": {
      "type": "Vehicle",
      "confidence": 1.0
    },
    "71": {
      "type": "Vehicle",
      "confidence": 1.0
    },
    "72": {
      "type": "Vehicle",
      "confidence": 1.0
    },
    "73": {
      "type": "Vehicle",
      "confidence": 1.0
    },
    "74": {
      "type": "Vehicle",
      "confidence": 1.0
    },
    "75": {
      "type": "Vehicle",
      "confidence": 1.0
    },
    "76": {
      "type": "Vehicle",
      "confidence": 1.0
    },
    "77": {
      "type": "Vehicle",
      "confidence": 1.0
    },
    "78": {
      "type": "Vehicle",
      "confidence": 1.0
    },
    "79": {
      "type": "Vehicle",
      "confidence": 1.0
    },
    "80": {
      "type": "Vehicle",
      "confidence": 1.0
    },
    "81": {
      "type": "Vehicle",
      "confidence": 1.0
    },
    "82": {
      "type": "Vehicle",
      "confidence": 1.0
    },
    "83": {
      "type": "Vehicle",
      "confidence": 1.0
    },
    "84": {
      "type": "Vehicle",
      "confidence": 1.0
    },
    "85": {
      "type": "Vehicle",
      "confidence": 1.0
    },
    "86": {
      "type": "Vehicle",
      "confidence": 1.0
    },
    "87": {
      "type": "Vehicle",
      "confidence": 1.0
    },
    "88": {
      "type": "Vehicle",
      "confidence": 1.0
    },
    "89": {
      "type": "Vehicle",
      "confidence": 1.0
    },
    "90": {
      "type": "Vehicle",
      "confidence": 1.0
    },
    "91": {
      "type": "Vehicle",
      "confidence": 1.0
    },
    "92": {
      "type": "Vehicle",
      "confidence": 1.0
    },
    "93": {
      "type": "Vehicle",
      "confidence": 1.0
    },
    "94": {
      "type": "Vehicle",
      "confidence": 1.0
    },
    "95": {
      "type": "Vehicle",
      "confidence": 1.0
    },
    "96": {
      "type": "Vehicle",
      "confidence": 1.0
    },
    "97": {
      "type": "Vehicle",
      "confidence": 1.0
    },
    "98": {
      "type": "Vehicle",
      "confidence": 1.0
    },
    "99": {
      "type": "Vehicle",
      "confidence": 1.0
    },
    "100": {
      "type": "Vehicle",
      "confidence": 1.0
    },
    "101": {
      "type": "Vehicle",
      "confidence": 1.0
    },
    "102": {
      "type": "Vehicle",
      "confidence": 1.0
    },
    "103": {
      "type": "Vehicle",
      "confidence": 1.0
    },
    "104": {
      "type": "Vehicle",
      "confidence": 1.0
    },
    "105": {
      "type": "Vehicle",
      "confidence": 1.0
    },
    "106": {
      "type": "Vehicle",
      "confidence": 1.0
    },
    "107": {
      "type": "Person",
      "confidence": 1.0
    },
    "108": {
      "type": "Person",
      "confidence": 1.0
    },
    "109": {
      "type": "Person",
      "confidence": 1.0
    },
    "110": {
      "type": "Person",
      "confidence": 1.0
    },
    "111": {
      "type": "Person",
      "confidence": 1.0
    },
    "112": {
      "type": "Person",
      "confidence": 1.0
    },
    "113": {
      "type": "Animal",
      "confidence": 1.0
    },
    "114": {
      "type": "Person",
      "confidence": 1.0
    },
    "115": {
      "type": "Person",
      "confidence": 1.0
    },
    "116": {
      "type": "Vehicle",
      "confidence": 1.0
    },
    "117": {
      "type": "Vehicle",
      "confidence": 1.0
    },
    "118": {
      "type": "Vehicle",
      "confidence": 1.0
    },
    "119": {
      "type": "Vehicle",
      "confidence": 1.0
    },
    "120": {
      "type": "Vehicle",
      "confidence": 1.0
    },
    "121": {
      "type": "Vehicle",
      "confidence": 1.0
    },
    "122": {
      "type": "Vehicle",
      "confidence": 1.0
    },
    "123": {
      "type": "Vehicle",
      "confidence": 1.0
    },
    "124": {
      "type": "Vehicle",
      "confidence": 1.0
    },
    "125": {
      "type": "Vehicle",
      "confidence": 1.0
    },
    "126": {
      "type": "Vehicle",
      "confidence": 1.0
    },
    "127": {
      "type": "Vehicle",
      "confidence": 1.0
    },
    "128": {
      "type": "Vehicle",
      "confidence": 1.0
    },
    "129": {
      "type": "Vehicle",
      "confidence": 1.0
    },
    "130": {
      "type": "Vehicle",
      "confidence": 1.0
    },
    "131": {
      "type": "Vehicle",
      "confidence": 1.0
    },
    "132": {
      "type": "Vehicle",
      "confidence": 1.0
    },
    "133": {
      "type": "Vehicle",
      "confidence": 1.0
    },
    "134": {
      "type": "Person",
      "confidence": 1.0
    },
    "135": {
      "type": "Vehicle",
      "confidence": 1.0
    },
    "136": {
      "type": "Prop",
      "confidence": 1.0
    },
    "137": {
      "type": "Prop",
      "confidence": 1.0
    },
    "138": {
      "type": "Prop",
      "confidence": 1.0
    },
    "5000": {
      "type": "Parking_Meter",
      "confidence": 1.0
    },
    "5001": {
      "type": "Dumpster",
      "confidence": 1.0
    },
    "5025": {
      "type": "Tree",
      "confidence": 1.0
    },
    "5030": {
      "type": "Door",
      "confidence": 1.0
    }
  }
}