{
  "meta": {
    "VIRAT_S_040001_01_000448_001101": "types",
    "Bike": "1 instances",
    "Person": "22 instances",
    "Prop": "5 instances",
    "Push_Pulled_Object": "7 instances",
    "Tree": "5 instances",
    "Vehicle": "42 instances"
  },
  "types": {
    "0": {
      "type": "Person",
      "confidence": 1.0
    },
    "1": {
      "type": "Person",
      "confidence": 1.0
    },
    "3": {
      "type": "Vehicle",
      "confidence": 1.0
    },
    "4": {
      "type": "Vehicle",
      "confidence": 1.0
    },
    "5": {
      "type": "Vehicle",
      "confidence": 1.0
    },
    "6": {
      "type": "Vehicle",
      "confidence": 1.0
    },
    "7": {
      "type": "Vehicle",
      "confidence": 1.0
    },
    "8": {
      "type": "Person",
      "confidence": 1.0
    },
    "9": {
      "type": "Person",
      "confidence": 1.0
    },
    "10": {
      "type": "Person",
      "confidence": 1.0
    },
    "12": {
      "type": "Person",
      "confidence": 1.0
    },
    "13": {
      "type": "Vehicle",
      "confidence": 1.0
    },
    "15": {
      "type": "Vehicle",
      "confidence": 1.0
    },
    "18": {
      "type": "Vehicle",
      "confidence": 1.0
    },
    "21": {
      "type": "Vehicle",
      "confidence": 1.0
    },
    "23": {
      "type": "Person",
      "confidence": 1.0
    },
    "25": {
      "type": "Vehicle",
      "confidence": 1.0
    },
    "26": {
      "type": "Vehicle",
      "confidence": 1.0
    },
    "27": {
      "type": "Vehicle",
      "confidence": 1.0
    },
    "28": {
      "type": "Vehicle",
      "confidence": 1.0
    },
    "29": {
      "type": "Vehicle",
      "confidence": 1.0
    },
    "30": {
      "type": "Person",
      "confidence": 1.0
    },
    "39": {
      "type": "Person",
      "confidence": 1.0
    },
    "40": {
      "type": "Vehicle",
      "confidence": 1.0
    },
    "41": {
      "type": "Vehicle",
      "confidence": 1.0
    },
    "43": {
      "type": "Vehicle",
      "confidence": 1.0
    },
    "44": {
      "type": "Vehicle",
      "confidence": 1.0
    },
    "45": {
      "type": "Person",
      "confidence": 1.0
    },
    "46": {
      "type": "Person",
      "confidence": 1.0
    },
    "47": {
      "type": "Vehicle",
      "confidence": 1.0
    },
    "48": {
      "type": "Vehicle",
      "confidence": 1.0
    },
    "49": {
      "type": "Vehicle",
      "confidence": 1.0
    },
    "51": {
      "type": "Vehicle",
      "confidence": 1.0
    },
    "52": {
      "type": "Vehicle",
      "confidence": 1.0
    },
    "53": {
      "type": "Vehicle",
      "confidence": 1.0
    },
    "57": {
      "type": "Person",
      "confidence": 1.0
    },
    "58": {
      "type": "Person",
      "confidence": 1.0
    },
    "60": {
      "type": "Person",
      "confidence": 1.0
    },
    "63": {
      "type": "Vehicle",
      "confidence": 1.0
    },
    "64": {
      "type": "Person",
      "confidence": 1.0
    },
    "66": {
      "type": "Vehicle",
      "confidence": 1.0
    },
    "67": {
      "type": "Vehicle",
      "confidence": 1.0
    },
    "68": {
      "type": "Vehicle",
      "confidence": 1.0
    },
    "69": {
      "type": "Vehicle",
      "confidence": 1.0
    },
    "70": {
      "type": "Vehicle",
      "confidence": 1.0
    },
    "71": {
      "type": "Person",
      "confidence": 1.0
    },
    "73": {
      "type": "Person",
      "confidence": 1.0
    },
    "74": {
      "type": "Bike",
      "confidence": 1.0
    },
    "80": {
      "type": "Vehicle",
      "confidence": 1.0
    },
    "81": {
      "type": "Vehicle",
      "confidence": 1.0
    },
    "83": {
      "type": "Person",
      "confidence": 1.0
    },
    "84": {
      "type": "Vehicle",
      "confidence": 1.0
    },
    "86": {
      "type": "Person",
      "confidence": 1.0
    },
    "88": {
      "type": "Person",
      "confidence": 1.0
    },
    "89": {
      "type": "Vehicle",
      "confidence": 1.0
    },
    "90": {
      "type": "Vehicle",
      "confidence": 1.0
    },
    "91": {
      "type": "Person",
      "confidence": 1.0
    },
    "92": {
      "type": "Vehicle",
      "confidence": 1.0
    },
    "93": {
      "type": "Vehicle",
      "confidence": 1.0
    },
    "94": {
      "type": "Vehicle",
      "confidence": 1.0
    },
    "95": {
      "type": "Vehicle",
      "confidence": 1.0
    },
    "96": {
      "type": "Vehicle",
      "confidence": 1.0
    },
    "97": {
      "type": "Vehicle",
      "confidence": 1.0
    },
    "99": {
      "type": "Person",
      "confidence": 1.0
    },
    "100": {
      "type": "Vehicle",
      "confidence": 1.0
    },
    "104": {
      "type": "Prop",
      "confidence": 1.0
    },
    "105": {
      "type": "Prop",
      "confidence": 1.0
    },
    "106": {
      "type": "Prop",
      "confidence": 1.0
    },
    "107": {
      "type": "Prop",
      "confidence": 1.0
    },
    "108": {
      "type": "Prop",
      "confidence": 1.0
    },
    "109": {
      "type": "Push_Pulled_Object",
      "confidence": 1.0
    },
    "110": {
      "type": "Push_Pulled_Object",
      "confidence": 1.0
    },
    "111": {
      "type": "Push_Pulled_Object",
      "confidence": 1.0
    },
    "112": {
      "type": "Push_Pulled_Object",
      "confidence": 1.0
    },
    "113": {
      "type": "Push_Pulled_Object",
      "confidence": 1.0
    },
    "114": {
      "type": "Push_Pulled_Object",
      "confidence": 1.0
    },
    "115": {
      "type": "Push_Pulled_Object",
      "confidence": 1.0
    },
    "5000": {
      "type": "Tree",
      "confidence": 1.0
    },
    "5001": {
      "type": "Tree",
      "confidence": 1.0
    },
    "5002": {
      "type": "Tree",
      "confidence": 1.0
    },
    "5003": {
      "type": "Tree",
      "confidence": 1.0
    },
    "5004": {
      "type": "Tree",
      "confidence": 1.0
    }
  }
}