{
  "meta": {
    "VIRAT_S_000201_03_000640_000672": "types",
    "Door": "1 instances",
    "Dumpster": "1 instances",
    "Parking_Meter": "1 instances",
    "Person": "5 instances",
    "Tree": "1 instances",
    "Vehicle": "28 instances"
  },
  "types": {
    "66": {
      "type": "Vehicle",
      "confidence": 1.0
    },
    "67": {
      "type": "Vehicle",
      "confidence": 1.0
    },
    "68": {
      "type": "Vehicle",
      "confidence": 1.0
    },
    "69": {
      "type": "Vehicle",
      "confidence": 1.0
    },
    "70": {
      "type": "Vehicle",
      "confidence": 1.0
    },
    "71": {
      "type": "Vehicle",
      "confidence": 1.0
    },
    "72": {
      "type": "Vehicle",
      "confidence": 1.0
    },
    "73": {
      "type": "Vehicle",
      "confidence": 1.0
    },
    "75": {
      "type": "Vehicle",
      "confidence": 1.0
    },
    "76": {
      "type": "Vehicle",
      "confidence": 1.0
    },
    "77": {
      "type": "Vehicle",
      "confidence": 1.0
    },
    "78": {
      "type": "Vehicle",
      "confidence": 1.0
    },
    "79": {
      "type": "Vehicle",
      "confidence": 1.0
    },
    "80": {
      "type": "Vehicle",
      "confidence": 1.0
    },
    "81": {
      "type": "Vehicle",
      "confidence": 1.0
    },
    "82": {
      "type": "Vehicle",
      "confidence": 1.0
    },
    "83": {
      "type": "Vehicle",
      "confidence": 1.0
    },
    "84": {
      "type": "Vehicle",
      "confidence": 1.0
    },
    "85": {
      "type": "Person",
      "confidence": 1.0
    },
    "86": {
      "type": "Person",
      "confidence": 1.0
    },
    "87": {
      "type": "Person",
      "confidence": 1.0
    },
    "88": {
      "type": "Vehicle",
      "confidence": 1.0
    },
    "89": {
      "type": "Person",
      "confidence": 1.0
    },
    "90": {
      "type": "Vehicle",
      "confidence": 1.0
    },
    "91": {
      "type": "Person",
      "confidence": 1.0
    },
    "92": {
      "type": "Vehicle",
      "confidence": 1.0
    },
    "93": {
      "type": "Vehicle",
      "confidence": 1.0
    },
    "94": {
      "type": "Vehicle",
      "confidence": 1.0
    },
    "100": {
      "type": "Vehicle",
      "confidence": 1.0
    },
    "101": {
      "type": "Vehicle",
      "confidence": 1.0
    },
    "102": {
      "type": "Vehicle",
      "confidence": 1.0
    },
    "103": {
      "type": "Vehicle",
      "confidence": 1.0
    },
    "104": {
      "type": "Vehicle",
      "confidence": 1.0
    },
    "5000": {
      "type": "Parking_Meter",
      "confidence": 1.0
    },
    "5001": {
      "type": "Dumpster",
      "confidence": 1.0
    },
    "5025": {
      "type": "Tree",
      "confidence": 1.0
    },
    "5030": {
      "type": "Door",
      "confidence": 1.0
    }
  }
}