{
  "meta": {
    "VIRAT_S_040102_10_001258_001408": "types",
    "Person": "7 instances",
    "Push_Pulled_Object": "1 instances",
    "Tree": "10 instances",
    "Vehicle": "13 instances"
  },
  "types": {
    "5": {
      "type": "Person",
      "confidence": 1.0
    },
    "11": {
      "type": "Push_Pulled_Object",
      "confidence": 1.0
    },
    "14": {
      "type": "Person",
      "confidence": 1.0
    },
    "15": {
      "type": "Vehicle",
      "confidence": 1.0
    },
    "16": {
      "type": "Vehicle",
      "confidence": 1.0
    },
    "17": {
      "type": "Vehicle",
      "confidence": 1.0
    },
    "18": {
      "type": "Vehicle",
      "confidence": 1.0
    },
    "20": {
      "type": "Person",
      "confidence": 1.0
    },
    "21": {
      "type": "Person",
      "confidence": 1.0
    },
    "24": {
      "type": "Vehicle",
      "confidence": 1.0
    },
    "25": {
      "type": "Person",
      "confidence": 1.0
    },
    "26": {
      "type": "Vehicle",
      "confidence": 1.0
    },
    "27": {
      "type": "Vehicle",
      "confidence": 1.0
    },
    "28": {
      "type": "Vehicle",
      "confidence": 1.0
    },
    "29": {
      "type": "Vehicle",
      "confidence": 1.0
    },
    "30": {
      "type": "Vehicle",
      "confidence": 1.0
    },
    "31": {
      "type": "Vehicle",
      "confidence": 1.0
    },
    "32": {
      "type": "Vehicle",
      "confidence": 1.0
    },
    "33": {
      "type": "Vehicle",
      "confidence": 1.0
    },
    "36": {
      "type": "Person",
      "confidence": 1.0
    },
    "38": {
      "type": "Person",
      "confidence": 1.0
    },
    "5000": {
      "type": "Tree",
      "confidence": 1.0
    },
    "5001": {
      "type": "Tree",
      "confidence": 1.0
    },
    "5002": {
      "type": "Tree",
      "confidence": 1.0
    },
    "5003": {
      "type": "Tree",
      "confidence": 1.0
    },
    "5004": {
      "type": "Tree",
      "confidence": 1.0
    },
    "5006": {
      "type": "Tree",
      "confidence": 1.0
    },
    "5017": {
      "type": "Tree",
      "confidence": 1.0
    },
    "5048": {
      "type": "Tree",
      "confidence": 1.0
    },
    "5049": {
      "type": "Tree",
      "confidence": 1.0
    },
    "5050": {
      "type": "Tree",
      "confidence": 1.0
    }
  }
}