{
  "meta": {
    "VIRAT_S_000207_01_000094_000156": "types",
    "Bike": "2 instances",
    "Door": "1 instances",
    "Dumpster": "1 instances",
    "Parking_Meter": "1 instances",
    "Person": "4 instances",
    "Tree": "1 instances",
    "Vehicle": "19 instances"
  },
  "types": {
    "1": {
      "type": "Vehicle",
      "confidence": 1.0
    },
    "2": {
      "type": "Person",
      "confidence": 1.0
    },
    "3": {
      "type": "Vehicle",
      "confidence": 1.0
    },
    "4": {
      "type": "Vehicle",
      "confidence": 1.0
    },
    "5": {
      "type": "Vehicle",
      "confidence": 1.0
    },
    "6": {
      "type": "Vehicle",
      "confidence": 1.0
    },
    "7": {
      "type": "Vehicle",
      "confidence": 1.0
    },
    "8": {
      "type": "Vehicle",
      "confidence": 1.0
    },
    "9": {
      "type": "Vehicle",
      "confidence": 1.0
    },
    "10": {
      "type": "Vehicle",
      "confidence": 1.0
    },
    "11": {
      "type": "Vehicle",
      "confidence": 1.0
    },
    "12": {
      "type": "Vehicle",
      "confidence": 1.0
    },
    "13": {
      "type": "Vehicle",
      "confidence": 1.0
    },
    "14": {
      "type": "Vehicle",
      "confidence": 1.0
    },
    "15": {
      "type": "Vehicle",
      "confidence": 1.0
    },
    "16": {
      "type": "Vehicle",
      "confidence": 1.0
    },
    "17": {
      "type": "Vehicle",
      "confidence": 1.0
    },
    "18": {
      "type": "Vehicle",
      "confidence": 1.0
    },
    "19": {
      "type": "Vehicle",
      "confidence": 1.0
    },
    "20": {
      "type": "Vehicle",
      "confidence": 1.0
    },
    "21": {
      "type": "Person",
      "confidence": 1.0
    },
    "22": {
      "type": "Person",
      "confidence": 1.0
    },
    "23": {
      "type": "Bike",
      "confidence": 1.0
    },
    "24": {
      "type": "Person",
      "confidence": 1.0
    },
    "25": {
      "type": "Bike",
      "confidence": 1.0
    },
    "5000": {
      "type": "Parking_Meter",
      "confidence": 1.0
    },
    "5001": {
      "type": "Dumpster",
      "confidence": 1.0
    },
    "5025": {
      "type": "Tree",
      "confidence": 1.0
    },
    "5030": {
      "type": "Door",
      "confidence": 1.0
    }
  }
}