{
  "meta": {
    "VIRAT_S_000203_06_001206_001266": "types",
    "Door": "1 instances",
    "Dumpster": "1 instances",
    "Parking_Meter": "1 instances",
    "Person": "5 instances",
    "Tree": "1 instances",
    "Vehicle": "62 instances"
  },
  "types": {
    "0": {
      "type": "Vehicle",
      "confidence": 1.0
    },
    "1": {
      "type": "Vehicle",
      "confidence": 1.0
    },
    "2": {
      "type": "Vehicle",
      "confidence": 1.0
    },
    "3": {
      "type": "Vehicle",
      "confidence": 1.0
    },
    "4": {
      "type": "Vehicle",
      "confidence": 1.0
    },
    "5": {
      "type": "Vehicle",
      "confidence": 1.0
    },
    "6": {
      "type": "Vehicle",
      "confidence": 1.0
    },
    "7": {
      "type": "Vehicle",
      "confidence": 1.0
    },
    "8": {
      "type": "Vehicle",
      "confidence": 1.0
    },
    "9": {
      "type": "Vehicle",
      "confidence": 1.0
    },
    "10": {
      "type": "Vehicle",
      "confidence": 1.0
    },
    "11": {
      "type": "Vehicle",
      "confidence": 1.0
    },
    "12": {
      "type": "Vehicle",
      "confidence": 1.0
    },
    "13": {
      "type": "Vehicle",
      "confidence": 1.0
    },
    "14": {
      "type": "Vehicle",
      "confidence": 1.0
    },
    "15": {
      "type": "Vehicle",
      "confidence": 1.0
    },
    "16": {
      "type": "Vehicle",
      "confidence": 1.0
    },
    "17": {
      "type": "Vehicle",
      "confidence": 1.0
    },
    "18": {
      "type": "Vehicle",
      "confidence": 1.0
    },
    "19": {
      "type": "Vehicle",
      "confidence": 1.0
    },
    "20": {
      "type": "Vehicle",
      "confidence": 1.0
    },
    "21": {
      "type": "Vehicle",
      "confidence": 1.0
    },
    "22": {
      "type": "Vehicle",
      "confidence": 1.0
    },
    "23": {
      "type": "Vehicle",
      "confidence": 1.0
    },
    "24": {
      "type": "Vehicle",
      "confidence": 1.0
    },
    "25": {
      "type": "Vehicle",
      "confidence": 1.0
    },
    "26": {
      "type": "Vehicle",
      "confidence": 1.0
    },
    "27": {
      "type": "Vehicle",
      "confidence": 1.0
    },
    "28": {
      "type": "Vehicle",
      "confidence": 1.0
    },
    "29": {
      "type": "Vehicle",
      "confidence": 1.0
    },
    "30": {
      "type": "Vehicle",
      "confidence": 1.0
    },
    "31": {
      "type": "Vehicle",
      "confidence": 1.0
    },
    "32": {
      "type": "Vehicle",
      "confidence": 1.0
    },
    "33": {
      "type": "Vehicle",
      "confidence": 1.0
    },
    "34": {
      "type": "Vehicle",
      "confidence": 1.0
    },
    "35": {
      "type": "Vehicle",
      "confidence": 1.0
    },
    "36": {
      "type": "Vehicle",
      "confidence": 1.0
    },
    "37": {
      "type": "Vehicle",
      "confidence": 1.0
    },
    "38": {
      "type": "Vehicle",
      "confidence": 1.0
    },
    "39": {
      "type": "Vehicle",
      "confidence": 1.0
    },
    "40": {
      "type": "Vehicle",
      "confidence": 1.0
    },
    "41": {
      "type": "Vehicle",
      "confidence": 1.0
    },
    "42": {
      "type": "Vehicle",
      "confidence": 1.0
    },
    "43": {
      "type": "Vehicle",
      "confidence": 1.0
    },
    "44": {
      "type": "Vehicle",
      "confidence": 1.0
    },
    "45": {
      "type": "Vehicle",
      "confidence": 1.0
    },
    "46": {
      "type": "Vehicle",
      "confidence": 1.0
    },
    "47": {
      "type": "Vehicle",
      "confidence": 1.0
    },
    "48": {
      "type": "Vehicle",
      "confidence": 1.0
    },
    "49": {
      "type": "Vehicle",
      "confidence": 1.0
    },
    "50": {
      "type": "Vehicle",
      "confidence": 1.0
    },
    "51": {
      "type": "Vehicle",
      "confidence": 1.0
    },
    "52": {
      "type": "Vehicle",
      "confidence": 1.0
    },
    "53": {
      "type": "Vehicle",
      "confidence": 1.0
    },
    "54": {
      "type": "Vehicle",
      "confidence": 1.0
    },
    "55": {
      "type": "Vehicle",
      "confidence": 1.0
    },
    "56": {
      "type": "Vehicle",
      "confidence": 1.0
    },
    "57": {
      "type": "Person",
      "confidence": 1.0
    },
    "58": {
      "type": "Person",
      "confidence": 1.0
    },
    "59": {
      "type": "Vehicle",
      "confidence": 1.0
    },
    "60": {
      "type": "Vehicle",
      "confidence": 1.0
    },
    "61": {
      "type": "Vehicle",
      "confidence": 1.0
    },
    "62": {
      "type": "Person",
      "confidence": 1.0
    },
    "63": {
      "type": "Person",
      "confidence": 1.0
    },
    "64": {
      "type": "Person",
      "confidence": 1.0
    },
    "65": {
      "type": "Vehicle",
      "confidence": 1.0
    },
    "66": {
      "type": "Vehicle",
      "confidence": 1.0
    },
    "5000": {
      "type": "Parking_Meter",
      "confidence": 1.0
    },
    "5001": {
      "type": "Dumpster",
      "confidence": 1.0
    },
    "5025": {
      "type": "Tree",
      "confidence": 1.0
    },
    "5030": {
      "type": "Door",
      "confidence": 1.0
    }
  }
}