{
  "meta": {
    "VIRAT_S_040001_03_001531_001595": "types",
    "Person": "3 instances",
    "Push_Pulled_Object": "1 instances",
    "Tree": "5 instances",
    "Vehicle": "7 instances"
  },
  "types": {
    "0": {
      "type": "Vehicle",
      "confidence": 1.0
    },
    "1": {
      "type": "Vehicle",
      "confidence": 1.0
    },
    "2": {
      "type": "Vehicle",
      "confidence": 1.0
    },
    "3": {
      "type": "Vehicle",
      "confidence": 1.0
    },
    "4": {
      "type": "Vehicle",
      "confidence": 1.0
    },
    "6": {
      "type": "Vehicle",
      "confidence": 1.0
    },
    "7": {
      "type": "Person",
      "confidence": 1.0
    },
    "8": {
      "type": "Person",
      "confidence": 1.0
    },
    "9": {
      "type": "Person",
      "confidence": 1.0
    },
    "10": {
      "type": "Push_Pulled_Object",
      "confidence": 1.0
    },
    "11": {
      "type": "Vehicle",
      "confidence": 1.0
    },
    "5000": {
      "type": "Tree",
      "confidence": 1.0
    },
    "5001": {
      "type": "Tree",
      "confidence": 1.0
    },
    "5002": {
      "type": "Tree",
      "confidence": 1.0
    },
    "5003": {
      "type": "Tree",
      "confidence": 1.0
    },
    "5004": {
      "type": "Tree",
      "confidence": 1.0
    }
  }
}