{
  "meta": {
    "VIRAT_S_000206_03_000500_000556": "types",
    "Bike": "1 instances",
    "Door": "1 instances",
    "Dumpster": "1 instances",
    "Parking_Meter": "1 instances",
    "Person": "7 instances",
    "Tree": "1 instances",
    "Vehicle": "35 instances"
  },
  "types": {
    "0": {
      "type": "Person",
      "confidence": 1.0
    },
    "1": {
      "type": "Vehicle",
      "confidence": 1.0
    },
    "2": {
      "type": "Person",
      "confidence": 1.0
    },
    "3": {
      "type": "Vehicle",
      "confidence": 1.0
    },
    "4": {
      "type": "Person",
      "confidence": 1.0
    },
    "5": {
      "type": "Vehicle",
      "confidence": 1.0
    },
    "6": {
      "type": "Person",
      "confidence": 1.0
    },
    "7": {
      "type": "Vehicle",
      "confidence": 1.0
    },
    "8": {
      "type": "Vehicle",
      "confidence": 1.0
    },
    "9": {
      "type": "Vehicle",
      "confidence": 1.0
    },
    "10": {
      "type": "Person",
      "confidence": 1.0
    },
    "11": {
      "type": "Person",
      "confidence": 1.0
    },
    "12": {
      "type": "Vehicle",
      "confidence": 1.0
    },
    "13": {
      "type": "Vehicle",
      "confidence": 1.0
    },
    "14": {
      "type": "Vehicle",
      "confidence": 1.0
    },
    "15": {
      "type": "Vehicle",
      "confidence": 1.0
    },
    "16": {
      "type": "Vehicle",
      "confidence": 1.0
    },
    "17": {
      "type": "Vehicle",
      "confidence": 1.0
    },
    "18": {
      "type": "Vehicle",
      "confidence": 1.0
    },
    "19": {
      "type": "Vehicle",
      "confidence": 1.0
    },
    "20": {
      "type": "Vehicle",
      "confidence": 1.0
    },
    "21": {
      "type": "Vehicle",
      "confidence": 1.0
    },
    "22": {
      "type": "Vehicle",
      "confidence": 1.0
    },
    "23": {
      "type": "Vehicle",
      "confidence": 1.0
    },
    "24": {
      "type": "Vehicle",
      "confidence": 1.0
    },
    "25": {
      "type": "Vehicle",
      "confidence": 1.0
    },
    "26": {
      "type": "Vehicle",
      "confidence": 1.0
    },
    "27": {
      "type": "Vehicle",
      "confidence": 1.0
    },
    "28": {
      "type": "Vehicle",
      "confidence": 1.0
    },
    "29": {
      "type": "Vehicle",
      "confidence": 1.0
    },
    "30": {
      "type": "Vehicle",
      "confidence": 1.0
    },
    "31": {
      "type": "Vehicle",
      "confidence": 1.0
    },
    "32": {
      "type": "Vehicle",
      "confidence": 1.0
    },
    "33": {
      "type": "Vehicle",
      "confidence": 1.0
    },
    "34": {
      "type": "Vehicle",
      "confidence": 1.0
    },
    "35": {
      "type": "Vehicle",
      "confidence": 1.0
    },
    "36": {
      "type": "Vehicle",
      "confidence": 1.0
    },
    "37": {
      "type": "Vehicle",
      "confidence": 1.0
    },
    "38": {
      "type": "Vehicle",
      "confidence": 1.0
    },
    "39": {
      "type": "Vehicle",
      "confidence": 1.0
    },
    "40": {
      "type": "Vehicle",
      "confidence": 1.0
    },
    "41": {
      "type": "Bike",
      "confidence": 1.0
    },
    "42": {
      "type": "Person",
      "confidence": 1.0
    },
    "5000": {
      "type": "Parking_Meter",
      "confidence": 1.0
    },
    "5001": {
      "type": "Dumpster",
      "confidence": 1.0
    },
    "5025": {
      "type": "Tree",
      "confidence": 1.0
    },
    "5030": {
      "type": "Door",
      "confidence": 1.0
    }
  }
}