{
  "meta": {
    "VIRAT_S_040000_03_000221_000372": "types",
    "Person": "8 instances",
    "Prop": "3 instances",
    "Push_Pulled_Object": "1 instances",
    "Tree": "5 instances",
    "Vehicle": "9 instances"
  },
  "types": {
    "0": {
      "type": "Person",
      "confidence": 1.0
    },
    "1": {
      "type": "Person",
      "confidence": 1.0
    },
    "2": {
      "type": "Vehicle",
      "confidence": 1.0
    },
    "3": {
      "type": "Vehicle",
      "confidence": 1.0
    },
    "4": {
      "type": "Person",
      "confidence": 1.0
    },
    "5": {
      "type": "Person",
      "confidence": 1.0
    },
    "6": {
      "type": "Vehicle",
      "confidence": 1.0
    },
    "8": {
      "type": "Vehicle",
      "confidence": 1.0
    },
    "9": {
      "type": "Person",
      "confidence": 1.0
    },
    "10": {
      "type": "Vehicle",
      "confidence": 1.0
    },
    "12": {
      "type": "Vehicle",
      "confidence": 1.0
    },
    "13": {
      "type": "Vehicle",
      "confidence": 1.0
    },
    "21": {
      "type": "Vehicle",
      "confidence": 1.0
    },
    "22": {
      "type": "Person",
      "confidence": 1.0
    },
    "23": {
      "type": "Vehicle",
      "confidence": 1.0
    },
    "31": {
      "type": "Person",
      "confidence": 1.0
    },
    "32": {
      "type": "Push_Pulled_Object",
      "confidence": 1.0
    },
    "33": {
      "type": "Prop",
      "confidence": 1.0
    },
    "34": {
      "type": "Prop",
      "confidence": 1.0
    },
    "35": {
      "type": "Prop",
      "confidence": 1.0
    },
    "36": {
      "type": "Person",
      "confidence": 1.0
    },
    "5000": {
      "type": "Tree",
      "confidence": 1.0
    },
    "5001": {
      "type": "Tree",
      "confidence": 1.0
    },
    "5002": {
      "type": "Tree",
      "confidence": 1.0
    },
    "5003": {
      "type": "Tree",
      "confidence": 1.0
    },
    "5004": {
      "type": "Tree",
      "confidence": 1.0
    }
  }
}