{
  "meta": {
    "VIRAT_S_040100_01_000347_000432": "types",
    "Person": "2 instances",
    "Tree": "10 instances",
    "Vehicle": "10 instances"
  },
  "types": {
    "0": {
      "type": "Person",
      "confidence": 1.0
    },
    "2": {
      "type": "Vehicle",
      "confidence": 1.0
    },
    "3": {
      "type": "Person",
      "confidence": 1.0
    },
    "4": {
      "type": "Vehicle",
      "confidence": 1.0
    },
    "5": {
      "type": "Vehicle",
      "confidence": 1.0
    },
    "6": {
      "type": "Vehicle",
      "confidence": 1.0
    },
    "7": {
      "type": "Vehicle",
      "confidence": 1.0
    },
    "8": {
      "type": "Vehicle",
      "confidence": 1.0
    },
    "9": {
      "type": "Vehicle",
      "confidence": 1.0
    },
    "10": {
      "type": "Vehicle",
      "confidence": 1.0
    },
    "11": {
      "type": "Vehicle",
      "confidence": 1.0
    },
    "12": {
      "type": "Vehicle",
      "confidence": 1.0
    },
    "5000": {
      "type": "Tree",
      "confidence": 1.0
    },
    "5001": {
      "type": "Tree",
      "confidence": 1.0
    },
    "5002": {
      "type": "Tree",
      "confidence": 1.0
    },
    "5003": {
      "type": "Tree",
      "confidence": 1.0
    },
    "5004": {
      "type": "Tree",
      "confidence": 1.0
    },
    "5006": {
      "type": "Tree",
      "confidence": 1.0
    },
    "5017": {
      "type": "Tree",
      "confidence": 1.0
    },
    "5048": {
      "type": "Tree",
      "confidence": 1.0
    },
    "5049": {
      "type": "Tree",
      "confidence": 1.0
    },
    "5050": {
      "type": "Tree",
      "confidence": 1.0
    }
  }
}