{
  "meta": {
    "VIRAT_S_040102_13_001557_001589": "types",
    "Person": "8 instances",
    "Push_Pulled_Object": "1 instances",
    "Tree": "10 instances",
    "Vehicle": "10 instances"
  },
  "types": {
    "0": {
      "type": "Vehicle",
      "confidence": 1.0
    },
    "1": {
      "type": "Vehicle",
      "confidence": 1.0
    },
    "2": {
      "type": "Vehicle",
      "confidence": 1.0
    },
    "3": {
      "type": "Vehicle",
      "confidence": 1.0
    },
    "4": {
      "type": "Vehicle",
      "confidence": 1.0
    },
    "5": {
      "type": "Vehicle",
      "confidence": 1.0
    },
    "6": {
      "type": "Vehicle",
      "confidence": 1.0
    },
    "7": {
      "type": "Vehicle",
      "confidence": 1.0
    },
    "8": {
      "type": "Vehicle",
      "confidence": 1.0
    },
    "9": {
      "type": "Vehicle",
      "confidence": 1.0
    },
    "10": {
      "type": "Person",
      "confidence": 1.0
    },
    "11": {
      "type": "Person",
      "confidence": 1.0
    },
    "12": {
      "type": "Person",
      "confidence": 1.0
    },
    "13": {
      "type": "Person",
      "confidence": 1.0
    },
    "14": {
      "type": "Person",
      "confidence": 1.0
    },
    "15": {
      "type": "Person",
      "confidence": 1.0
    },
    "16": {
      "type": "Person",
      "confidence": 1.0
    },
    "17": {
      "type": "Person",
      "confidence": 1.0
    },
    "18": {
      "type": "Push_Pulled_Object",
      "confidence": 1.0
    },
    "5000": {
      "type": "Tree",
      "confidence": 1.0
    },
    "5001": {
      "type": "Tree",
      "confidence": 1.0
    },
    "5002": {
      "type": "Tree",
      "confidence": 1.0
    },
    "5003": {
      "type": "Tree",
      "confidence": 1.0
    },
    "5004": {
      "type": "Tree",
      "confidence": 1.0
    },
    "5006": {
      "type": "Tree",
      "confidence": 1.0
    },
    "5017": {
      "type": "Tree",
      "confidence": 1.0
    },
    "5048": {
      "type": "Tree",
      "confidence": 1.0
    },
    "5049": {
      "type": "Tree",
      "confidence": 1.0
    },
    "5050": {
      "type": "Tree",
      "confidence": 1.0
    }
  }
}