{
  "meta": {
    "VIRAT_S_040005_00_000003_000058": "types",
    "Person": "2 instances",
    "Prop": "1 instances",
    "Tree": "5 instances",
    "Vehicle": "6 instances"
  },
  "types": {
    "0": {
      "type": "Vehicle",
      "confidence": 1.0
    },
    "1": {
      "type": "Vehicle",
      "confidence": 1.0
    },
    "2": {
      "type": "Vehicle",
      "confidence": 1.0
    },
    "3": {
      "type": "Vehicle",
      "confidence": 1.0
    },
    "5": {
      "type": "Vehicle",
      "confidence": 1.0
    },
    "7": {
      "type": "Vehicle",
      "confidence": 1.0
    },
    "10": {
      "type": "Prop",
      "confidence": 1.0
    },
    "11": {
      "type": "Person",
      "confidence": 1.0
    },
    "12": {
      "type": "Person",
      "confidence": 1.0
    },
    "5000": {
      "type": "Tree",
      "confidence": 1.0
    },
    "5001": {
      "type": "Tree",
      "confidence": 1.0
    },
    "5002": {
      "type": "Tree",
      "confidence": 1.0
    },
    "5003": {
      "type": "Tree",
      "confidence": 1.0
    },
    "5004": {
      "type": "Tree",
      "confidence": 1.0
    }
  }
}