{
  "meta": {
    "VIRAT_S_040005_07_001026_001223": "types",
    "Bike": "1 instances",
    "Person": "7 instances",
    "Prop": "3 instances",
    "Tree": "5 instances",
    "Vehicle": "5 instances"
  },
  "types": {
    "0": {
      "type": "Person",
      "confidence": 1.0
    },
    "1": {
      "type": "Prop",
      "confidence": 1.0
    },
    "2": {
      "type": "Prop",
      "confidence": 1.0
    },
    "3": {
      "type": "Person",
      "confidence": 1.0
    },
    "4": {
      "type": "Person",
      "confidence": 1.0
    },
    "5": {
      "type": "Person",
      "confidence": 1.0
    },
    "7": {
      "type": "Person",
      "confidence": 1.0
    },
    "8": {
      "type": "Prop",
      "confidence": 1.0
    },
    "9": {
      "type": "Person",
      "confidence": 1.0
    },
    "12": {
      "type": "Vehicle",
      "confidence": 1.0
    },
    "14": {
      "type": "Vehicle",
      "confidence": 1.0
    },
    "15": {
      "type": "Vehicle",
      "confidence": 1.0
    },
    "16": {
      "type": "Vehicle",
      "confidence": 1.0
    },
    "24": {
      "type": "Vehicle",
      "confidence": 1.0
    },
    "27": {
      "type": "Bike",
      "confidence": 1.0
    },
    "28": {
      "type": "Person",
      "confidence": 1.0
    },
    "5000": {
      "type": "Tree",
      "confidence": 1.0
    },
    "5001": {
      "type": "Tree",
      "confidence": 1.0
    },
    "5002": {
      "type": "Tree",
      "confidence": 1.0
    },
    "5003": {
      "type": "Tree",
      "confidence": 1.0
    },
    "5004": {
      "type": "Tree",
      "confidence": 1.0
    }
  }
}