{
  "meta": {
    "VIRAT_S_040000_02_000111_000145": "types",
    "Person": "1 instances",
    "Tree": "5 instances",
    "Vehicle": "5 instances"
  },
  "types": {
    "1": {
      "type": "Vehicle",
      "confidence": 1.0
    },
    "2": {
      "type": "Vehicle",
      "confidence": 1.0
    },
    "3": {
      "type": "Vehicle",
      "confidence": 1.0
    },
    "4": {
      "type": "Vehicle",
      "confidence": 1.0
    },
    "5": {
      "type": "Vehicle",
      "confidence": 1.0
    },
    "6": {
      "type": "Person",
      "confidence": 1.0
    },
    "5000": {
      "type": "Tree",
      "confidence": 1.0
    },
    "5001": {
      "type": "Tree",
      "confidence": 1.0
    },
    "5002": {
      "type": "Tree",
      "confidence": 1.0
    },
    "5003": {
      "type": "Tree",
      "confidence": 1.0
    },
    "5004": {
      "type": "Tree",
      "confidence": 1.0
    }
  }
}