{
  "meta": {
    "VIRAT_S_040101_02_000224_000440": "types",
    "Bike": "3 instances",
    "Person": "23 instances",
    "Prop": "6 instances",
    "Push_Pulled_Object": "2 instances",
    "Tree": "10 instances",
    "Vehicle": "13 instances"
  },
  "types": {
    "1": {
      "type": "Prop",
      "confidence": 1.0
    },
    "2": {
      "type": "Prop",
      "confidence": 1.0
    },
    "3": {
      "type": "Person",
      "confidence": 1.0
    },
    "4": {
      "type": "Person",
      "confidence": 1.0
    },
    "5": {
      "type": "Person",
      "confidence": 1.0
    },
    "6": {
      "type": "Person",
      "confidence": 1.0
    },
    "7": {
      "type": "Person",
      "confidence": 1.0
    },
    "8": {
      "type": "Prop",
      "confidence": 1.0
    },
    "9": {
      "type": "Person",
      "confidence": 1.0
    },
    "10": {
      "type": "Person",
      "confidence": 1.0
    },
    "11": {
      "type": "Push_Pulled_Object",
      "confidence": 1.0
    },
    "12": {
      "type": "Prop",
      "confidence": 1.0
    },
    "15": {
      "type": "Person",
      "confidence": 1.0
    },
    "16": {
      "type": "Person",
      "confidence": 1.0
    },
    "18": {
      "type": "Vehicle",
      "confidence": 1.0
    },
    "19": {
      "type": "Person",
      "confidence": 1.0
    },
    "20": {
      "type": "Person",
      "confidence": 1.0
    },
    "21": {
      "type": "Person",
      "confidence": 1.0
    },
    "24": {
      "type": "Person",
      "confidence": 1.0
    },
    "25": {
      "type": "Bike",
      "confidence": 1.0
    },
    "26": {
      "type": "Person",
      "confidence": 1.0
    },
    "27": {
      "type": "Bike",
      "confidence": 1.0
    },
    "28": {
      "type": "Bike",
      "confidence": 1.0
    },
    "29": {
      "type": "Vehicle",
      "confidence": 1.0
    },
    "30": {
      "type": "Vehicle",
      "confidence": 1.0
    },
    "31": {
      "type": "Vehicle",
      "confidence": 1.0
    },
    "32": {
      "type": "Vehicle",
      "confidence": 1.0
    },
    "33": {
      "type": "Vehicle",
      "confidence": 1.0
    },
    "34": {
      "type": "Vehicle",
      "confidence": 1.0
    },
    "37": {
      "type": "Vehicle",
      "confidence": 1.0
    },
    "38": {
      "type": "Vehicle",
      "confidence": 1.0
    },
    "39": {
      "type": "Person",
      "confidence": 1.0
    },
    "41": {
      "type": "Vehicle",
      "confidence": 1.0
    },
    "43": {
      "type": "Person",
      "confidence": 1.0
    },
    "44": {
      "type": "Push_Pulled_Object",
      "confidence": 1.0
    },
    "45": {
      "type": "Prop",
      "confidence": 1.0
    },
    "46": {
      "type": "Person",
      "confidence": 1.0
    },
    "51": {
      "type": "Vehicle",
      "confidence": 1.0
    },
    "54": {
      "type": "Person",
      "confidence": 1.0
    },
    "55": {
      "type": "Vehicle",
      "confidence": 1.0
    },
    "56": {
      "type": "Vehicle",
      "confidence": 1.0
    },
    "58": {
      "type": "Person",
      "confidence": 1.0
    },
    "60": {
      "type": "Prop",
      "confidence": 1.0
    },
    "70": {
      "type": "Person",
      "confidence": 1.0
    },
    "71": {
      "type": "Person",
      "confidence": 1.0
    },
    "72": {
      "type": "Person",
      "confidence": 1.0
    },
    "73": {
      "type": "Person",
      "confidence": 1.0
    },
    "5000": {
      "type": "Tree",
      "confidence": 1.0
    },
    "5001": {
      "type": "Tree",
      "confidence": 1.0
    },
    "5002": {
      "type": "Tree",
      "confidence": 1.0
    },
    "5003": {
      "type": "Tree",
      "confidence": 1.0
    },
    "5004": {
      "type": "Tree",
      "confidence": 1.0
    },
    "5006": {
      "type": "Tree",
      "confidence": 1.0
    },
    "5017": {
      "type": "Tree",
      "confidence": 1.0
    },
    "5048": {
      "type": "Tree",
      "confidence": 1.0
    },
    "5049": {
      "type": "Tree",
      "confidence": 1.0
    },
    "5050": {
      "type": "Tree",
      "confidence": 1.0
    }
  }
}