{
  "meta": {
    "VIRAT_S_000001": "types",
    "Other": "7 instances",
    "Person": "11 instances",
    "Vehicle": "3 instances"
  },
  "types": {
    "1": {
      "type": "Person",
      "confidence": 1.0
    },
    "3": {
      "type": "Vehicle",
      "confidence": 1.0
    },
    "4": {
      "type": "Person",
      "confidence": 1.0
    },
    "5": {
      "type": "Vehicle",
      "confidence": 1.0
    },
    "10": {
      "type": "Person",
      "confidence": 1.0
    },
    "11": {
      "type": "Vehicle",
      "confidence": 1.0
    },
    "13": {
      "type": "Person",
      "confidence": 1.0
    },
    "18": {
      "type": "Person",
      "confidence": 1.0
    },
    "19": {
      "type": "Person",
      "confidence": 1.0
    },
    "20": {
      "type": "Person",
      "confidence": 1.0
    },
    "21": {
      "type": "Person",
      "confidence": 1.0
    },
    "22": {
      "type": "Person",
      "confidence": 1.0
    },
    "23": {
      "type": "Person",
      "confidence": 1.0
    },
    "25": {
      "type": "Person",
      "confidence": 1.0
    },
    "30": {
      "type": "Other",
      "confidence": 1.0
    },
    "31": {
      "type": "Other",
      "confidence": 1.0
    },
    "32": {
      "type": "Other",
      "confidence": 1.0
    },
    "5000": {
      "type": "Other",
      "confidence": 1.0
    },
    "5001": {
      "type": "Other",
      "confidence": 1.0
    },
    "5002": {
      "type": "Other",
      "confidence": 1.0
    },
    "5003": {
      "type": "Other",
      "confidence": 1.0
    }
  }
}