{
  "meta": {
    "VIRAT_S_040003_04_000758_001118": "types",
    "Person": "8 instances",
    "Tree": "5 instances",
    "Vehicle": "13 instances"
  },
  "types": {
    "1": {
      "type": "Person",
      "confidence": 1.0
    },
    "2": {
      "type": "Person",
      "confidence": 1.0
    },
    "3": {
      "type": "Person",
      "confidence": 1.0
    },
    "4": {
      "type": "Person",
      "confidence": 1.0
    },
    "5": {
      "type": "Person",
      "confidence": 1.0
    },
    "6": {
      "type": "Person",
      "confidence": 1.0
    },
    "7": {
      "type": "Person",
      "confidence": 1.0
    },
    "8": {
      "type": "Person",
      "confidence": 1.0
    },
    "10": {
      "type": "Vehicle",
      "confidence": 1.0
    },
    "11": {
      "type": "Vehicle",
      "confidence": 1.0
    },
    "14": {
      "type": "Vehicle",
      "confidence": 1.0
    },
    "15": {
      "type": "Vehicle",
      "confidence": 1.0
    },
    "20": {
      "type": "Vehicle",
      "confidence": 1.0
    },
    "22": {
      "type": "Vehicle",
      "confidence": 1.0
    },
    "24": {
      "type": "Vehicle",
      "confidence": 1.0
    },
    "31": {
      "type": "Vehicle",
      "confidence": 1.0
    },
    "34": {
      "type": "Vehicle",
      "confidence": 1.0
    },
    "35": {
      "type": "Vehicle",
      "confidence": 1.0
    },
    "36": {
      "type": "Vehicle",
      "confidence": 1.0
    },
    "37": {
      "type": "Vehicle",
      "confidence": 1.0
    },
    "41": {
      "type": "Vehicle",
      "confidence": 1.0
    },
    "5000": {
      "type": "Tree",
      "confidence": 1.0
    },
    "5001": {
      "type": "Tree",
      "confidence": 1.0
    },
    "5002": {
      "type": "Tree",
      "confidence": 1.0
    },
    "5003": {
      "type": "Tree",
      "confidence": 1.0
    },
    "5004": {
      "type": "Tree",
      "confidence": 1.0
    }
  }
}