{
  "meta": {
    "VIRAT_S_000206_07_001501_001600": "types",
    "Door": "1 instances",
    "Dumpster": "1 instances",
    "Parking_Meter": "1 instances",
    "Person": "13 instances",
    "Tree": "1 instances",
    "Vehicle": "31 instances"
  },
  "types": {
    "1": {
      "type": "Person",
      "confidence": 1.0
    },
    "2": {
      "type": "Person",
      "confidence": 1.0
    },
    "3": {
      "type": "Person",
      "confidence": 1.0
    },
    "4": {
      "type": "Person",
      "confidence": 1.0
    },
    "10": {
      "type": "Vehicle",
      "confidence": 1.0
    },
    "11": {
      "type": "Person",
      "confidence": 1.0
    },
    "27": {
      "type": "Vehicle",
      "confidence": 1.0
    },
    "28": {
      "type": "Vehicle",
      "confidence": 1.0
    },
    "29": {
      "type": "Vehicle",
      "confidence": 1.0
    },
    "31": {
      "type": "Person",
      "confidence": 1.0
    },
    "33": {
      "type": "Person",
      "confidence": 1.0
    },
    "34": {
      "type": "Person",
      "confidence": 1.0
    },
    "35": {
      "type": "Person",
      "confidence": 1.0
    },
    "36": {
      "type": "Person",
      "confidence": 1.0
    },
    "37": {
      "type": "Person",
      "confidence": 1.0
    },
    "38": {
      "type": "Person",
      "confidence": 1.0
    },
    "39": {
      "type": "Vehicle",
      "confidence": 1.0
    },
    "40": {
      "type": "Vehicle",
      "confidence": 1.0
    },
    "41": {
      "type": "Vehicle",
      "confidence": 1.0
    },
    "42": {
      "type": "Vehicle",
      "confidence": 1.0
    },
    "43": {
      "type": "Vehicle",
      "confidence": 1.0
    },
    "44": {
      "type": "Vehicle",
      "confidence": 1.0
    },
    "45": {
      "type": "Vehicle",
      "confidence": 1.0
    },
    "46": {
      "type": "Vehicle",
      "confidence": 1.0
    },
    "47": {
      "type": "Vehicle",
      "confidence": 1.0
    },
    "48": {
      "type": "Vehicle",
      "confidence": 1.0
    },
    "49": {
      "type": "Vehicle",
      "confidence": 1.0
    },
    "50": {
      "type": "Person",
      "confidence": 1.0
    },
    "60": {
      "type": "Vehicle",
      "confidence": 1.0
    },
    "61": {
      "type": "Vehicle",
      "confidence": 1.0
    },
    "62": {
      "type": "Vehicle",
      "confidence": 1.0
    },
    "63": {
      "type": "Vehicle",
      "confidence": 1.0
    },
    "64": {
      "type": "Vehicle",
      "confidence": 1.0
    },
    "65": {
      "type": "Vehicle",
      "confidence": 1.0
    },
    "66": {
      "type": "Vehicle",
      "confidence": 1.0
    },
    "67": {
      "type": "Vehicle",
      "confidence": 1.0
    },
    "68": {
      "type": "Vehicle",
      "confidence": 1.0
    },
    "69": {
      "type": "Vehicle",
      "confidence": 1.0
    },
    "70": {
      "type": "Vehicle",
      "confidence": 1.0
    },
    "71": {
      "type": "Vehicle",
      "confidence": 1.0
    },
    "72": {
      "type": "Vehicle",
      "confidence": 1.0
    },
    "73": {
      "type": "Vehicle",
      "confidence": 1.0
    },
    "74": {
      "type": "Vehicle",
      "confidence": 1.0
    },
    "75": {
      "type": "Vehicle",
      "confidence": 1.0
    },
    "5000": {
      "type": "Parking_Meter",
      "confidence": 1.0
    },
    "5001": {
      "type": "Dumpster",
      "confidence": 1.0
    },
    "5025": {
      "type": "Tree",
      "confidence": 1.0
    },
    "5030": {
      "type": "Door",
      "confidence": 1.0
    }
  }
}