{
  "meta": {
    "VIRAT_S_040102_08_000986_001090": "types",
    "Bike": "1 instances",
    "Door": "1 instances",
    "Person": "12 instances",
    "Prop": "1 instances",
    "Tree": "10 instances",
    "Vehicle": "11 instances"
  },
  "types": {
    "0": {
      "type": "Vehicle",
      "confidence": 1.0
    },
    "1": {
      "type": "Vehicle",
      "confidence": 1.0
    },
    "2": {
      "type": "Vehicle",
      "confidence": 1.0
    },
    "4": {
      "type": "Vehicle",
      "confidence": 1.0
    },
    "5": {
      "type": "Vehicle",
      "confidence": 1.0
    },
    "6": {
      "type": "Vehicle",
      "confidence": 1.0
    },
    "7": {
      "type": "Vehicle",
      "confidence": 1.0
    },
    "8": {
      "type": "Vehicle",
      "confidence": 1.0
    },
    "9": {
      "type": "Vehicle",
      "confidence": 1.0
    },
    "10": {
      "type": "Person",
      "confidence": 1.0
    },
    "15": {
      "type": "Vehicle",
      "confidence": 1.0
    },
    "16": {
      "type": "Vehicle",
      "confidence": 1.0
    },
    "17": {
      "type": "Person",
      "confidence": 1.0
    },
    "18": {
      "type": "Person",
      "confidence": 1.0
    },
    "19": {
      "type": "Person",
      "confidence": 1.0
    },
    "20": {
      "type": "Prop",
      "confidence": 1.0
    },
    "22": {
      "type": "Person",
      "confidence": 1.0
    },
    "23": {
      "type": "Person",
      "confidence": 1.0
    },
    "24": {
      "type": "Person",
      "confidence": 1.0
    },
    "25": {
      "type": "Person",
      "confidence": 1.0
    },
    "55": {
      "type": "Person",
      "confidence": 1.0
    },
    "56": {
      "type": "Person",
      "confidence": 1.0
    },
    "57": {
      "type": "Person",
      "confidence": 1.0
    },
    "58": {
      "type": "Bike",
      "confidence": 1.0
    },
    "88": {
      "type": "Person",
      "confidence": 1.0
    },
    "5000": {
      "type": "Tree",
      "confidence": 1.0
    },
    "5001": {
      "type": "Tree",
      "confidence": 1.0
    },
    "5002": {
      "type": "Tree",
      "confidence": 1.0
    },
    "5003": {
      "type": "Tree",
      "confidence": 1.0
    },
    "5004": {
      "type": "Tree",
      "confidence": 1.0
    },
    "5005": {
      "type": "Door",
      "confidence": 1.0
    },
    "5006": {
      "type": "Tree",
      "confidence": 1.0
    },
    "5017": {
      "type": "Tree",
      "confidence": 1.0
    },
    "5048": {
      "type": "Tree",
      "confidence": 1.0
    },
    "5049": {
      "type": "Tree",
      "confidence": 1.0
    },
    "5050": {
      "type": "Tree",
      "confidence": 1.0
    }
  }
}