{
  "meta": {
    "VIRAT_S_040001_00_000035_000319": "types",
    "Bike": "1 instances",
    "Person": "10 instances",
    "Push_Pulled_Object": "2 instances",
    "Tree": "5 instances",
    "Vehicle": "9 instances"
  },
  "types": {
    "0": {
      "type": "Vehicle",
      "confidence": 1.0
    },
    "1": {
      "type": "Person",
      "confidence": 1.0
    },
    "2": {
      "type": "Person",
      "confidence": 1.0
    },
    "3": {
      "type": "Push_Pulled_Object",
      "confidence": 1.0
    },
    "5": {
      "type": "Person",
      "confidence": 1.0
    },
    "6": {
      "type": "Vehicle",
      "confidence": 1.0
    },
    "12": {
      "type": "Vehicle",
      "confidence": 1.0
    },
    "15": {
      "type": "Vehicle",
      "confidence": 1.0
    },
    "16": {
      "type": "Vehicle",
      "confidence": 1.0
    },
    "17": {
      "type": "Person",
      "confidence": 1.0
    },
    "20": {
      "type": "Person",
      "confidence": 1.0
    },
    "21": {
      "type": "Person",
      "confidence": 1.0
    },
    "22": {
      "type": "Vehicle",
      "confidence": 1.0
    },
    "27": {
      "type": "Person",
      "confidence": 1.0
    },
    "34": {
      "type": "Person",
      "confidence": 1.0
    },
    "35": {
      "type": "Person",
      "confidence": 1.0
    },
    "36": {
      "type": "Bike",
      "confidence": 1.0
    },
    "39": {
      "type": "Vehicle",
      "confidence": 1.0
    },
    "40": {
      "type": "Vehicle",
      "confidence": 1.0
    },
    "41": {
      "type": "Person",
      "confidence": 1.0
    },
    "52": {
      "type": "Vehicle",
      "confidence": 1.0
    },
    "54": {
      "type": "Push_Pulled_Object",
      "confidence": 1.0
    },
    "5000": {
      "type": "Tree",
      "confidence": 1.0
    },
    "5001": {
      "type": "Tree",
      "confidence": 1.0
    },
    "5002": {
      "type": "Tree",
      "confidence": 1.0
    },
    "5003": {
      "type": "Tree",
      "confidence": 1.0
    },
    "5004": {
      "type": "Tree",
      "confidence": 1.0
    }
  }
}