{
  "meta": {
    "VIRAT_S_000005": "types",
    "Other": "4 instances",
    "Person": "22 instances",
    "Prop": "4 instances",
    "Push_Pulled_Object": "3 instances",
    "Vehicle": "19 instances"
  },
  "types": {
    "0": {
      "type": "Person",
      "confidence": 1.0
    },
    "1": {
      "type": "Person",
      "confidence": 1.0
    },
    "2": {
      "type": "Person",
      "confidence": 1.0
    },
    "3": {
      "type": "Person",
      "confidence": 1.0
    },
    "4": {
      "type": "Person",
      "confidence": 1.0
    },
    "5": {
      "type": "Person",
      "confidence": 1.0
    },
    "6": {
      "type": "Vehicle",
      "confidence": 1.0
    },
    "7": {
      "type": "Person",
      "confidence": 1.0
    },
    "8": {
      "type": "Prop",
      "confidence": 1.0
    },
    "9": {
      "type": "Vehicle",
      "confidence": 1.0
    },
    "10": {
      "type": "Person",
      "confidence": 1.0
    },
    "11": {
      "type": "Person",
      "confidence": 1.0
    },
    "12": {
      "type": "Person",
      "confidence": 1.0
    },
    "13": {
      "type": "Person",
      "confidence": 1.0
    },
    "14": {
      "type": "Person",
      "confidence": 1.0
    },
    "15": {
      "type": "Prop",
      "confidence": 1.0
    },
    "16": {
      "type": "Person",
      "confidence": 1.0
    },
    "17": {
      "type": "Person",
      "confidence": 1.0
    },
    "18": {
      "type": "Vehicle",
      "confidence": 1.0
    },
    "19": {
      "type": "Person",
      "confidence": 1.0
    },
    "20": {
      "type": "Person",
      "confidence": 1.0
    },
    "21": {
      "type": "Person",
      "confidence": 1.0
    },
    "22": {
      "type": "Person",
      "confidence": 1.0
    },
    "23": {
      "type": "Person",
      "confidence": 1.0
    },
    "24": {
      "type": "Push_Pulled_Object",
      "confidence": 1.0
    },
    "25": {
      "type": "Vehicle",
      "confidence": 1.0
    },
    "26": {
      "type": "Person",
      "confidence": 1.0
    },
    "27": {
      "type": "Push_Pulled_Object",
      "confidence": 1.0
    },
    "28": {
      "type": "Prop",
      "confidence": 1.0
    },
    "29": {
      "type": "Prop",
      "confidence": 1.0
    },
    "30": {
      "type": "Person",
      "confidence": 1.0
    },
    "31": {
      "type": "Vehicle",
      "confidence": 1.0
    },
    "32": {
      "type": "Vehicle",
      "confidence": 1.0
    },
    "33": {
      "type": "Vehicle",
      "confidence": 1.0
    },
    "34": {
      "type": "Vehicle",
      "confidence": 1.0
    },
    "35": {
      "type": "Vehicle",
      "confidence": 1.0
    },
    "36": {
      "type": "Vehicle",
      "confidence": 1.0
    },
    "37": {
      "type": "Vehicle",
      "confidence": 1.0
    },
    "38": {
      "type": "Vehicle",
      "confidence": 1.0
    },
    "39": {
      "type": "Vehicle",
      "confidence": 1.0
    },
    "40": {
      "type": "Vehicle",
      "confidence": 1.0
    },
    "41": {
      "type": "Vehicle",
      "confidence": 1.0
    },
    "42": {
      "type": "Vehicle",
      "confidence": 1.0
    },
    "43": {
      "type": "Vehicle",
      "confidence": 1.0
    },
    "44": {
      "type": "Vehicle",
      "confidence": 1.0
    },
    "45": {
      "type": "Vehicle",
      "confidence": 1.0
    },
    "46": {
      "type": "Person",
      "confidence": 1.0
    },
    "47": {
      "type": "Push_Pulled_Object",
      "confidence": 1.0
    },
    "5000": {
      "type": "Other",
      "confidence": 1.0
    },
    "5001": {
      "type": "Other",
      "confidence": 1.0
    },
    "5002": {
      "type": "Other",
      "confidence": 1.0
    },
    "5003": {
      "type": "Other",
      "confidence": 1.0
    }
  }
}