{
  "meta": {
    "VIRAT_S_040004_00_000011_000093": "types",
    "Tree": "5 instances",
    "Vehicle": "7 instances"
  },
  "types": {
    "1": {
      "type": "Vehicle",
      "confidence": 1.0
    },
    "2": {
      "type": "Vehicle",
      "confidence": 1.0
    },
    "4": {
      "type": "Vehicle",
      "confidence": 1.0
    },
    "5": {
      "type": "Vehicle",
      "confidence": 1.0
    },
    "6": {
      "type": "Vehicle",
      "confidence": 1.0
    },
    "7": {
      "type": "Vehicle",
      "confidence": 1.0
    },
    "9": {
      "type": "Vehicle",
      "confidence": 1.0
    },
    "5000": {
      "type": "Tree",
      "confidence": 1.0
    },
    "5001": {
      "type": "Tree",
      "confidence": 1.0
    },
    "5002": {
      "type": "Tree",
      "confidence": 1.0
    },
    "5003": {
      "type": "Tree",
      "confidence": 1.0
    },
    "5004": {
      "type": "Tree",
      "confidence": 1.0
    }
  }
}