{
  "VIRAT_S_000000": {
    "camera_id": "VIRAT_S_000000",
    "location": "Desconocida",
    "priority": "media",
    "date": "2025-05-27",
    "activity_summary": {
      "total_activities": 13,
      "activities": [
        {
          "name": "Closing 1",
          "instances": 1,
          "participants": [
            "Person"
          ]
        },
        {
          "name": "Exiting 1",
          "instances": 1,
          "participants": [
            "Person"
          ]
        },
        {
          "name": "Interacts 5",
          "instances": 5,
          "participants": [
            "Person"
          ]
        },
        {
          "name": "Opening 2",
          "instances": 2,
          "participants": [
            "Person"
          ]
        },
        {
          "name": "Talking 1",
          "instances": 1,
          "participants": [
            "Person"
          ]
        },
        {
          "name": "Unloading 1",
          "instances": 1,
          "participants": [
            "Person"
          ]
        },
        {
          "name": "activity_carrying 4",
          "instances": 4,
          "participants": [
            "Person"
          ]
        },
        {
          "name": "activity_standing 6",
          "instances": 6,
          "participants": [
            "Person"
          ]
        },
        {
          "name": "activity_walking 5",
          "instances": 5,
          "participants": [
            "Person"
          ]
        },
        {
          "name": "specialized_miscellaneous 1",
          "instances": 1,
          "participants": [
            "Person"
          ]
        },
        {
          "name": "vehicle_moving 6",
          "instances": 6,
          "participants": [
            "Vehicle"
          ]
        },
        {
          "name": "vehicle_starting 1",
          "instances": 1,
          "participants": [
            "Vehicle"
          ]
        },
        {
          "name": "vehicle_stopping 2",
          "instances": 2,
          "participants": [
            "Vehicle"
          ]
        }
      ]
    },
    "object_counts": {
      "Door 1": 1,
      "Dumpster 1": 1,
      "Parking_Meter 1": 1,
      "Person 8": 8,
      "Tree 1": 1,
      "Vehicle 27": 27
    },
    "specific_activities": [
      {
        "activity_id": 1,
        "type": "Talking",
        "duration_frames": 1283,
        "participants": [
          33,
          32,
          35
        ],
        "participant_types": [
          "Person",
          "Person",
          "Person"
        ]
      },
      {
        "activity_id": 2,
        "type": "Interacts",
        "duration_frames": 19,
        "participants": [
          34,
          5000
        ],
        "participant_types": [
          "Person",
          "Parking_Meter"
        ]
      },
      {
        "activity_id": 3,
        "type": "Interacts",
        "duration_frames": 162,
        "participants": [
          34,
          5000
        ],
        "participant_types": [
          "Person",
          "Parking_Meter"
        ]
      },
      {
        "activity_id": 4,
        "type": "Interacts",
        "duration_frames": 156,
        "participants": [
          34,
          5000
        ],
        "participant_types": [
          "Person",
          "Parking_Meter"
        ]
      },
      {
        "activity_id": 5,
        "type": "Interacts",
        "duration_frames": 29,
        "participants": [
          34,
          5000
        ],
        "participant_types": [
          "Person",
          "Parking_Meter"
        ]
      },
      {
        "activity_id": 6,
        "type": "Interacts",
        "duration_frames": 744,
        "participants": [
          34,
          5000
        ],
        "participant_types": [
          "Person",
          "Parking_Meter"
        ]
      },
      {
        "activity_id": 7,
        "type": "Unloading",
        "duration_frames": 83,
        "participants": [
          1,
          2
        ],
        "participant_types": [
          "Person",
          "Vehicle"
        ]
      },
      {
        "activity_id": 8,
        "type": "Exiting",
        "duration_frames": 239,
        "participants": [
          2,
          1
        ],
        "participant_types": [
          "Vehicle",
          "Person"
        ]
      },
      {
        "activity_id": 9,
        "type": "Opening",
        "duration_frames": 51,
        "participants": [
          2,
          1
        ],
        "participant_types": [
          "Vehicle",
          "Person"
        ]
      },
      {
        "activity_id": 10,
        "type": "Opening",
        "duration_frames": 40,
        "participants": [
          2,
          1
        ],
        "participant_types": [
          "Vehicle",
          "Person"
        ]
      },
      {
        "activity_id": 11,
        "type": "Closing",
        "duration_frames": 50,
        "participants": [
          1,
          2
        ],
        "participant_types": [
          "Person",
          "Vehicle"
        ]
      },
      {
        "activity_id": 12,
        "type": "activity_standing",
        "duration_frames": 1283,
        "participants": [
          32
        ],
        "participant_types": [
          "Person"
        ]
      },
      {
        "activity_id": 13,
        "type": "activity_standing",
        "duration_frames": 130,
        "participants": [
          30
        ],
        "participant_types": [
          "Person"
        ]
      },
      {
        "activity_id": 14,
        "type": "activity_standing",
        "duration_frames": 674,
        "participants": [
          1
        ],
        "participant_types": [
          "Person"
        ]
      },
      {
        "activity_id": 15,
        "type": "activity_standing",
        "duration_frames": 1283,
        "participants": [
          34
        ],
        "participant_types": [
          "Person"
        ]
      },
      {
        "activity_id": 16,
        "type": "activity_standing",
        "duration_frames": 1283,
        "participants": [
          35
        ],
        "participant_types": [
          "Person"
        ]
      },
      {
        "activity_id": 17,
        "type": "activity_standing",
        "duration_frames": 1283,
        "participants": [
          33
        ],
        "participant_types": [
          "Person"
        ]
      },
      {
        "activity_id": 18,
        "type": "specialized_miscellaneous",
        "duration_frames": 211,
        "participants": [
          1
        ],
        "participant_types": [
          "Person"
        ]
      },
      {
        "activity_id": 19,
        "type": "activity_walking",
        "duration_frames": 1189,
        "participants": [
          23
        ],
        "participant_types": [
          "Person"
        ]
      },
      {
        "activity_id": 20,
        "type": "activity_walking",
        "duration_frames": 583,
        "participants": [
          2
        ],
        "participant_types": [
          "Vehicle"
        ]
      },
      {
        "activity_id": 21,
        "type": "activity_walking",
        "duration_frames": 345,
        "participants": [
          31
        ],
        "participant_types": [
          "Person"
        ]
      },
      {
        "activity_id": 22,
        "type": "activity_walking",
        "duration_frames": 993,
        "participants": [
          30
        ],
        "participant_types": [
          "Person"
        ]
      },
      {
        "activity_id": 23,
        "type": "activity_walking",
        "duration_frames": 158,
        "participants": [
          30
        ],
        "participant_types": [
          "Person"
        ]
      },
      {
        "activity_id": 24,
        "type": "vehicle_moving",
        "duration_frames": 258,
        "participants": [
          27
        ],
        "participant_types": [
          "Vehicle"
        ]
      },
      {
        "activity_id": 25,
        "type": "vehicle_moving",
        "duration_frames": 180,
        "participants": [
          28
        ],
        "participant_types": [
          "Vehicle"
        ]
      },
      {
        "activity_id": 26,
        "type": "vehicle_moving",
        "duration_frames": 169,
        "participants": [
          25
        ],
        "participant_types": [
          "Vehicle"
        ]
      },
      {
        "activity_id": 27,
        "type": "vehicle_moving",
        "duration_frames": 156,
        "participants": [
          26
        ],
        "participant_types": [
          "Vehicle"
        ]
      },
      {
        "activity_id": 28,
        "type": "vehicle_moving",
        "duration_frames": 386,
        "participants": [
          24
        ],
        "participant_types": [
          "Vehicle"
        ]
      },
      {
        "activity_id": 29,
        "type": "vehicle_moving",
        "duration_frames": 77,
        "participants": [
          29
        ],
        "participant_types": [
          "Vehicle"
        ]
      },
      {
        "activity_id": 30,
        "type": "activity_carrying",
        "duration_frames": 1283,
        "participants": [
          33
        ],
        "participant_types": [
          "Person"
        ]
      },
      {
        "activity_id": 31,
        "type": "activity_carrying",
        "duration_frames": 485,
        "participants": [
          30
        ],
        "participant_types": [
          "Person"
        ]
      },
      {
        "activity_id": 32,
        "type": "activity_carrying",
        "duration_frames": 335,
        "participants": [
          31
        ],
        "participant_types": [
          "Person"
        ]
      },
      {
        "activity_id": 33,
        "type": "activity_carrying",
        "duration_frames": 687,
        "participants": [
          2
        ],
        "participant_types": [
          "Vehicle"
        ]
      },
      {
        "activity_id": 34,
        "type": "vehicle_stopping",
        "duration_frames": 52,
        "participants": [
          27
        ],
        "participant_types": [
          "Vehicle"
        ]
      },
      {
        "activity_id": 35,
        "type": "vehicle_stopping",
        "duration_frames": 92,
        "participants": [
          24
        ],
        "participant_types": [
          "Vehicle"
        ]
      },
      {
        "activity_id": 36,
        "type": "vehicle_starting",
        "duration_frames": 40,
        "participants": [
          24
        ],
        "participant_types": [
          "Vehicle"
        ]
      }
    ],
    "alerts": []
  }
}