{
  "VIRAT_S_000000": {
    "camera_id": "VIRAT_S_000000",
    "location": "Desconocida",
    "priority": "media",
    "date": "2025-05-27",
    "activity_summary": {
      "total_activities": 12,
      "activities": [
        {
          "name": "Entering 1",
          "instances": 1,
          "participants": [
            "Person"
          ]
        },
        {
          "name": "Opening 1",
          "instances": 1,
          "participants": [
            "Person"
          ]
        },
        {
          "name": "PickUp_Person_Vehicle 1",
          "instances": 1,
          "participants": [
            "Person"
          ]
        },
        {
          "name": "Riding 1",
          "instances": 1,
          "participants": [
            "Person"
          ]
        },
        {
          "name": "activity_carrying 1",
          "instances": 1,
          "participants": [
            "Person"
          ]
        },
        {
          "name": "activity_gesturing 1",
          "instances": 1,
          "participants": [
            "Person"
          ]
        },
        {
          "name": "activity_standing 2",
          "instances": 2,
          "participants": [
            "Person"
          ]
        },
        {
          "name": "activity_walking 1",
          "instances": 1,
          "participants": [
            "Person"
          ]
        },
        {
          "name": "vehicle_moving 9",
          "instances": 9,
          "participants": [
            "Vehicle"
          ]
        },
        {
          "name": "vehicle_starting 2",
          "instances": 2,
          "participants": [
            "Vehicle"
          ]
        },
        {
          "name": "vehicle_stopping 4",
          "instances": 4,
          "participants": [
            "Vehicle"
          ]
        },
        {
          "name": "vehicle_turning_right 2",
          "instances": 2,
          "participants": [
            "Vehicle"
          ]
        }
      ]
    },
    "object_counts": {
      "Bike 1": 1,
      "Door 1": 1,
      "Dumpster 1": 1,
      "Parking_Meter 1": 1,
      "Person 2": 2,
      "Tree 1": 1,
      "Vehicle 15": 15
    },
    "specific_activities": [
      {
        "activity_id": 1,
        "type": "Riding",
        "duration_frames": 629,
        "participants": [
          16,
          17
        ],
        "participant_types": [
          "Person",
          "Bike"
        ]
      },
      {
        "activity_id": 2,
        "type": "PickUp_Person_Vehicle",
        "duration_frames": 73,
        "participants": [
          1,
          2
        ],
        "participant_types": [
          "Person",
          "Vehicle"
        ]
      },
      {
        "activity_id": 3,
        "type": "Entering",
        "duration_frames": 72,
        "participants": [
          1,
          2
        ],
        "participant_types": [
          "Person",
          "Vehicle"
        ]
      },
      {
        "activity_id": 4,
        "type": "Opening",
        "duration_frames": 39,
        "participants": [
          1,
          2
        ],
        "participant_types": [
          "Person",
          "Vehicle"
        ]
      },
      {
        "activity_id": 5,
        "type": "vehicle_moving",
        "duration_frames": 443,
        "participants": [
          10
        ],
        "participant_types": [
          "Vehicle"
        ]
      },
      {
        "activity_id": 6,
        "type": "vehicle_moving",
        "duration_frames": 119,
        "participants": [
          11
        ],
        "participant_types": [
          "Vehicle"
        ]
      },
      {
        "activity_id": 7,
        "type": "vehicle_moving",
        "duration_frames": 35,
        "participants": [
          13
        ],
        "participant_types": [
          "Vehicle"
        ]
      },
      {
        "activity_id": 8,
        "type": "vehicle_moving",
        "duration_frames": 303,
        "participants": [
          15
        ],
        "participant_types": [
          "Vehicle"
        ]
      },
      {
        "activity_id": 9,
        "type": "vehicle_moving",
        "duration_frames": 116,
        "participants": [
          12
        ],
        "participant_types": [
          "Vehicle"
        ]
      },
      {
        "activity_id": 10,
        "type": "vehicle_moving",
        "duration_frames": 124,
        "participants": [
          14
        ],
        "participant_types": [
          "Vehicle"
        ]
      },
      {
        "activity_id": 11,
        "type": "vehicle_moving",
        "duration_frames": 618,
        "participants": [
          17
        ],
        "participant_types": [
          "Bike"
        ]
      },
      {
        "activity_id": 12,
        "type": "vehicle_moving",
        "duration_frames": 217,
        "participants": [
          2
        ],
        "participant_types": [
          "Vehicle"
        ]
      },
      {
        "activity_id": 13,
        "type": "vehicle_moving",
        "duration_frames": 187,
        "participants": [
          2
        ],
        "participant_types": [
          "Vehicle"
        ]
      },
      {
        "activity_id": 14,
        "type": "vehicle_starting",
        "duration_frames": 137,
        "participants": [
          2
        ],
        "participant_types": [
          "Vehicle"
        ]
      },
      {
        "activity_id": 15,
        "type": "vehicle_starting",
        "duration_frames": 110,
        "participants": [
          10
        ],
        "participant_types": [
          "Vehicle"
        ]
      },
      {
        "activity_id": 16,
        "type": "activity_gesturing",
        "duration_frames": 80,
        "participants": [
          1
        ],
        "participant_types": [
          "Person"
        ]
      },
      {
        "activity_id": 17,
        "type": "activity_walking",
        "duration_frames": 196,
        "participants": [
          1
        ],
        "participant_types": [
          "Person"
        ]
      },
      {
        "activity_id": 18,
        "type": "vehicle_stopping",
        "duration_frames": 91,
        "participants": [
          2
        ],
        "participant_types": [
          "Vehicle"
        ]
      },
      {
        "activity_id": 19,
        "type": "vehicle_stopping",
        "duration_frames": 109,
        "participants": [
          15
        ],
        "participant_types": [
          "Vehicle"
        ]
      },
      {
        "activity_id": 20,
        "type": "vehicle_stopping",
        "duration_frames": 42,
        "participants": [
          15
        ],
        "participant_types": [
          "Vehicle"
        ]
      },
      {
        "activity_id": 21,
        "type": "vehicle_stopping",
        "duration_frames": 35,
        "participants": [
          11
        ],
        "participant_types": [
          "Vehicle"
        ]
      },
      {
        "activity_id": 22,
        "type": "activity_carrying",
        "duration_frames": 659,
        "participants": [
          1
        ],
        "participant_types": [
          "Person"
        ]
      },
      {
        "activity_id": 23,
        "type": "activity_standing",
        "duration_frames": 413,
        "participants": [
          1
        ],
        "participant_types": [
          "Person"
        ]
      },
      {
        "activity_id": 24,
        "type": "activity_standing",
        "duration_frames": 48,
        "participants": [
          1
        ],
        "participant_types": [
          "Person"
        ]
      },
      {
        "activity_id": 25,
        "type": "vehicle_turning_right",
        "duration_frames": 231,
        "participants": [
          10
        ],
        "participant_types": [
          "Vehicle"
        ]
      },
      {
        "activity_id": 26,
        "type": "vehicle_turning_right",
        "duration_frames": 101,
        "participants": [
          2
        ],
        "participant_types": [
          "Vehicle"
        ]
      }
    ],
    "alerts": []
  }
}