{
  "VIRAT_S_000000": {
    "camera_id": "VIRAT_S_000000",
    "location": "Desconocida",
    "priority": "media",
    "date": "2025-05-27",
    "activity_summary": {
      "total_activities": 15,
      "activities": [
        {
          "name": "Closing 4",
          "instances": 4,
          "participants": [
            "Person"
          ]
        },
        {
          "name": "Entering 3",
          "instances": 3,
          "participants": [
            "Person"
          ]
        },
        {
          "name": "Loading 2",
          "instances": 2,
          "participants": [
            "Person"
          ]
        },
        {
          "name": "Open_Trunk 1",
          "instances": 1,
          "participants": [
            "Person"
          ]
        },
        {
          "name": "Opening 4",
          "instances": 4,
          "participants": [
            "Person"
          ]
        },
        {
          "name": "Riding 1",
          "instances": 1,
          "participants": [
            "Person"
          ]
        },
        {
          "name": "Transport_HeavyCarry 1",
          "instances": 1,
          "participants": [
            "Person"
          ]
        },
        {
          "name": "activity_carrying 4",
          "instances": 4,
          "participants": [
            "Person"
          ]
        },
        {
          "name": "activity_standing 3",
          "instances": 3,
          "participants": [
            "Person"
          ]
        },
        {
          "name": "activity_walking 12",
          "instances": 12,
          "participants": [
            "Person"
          ]
        },
        {
          "name": "vehicle_moving 8",
          "instances": 8,
          "participants": [
            "Vehicle"
          ]
        },
        {
          "name": "vehicle_starting 5",
          "instances": 5,
          "participants": [
            "Vehicle"
          ]
        },
        {
          "name": "vehicle_stopping 4",
          "instances": 4,
          "participants": [
            "Vehicle"
          ]
        },
        {
          "name": "vehicle_turning_left 4",
          "instances": 4,
          "participants": [
            "Vehicle"
          ]
        },
        {
          "name": "vehicle_turning_right 4",
          "instances": 4,
          "participants": [
            "Vehicle"
          ]
        }
      ]
    },
    "object_counts": {
      "Bike 1": 1,
      "Door 1": 1,
      "Person 12": 12,
      "Prop 1": 1,
      "Tree 10": 10,
      "Vehicle 11": 11
    },
    "specific_activities": [
      {
        "activity_id": 1,
        "type": "Riding",
        "duration_frames": 444,
        "participants": [
          56,
          58
        ],
        "participant_types": [
          "Person",
          "Bike"
        ]
      },
      {
        "activity_id": 2,
        "type": "Open_Trunk",
        "duration_frames": 121,
        "participants": [
          55,
          0
        ],
        "participant_types": [
          "Person",
          "Vehicle"
        ]
      },
      {
        "activity_id": 3,
        "type": "Loading",
        "duration_frames": 90,
        "participants": [
          88,
          16
        ],
        "participant_types": [
          "Person",
          "Vehicle"
        ]
      },
      {
        "activity_id": 4,
        "type": "Loading",
        "duration_frames": 223,
        "participants": [
          55,
          20,
          0
        ],
        "participant_types": [
          "Person",
          "Prop",
          "Vehicle"
        ]
      },
      {
        "activity_id": 5,
        "type": "Transport_HeavyCarry",
        "duration_frames": 627,
        "participants": [
          55,
          20
        ],
        "participant_types": [
          "Person",
          "Prop"
        ]
      },
      {
        "activity_id": 6,
        "type": "Entering",
        "duration_frames": 151,
        "participants": [
          17,
          5005
        ],
        "participant_types": [
          "Person",
          "Door"
        ]
      },
      {
        "activity_id": 7,
        "type": "Entering",
        "duration_frames": 174,
        "participants": [
          88,
          16
        ],
        "participant_types": [
          "Person",
          "Vehicle"
        ]
      },
      {
        "activity_id": 8,
        "type": "Entering",
        "duration_frames": 172,
        "participants": [
          55,
          0
        ],
        "participant_types": [
          "Person",
          "Vehicle"
        ]
      },
      {
        "activity_id": 9,
        "type": "Opening",
        "duration_frames": 67,
        "participants": [
          17,
          5005
        ],
        "participant_types": [
          "Person",
          "Door"
        ]
      },
      {
        "activity_id": 10,
        "type": "Opening",
        "duration_frames": 71,
        "participants": [
          16,
          88
        ],
        "participant_types": [
          "Vehicle",
          "Person"
        ]
      },
      {
        "activity_id": 11,
        "type": "Opening",
        "duration_frames": 80,
        "participants": [
          88,
          16
        ],
        "participant_types": [
          "Person",
          "Vehicle"
        ]
      },
      {
        "activity_id": 12,
        "type": "Opening",
        "duration_frames": 53,
        "participants": [
          55,
          0
        ],
        "participant_types": [
          "Person",
          "Vehicle"
        ]
      },
      {
        "activity_id": 13,
        "type": "Closing",
        "duration_frames": 28,
        "participants": [
          88,
          16
        ],
        "participant_types": [
          "Person",
          "Vehicle"
        ]
      },
      {
        "activity_id": 14,
        "type": "Closing",
        "duration_frames": 59,
        "participants": [
          88,
          16
        ],
        "participant_types": [
          "Person",
          "Vehicle"
        ]
      },
      {
        "activity_id": 15,
        "type": "Closing",
        "duration_frames": 28,
        "participants": [
          0,
          55
        ],
        "participant_types": [
          "Vehicle",
          "Person"
        ]
      },
      {
        "activity_id": 16,
        "type": "Closing",
        "duration_frames": 38,
        "participants": [
          0,
          55
        ],
        "participant_types": [
          "Vehicle",
          "Person"
        ]
      },
      {
        "activity_id": 17,
        "type": "vehicle_moving",
        "duration_frames": 153,
        "participants": [
          16
        ],
        "participant_types": [
          "Vehicle"
        ]
      },
      {
        "activity_id": 18,
        "type": "vehicle_moving",
        "duration_frames": 41,
        "participants": [
          16
        ],
        "participant_types": [
          "Vehicle"
        ]
      },
      {
        "activity_id": 19,
        "type": "vehicle_moving",
        "duration_frames": 281,
        "participants": [
          16
        ],
        "participant_types": [
          "Vehicle"
        ]
      },
      {
        "activity_id": 20,
        "type": "vehicle_moving",
        "duration_frames": 400,
        "participants": [
          0
        ],
        "participant_types": [
          "Vehicle"
        ]
      },
      {
        "activity_id": 21,
        "type": "vehicle_moving",
        "duration_frames": 235,
        "participants": [
          0
        ],
        "participant_types": [
          "Vehicle"
        ]
      },
      {
        "activity_id": 22,
        "type": "vehicle_moving",
        "duration_frames": 312,
        "participants": [
          0
        ],
        "participant_types": [
          "Vehicle"
        ]
      },
      {
        "activity_id": 23,
        "type": "vehicle_moving",
        "duration_frames": 40,
        "participants": [
          2
        ],
        "participant_types": [
          "Vehicle"
        ]
      },
      {
        "activity_id": 24,
        "type": "vehicle_moving",
        "duration_frames": 438,
        "participants": [
          58
        ],
        "participant_types": [
          "Bike"
        ]
      },
      {
        "activity_id": 25,
        "type": "activity_standing",
        "duration_frames": 327,
        "participants": [
          55
        ],
        "participant_types": [
          "Person"
        ]
      },
      {
        "activity_id": 26,
        "type": "activity_standing",
        "duration_frames": 159,
        "participants": [
          55
        ],
        "participant_types": [
          "Person"
        ]
      },
      {
        "activity_id": 27,
        "type": "activity_standing",
        "duration_frames": 779,
        "participants": [
          88
        ],
        "participant_types": [
          "Person"
        ]
      },
      {
        "activity_id": 28,
        "type": "activity_walking",
        "duration_frames": 141,
        "participants": [
          57
        ],
        "participant_types": [
          "Person"
        ]
      },
      {
        "activity_id": 29,
        "type": "activity_walking",
        "duration_frames": 740,
        "participants": [
          88
        ],
        "participant_types": [
          "Person"
        ]
      },
      {
        "activity_id": 30,
        "type": "activity_walking",
        "duration_frames": 189,
        "participants": [
          24
        ],
        "participant_types": [
          "Person"
        ]
      },
      {
        "activity_id": 31,
        "type": "activity_walking",
        "duration_frames": 311,
        "participants": [
          18
        ],
        "participant_types": [
          "Person"
        ]
      },
      {
        "activity_id": 32,
        "type": "activity_walking",
        "duration_frames": 149,
        "participants": [
          23
        ],
        "participant_types": [
          "Person"
        ]
      },
      {
        "activity_id": 33,
        "type": "activity_walking",
        "duration_frames": 239,
        "participants": [
          25
        ],
        "participant_types": [
          "Person"
        ]
      },
      {
        "activity_id": 34,
        "type": "activity_walking",
        "duration_frames": 394,
        "participants": [
          55
        ],
        "participant_types": [
          "Person"
        ]
      },
      {
        "activity_id": 35,
        "type": "activity_walking",
        "duration_frames": 55,
        "participants": [
          55
        ],
        "participant_types": [
          "Person"
        ]
      },
      {
        "activity_id": 36,
        "type": "activity_walking",
        "duration_frames": 414,
        "participants": [
          17
        ],
        "participant_types": [
          "Person"
        ]
      },
      {
        "activity_id": 37,
        "type": "activity_walking",
        "duration_frames": 139,
        "participants": [
          19
        ],
        "participant_types": [
          "Person"
        ]
      },
      {
        "activity_id": 38,
        "type": "activity_walking",
        "duration_frames": 398,
        "participants": [
          10
        ],
        "participant_types": [
          "Person"
        ]
      },
      {
        "activity_id": 39,
        "type": "activity_walking",
        "duration_frames": 598,
        "participants": [
          22
        ],
        "participant_types": [
          "Person"
        ]
      },
      {
        "activity_id": 40,
        "type": "vehicle_stopping",
        "duration_frames": 36,
        "participants": [
          16
        ],
        "participant_types": [
          "Vehicle"
        ]
      },
      {
        "activity_id": 41,
        "type": "vehicle_stopping",
        "duration_frames": 19,
        "participants": [
          16
        ],
        "participant_types": [
          "Vehicle"
        ]
      },
      {
        "activity_id": 42,
        "type": "vehicle_stopping",
        "duration_frames": 77,
        "participants": [
          0
        ],
        "participant_types": [
          "Vehicle"
        ]
      },
      {
        "activity_id": 43,
        "type": "vehicle_stopping",
        "duration_frames": 33,
        "participants": [
          0
        ],
        "participant_types": [
          "Vehicle"
        ]
      },
      {
        "activity_id": 44,
        "type": "activity_carrying",
        "duration_frames": 414,
        "participants": [
          17
        ],
        "participant_types": [
          "Person"
        ]
      },
      {
        "activity_id": 45,
        "type": "activity_carrying",
        "duration_frames": 795,
        "participants": [
          88
        ],
        "participant_types": [
          "Person"
        ]
      },
      {
        "activity_id": 46,
        "type": "activity_carrying",
        "duration_frames": 398,
        "participants": [
          10
        ],
        "participant_types": [
          "Person"
        ]
      },
      {
        "activity_id": 47,
        "type": "activity_carrying",
        "duration_frames": 598,
        "participants": [
          22
        ],
        "participant_types": [
          "Person"
        ]
      },
      {
        "activity_id": 48,
        "type": "vehicle_turning_right",
        "duration_frames": 207,
        "participants": [
          16
        ],
        "participant_types": [
          "Vehicle"
        ]
      },
      {
        "activity_id": 49,
        "type": "vehicle_turning_right",
        "duration_frames": 39,
        "participants": [
          0
        ],
        "participant_types": [
          "Vehicle"
        ]
      },
      {
        "activity_id": 50,
        "type": "vehicle_turning_right",
        "duration_frames": 209,
        "participants": [
          0
        ],
        "participant_types": [
          "Vehicle"
        ]
      },
      {
        "activity_id": 51,
        "type": "vehicle_turning_right",
        "duration_frames": 153,
        "participants": [
          0
        ],
        "participant_types": [
          "Vehicle"
        ]
      },
      {
        "activity_id": 52,
        "type": "vehicle_turning_left",
        "duration_frames": 282,
        "participants": [
          0
        ],
        "participant_types": [
          "Vehicle"
        ]
      },
      {
        "activity_id": 53,
        "type": "vehicle_turning_left",
        "duration_frames": 45,
        "participants": [
          0
        ],
        "participant_types": [
          "Vehicle"
        ]
      },
      {
        "activity_id": 54,
        "type": "vehicle_turning_left",
        "duration_frames": 25,
        "participants": [
          0
        ],
        "participant_types": [
          "Vehicle"
        ]
      },
      {
        "activity_id": 55,
        "type": "vehicle_turning_left",
        "duration_frames": 31,
        "participants": [
          16
        ],
        "participant_types": [
          "Vehicle"
        ]
      },
      {
        "activity_id": 56,
        "type": "vehicle_starting",
        "duration_frames": 49,
        "participants": [
          16
        ],
        "participant_types": [
          "Vehicle"
        ]
      },
      {
        "activity_id": 57,
        "type": "vehicle_starting",
        "duration_frames": 19,
        "participants": [
          16
        ],
        "participant_types": [
          "Vehicle"
        ]
      },
      {
        "activity_id": 58,
        "type": "vehicle_starting",
        "duration_frames": 39,
        "participants": [
          16
        ],
        "participant_types": [
          "Vehicle"
        ]
      },
      {
        "activity_id": 59,
        "type": "vehicle_starting",
        "duration_frames": 41,
        "participants": [
          0
        ],
        "participant_types": [
          "Vehicle"
        ]
      },
      {
        "activity_id": 60,
        "type": "vehicle_starting",
        "duration_frames": 34,
        "participants": [
          0
        ],
        "participant_types": [
          "Vehicle"
        ]
      }
    ],
    "alerts": []
  }
}