{
  "VIRAT_S_000000": {
    "camera_id": "VIRAT_S_000000",
    "location": "Desconocida",
    "priority": "media",
    "date": "2025-05-27",
    "activity_summary": {
      "total_activities": 7,
      "activities": [
        {
          "name": "Interacts 1",
          "instances": 1,
          "participants": [
            "Person"
          ]
        },
        {
          "name": "Misc 2",
          "instances": 2,
          "participants": [
            "Person"
          ]
        },
        {
          "name": "activity_crouching 1",
          "instances": 1,
          "participants": [
            "Person"
          ]
        },
        {
          "name": "activity_walking 5",
          "instances": 5,
          "participants": [
            "Person"
          ]
        },
        {
          "name": "vehicle_moving 1",
          "instances": 1,
          "participants": [
            "Vehicle"
          ]
        },
        {
          "name": "vehicle_turning_left 1",
          "instances": 1,
          "participants": [
            "Vehicle"
          ]
        },
        {
          "name": "vehicle_turning_right 1",
          "instances": 1,
          "participants": [
            "Vehicle"
          ]
        }
      ]
    },
    "object_counts": {
      "Animal 1": 1,
      "Person 5": 5,
      "Tree 5": 5,
      "Vehicle 8": 8
    },
    "specific_activities": [
      {
        "activity_id": 1,
        "type": "Interacts",
        "duration_frames": 116,
        "participants": [
          15,
          10
        ],
        "participant_types": [
          "Animal",
          "Person"
        ]
      },
      {
        "activity_id": 2,
        "type": "Misc",
        "duration_frames": 803,
        "participants": [
          10,
          15
        ],
        "participant_types": [
          "Person",
          "Animal"
        ]
      },
      {
        "activity_id": 3,
        "type": "Misc",
        "duration_frames": 427,
        "participants": [
          15,
          10
        ],
        "participant_types": [
          "Animal",
          "Person"
        ]
      },
      {
        "activity_id": 4,
        "type": "activity_walking",
        "duration_frames": 231,
        "participants": [
          1
        ],
        "participant_types": [
          "Person"
        ]
      },
      {
        "activity_id": 5,
        "type": "activity_walking",
        "duration_frames": 1799,
        "participants": [
          7
        ],
        "participant_types": [
          "Person"
        ]
      },
      {
        "activity_id": 6,
        "type": "activity_walking",
        "duration_frames": 783,
        "participants": [
          10
        ],
        "participant_types": [
          "Person"
        ]
      },
      {
        "activity_id": 7,
        "type": "activity_walking",
        "duration_frames": 436,
        "participants": [
          10
        ],
        "participant_types": [
          "Person"
        ]
      },
      {
        "activity_id": 8,
        "type": "activity_walking",
        "duration_frames": 132,
        "participants": [
          11
        ],
        "participant_types": [
          "Person"
        ]
      },
      {
        "activity_id": 9,
        "type": "vehicle_moving",
        "duration_frames": 320,
        "participants": [
          0
        ],
        "participant_types": [
          "Vehicle"
        ]
      },
      {
        "activity_id": 10,
        "type": "vehicle_turning_left",
        "duration_frames": 44,
        "participants": [
          0
        ],
        "participant_types": [
          "Vehicle"
        ]
      },
      {
        "activity_id": 11,
        "type": "activity_crouching",
        "duration_frames": 117,
        "participants": [
          10
        ],
        "participant_types": [
          "Person"
        ]
      },
      {
        "activity_id": 12,
        "type": "vehicle_turning_right",
        "duration_frames": 30,
        "participants": [
          0
        ],
        "participant_types": [
          "Vehicle"
        ]
      }
    ],
    "alerts": []
  }
}