{
  "VIRAT_S_000000": {
    "camera_id": "VIRAT_S_000000",
    "location": "Desconocida",
    "priority": "media",
    "date": "2025-05-27",
    "activity_summary": {
      "total_activities": 19,
      "activities": [
        {
          "name": "Closing 5",
          "instances": 5,
          "participants": [
            "Person"
          ]
        },
        {
          "name": "Entering 1",
          "instances": 1,
          "participants": [
            "Person"
          ]
        },
        {
          "name": "Exiting 3",
          "instances": 3,
          "participants": [
            "Person"
          ]
        },
        {
          "name": "Interacts 4",
          "instances": 4,
          "participants": [
            "Person"
          ]
        },
        {
          "name": "Opening 3",
          "instances": 3,
          "participants": [
            "Person"
          ]
        },
        {
          "name": "activity_carrying 16",
          "instances": 16,
          "participants": [
            "Person"
          ]
        },
        {
          "name": "activity_running 1",
          "instances": 1,
          "participants": [
            "Person"
          ]
        },
        {
          "name": "activity_sitting 1",
          "instances": 1,
          "participants": [
            "Person"
          ]
        },
        {
          "name": "activity_standing 11",
          "instances": 11,
          "participants": [
            "Person"
          ]
        },
        {
          "name": "activity_walking 25",
          "instances": 25,
          "participants": [
            "Person"
          ]
        },
        {
          "name": "specialized_miscellaneous 1",
          "instances": 1,
          "participants": [
            "Person"
          ]
        },
        {
          "name": "specialized_talking_phone 3",
          "instances": 3,
          "participants": [
            "Person"
          ]
        },
        {
          "name": "specialized_texting_phone 3",
          "instances": 3,
          "participants": [
            "Person"
          ]
        },
        {
          "name": "specialized_using_tool 1",
          "instances": 1,
          "participants": [
            "Person"
          ]
        },
        {
          "name": "vehicle_moving 30",
          "instances": 30,
          "participants": [
            "Vehicle"
          ]
        },
        {
          "name": "vehicle_starting 12",
          "instances": 12,
          "participants": [
            "Vehicle"
          ]
        },
        {
          "name": "vehicle_stopping 17",
          "instances": 17,
          "participants": [
            "Vehicle"
          ]
        },
        {
          "name": "vehicle_turning_left 3",
          "instances": 3,
          "participants": [
            "Vehicle"
          ]
        },
        {
          "name": "vehicle_turning_right 4",
          "instances": 4,
          "participants": [
            "Vehicle"
          ]
        }
      ]
    },
    "object_counts": {
      "Door 1": 1,
      "Dumpster 1": 1,
      "Parking_Meter 1": 1,
      "Person 21": 21,
      "Tree 1": 1,
      "Vehicle 91": 91
    },
    "specific_activities": [
      {
        "activity_id": 1,
        "type": "Interacts",
        "duration_frames": 1011,
        "participants": [
          111,
          68
        ],
        "participant_types": [
          "Person",
          "Vehicle"
        ]
      },
      {
        "activity_id": 2,
        "type": "Interacts",
        "duration_frames": 1410,
        "participants": [
          96,
          5000
        ],
        "participant_types": [
          "Person",
          "Parking_Meter"
        ]
      },
      {
        "activity_id": 3,
        "type": "Interacts",
        "duration_frames": 59,
        "participants": [
          96,
          5000
        ],
        "participant_types": [
          "Person",
          "Parking_Meter"
        ]
      },
      {
        "activity_id": 4,
        "type": "Interacts",
        "duration_frames": 326,
        "participants": [
          109,
          68
        ],
        "participant_types": [
          "Person",
          "Vehicle"
        ]
      },
      {
        "activity_id": 5,
        "type": "Exiting",
        "duration_frames": 40,
        "participants": [
          96,
          27
        ],
        "participant_types": [
          "Person",
          "Vehicle"
        ]
      },
      {
        "activity_id": 6,
        "type": "Exiting",
        "duration_frames": 77,
        "participants": [
          108,
          66
        ],
        "participant_types": [
          "Person",
          "Vehicle"
        ]
      },
      {
        "activity_id": 7,
        "type": "Exiting",
        "duration_frames": 56,
        "participants": [
          109,
          68
        ],
        "participant_types": [
          "Person",
          "Vehicle"
        ]
      },
      {
        "activity_id": 8,
        "type": "Entering",
        "duration_frames": 250,
        "participants": [
          92,
          27
        ],
        "participant_types": [
          "Person",
          "Vehicle"
        ]
      },
      {
        "activity_id": 9,
        "type": "Opening",
        "duration_frames": 59,
        "participants": [
          92,
          27
        ],
        "participant_types": [
          "Person",
          "Vehicle"
        ]
      },
      {
        "activity_id": 10,
        "type": "Opening",
        "duration_frames": 24,
        "participants": [
          108,
          66
        ],
        "participant_types": [
          "Person",
          "Vehicle"
        ]
      },
      {
        "activity_id": 11,
        "type": "Opening",
        "duration_frames": 35,
        "participants": [
          109,
          68
        ],
        "participant_types": [
          "Person",
          "Vehicle"
        ]
      },
      {
        "activity_id": 12,
        "type": "Closing",
        "duration_frames": 52,
        "participants": [
          92,
          27
        ],
        "participant_types": [
          "Person",
          "Vehicle"
        ]
      },
      {
        "activity_id": 13,
        "type": "Closing",
        "duration_frames": 30,
        "participants": [
          96,
          27
        ],
        "participant_types": [
          "Person",
          "Vehicle"
        ]
      },
      {
        "activity_id": 14,
        "type": "Closing",
        "duration_frames": 48,
        "participants": [
          109,
          68
        ],
        "participant_types": [
          "Person",
          "Vehicle"
        ]
      },
      {
        "activity_id": 15,
        "type": "Closing",
        "duration_frames": 37,
        "participants": [
          66,
          108
        ],
        "participant_types": [
          "Vehicle",
          "Person"
        ]
      },
      {
        "activity_id": 16,
        "type": "Closing",
        "duration_frames": 29,
        "participants": [
          111,
          68
        ],
        "participant_types": [
          "Person",
          "Vehicle"
        ]
      },
      {
        "activity_id": 17,
        "type": "specialized_texting_phone",
        "duration_frames": 415,
        "participants": [
          94
        ],
        "participant_types": [
          "Person"
        ]
      },
      {
        "activity_id": 18,
        "type": "specialized_texting_phone",
        "duration_frames": 293,
        "participants": [
          94
        ],
        "participant_types": [
          "Person"
        ]
      },
      {
        "activity_id": 19,
        "type": "specialized_texting_phone",
        "duration_frames": 46,
        "participants": [
          94
        ],
        "participant_types": [
          "Person"
        ]
      },
      {
        "activity_id": 20,
        "type": "vehicle_stopping",
        "duration_frames": 67,
        "participants": [
          88
        ],
        "participant_types": [
          "Vehicle"
        ]
      },
      {
        "activity_id": 21,
        "type": "vehicle_stopping",
        "duration_frames": 67,
        "participants": [
          86
        ],
        "participant_types": [
          "Vehicle"
        ]
      },
      {
        "activity_id": 22,
        "type": "vehicle_stopping",
        "duration_frames": 60,
        "participants": [
          68
        ],
        "participant_types": [
          "Vehicle"
        ]
      },
      {
        "activity_id": 23,
        "type": "vehicle_stopping",
        "duration_frames": 53,
        "participants": [
          66
        ],
        "participant_types": [
          "Vehicle"
        ]
      },
      {
        "activity_id": 24,
        "type": "vehicle_stopping",
        "duration_frames": 29,
        "participants": [
          74
        ],
        "participant_types": [
          "Vehicle"
        ]
      },
      {
        "activity_id": 25,
        "type": "vehicle_stopping",
        "duration_frames": 51,
        "participants": [
          69
        ],
        "participant_types": [
          "Vehicle"
        ]
      },
      {
        "activity_id": 26,
        "type": "vehicle_stopping",
        "duration_frames": 66,
        "participants": [
          69
        ],
        "participant_types": [
          "Vehicle"
        ]
      },
      {
        "activity_id": 27,
        "type": "vehicle_stopping",
        "duration_frames": 36,
        "participants": [
          69
        ],
        "participant_types": [
          "Vehicle"
        ]
      },
      {
        "activity_id": 28,
        "type": "vehicle_stopping",
        "duration_frames": 107,
        "participants": [
          69
        ],
        "participant_types": [
          "Vehicle"
        ]
      },
      {
        "activity_id": 29,
        "type": "vehicle_stopping",
        "duration_frames": 33,
        "participants": [
          78
        ],
        "participant_types": [
          "Vehicle"
        ]
      },
      {
        "activity_id": 30,
        "type": "vehicle_stopping",
        "duration_frames": 54,
        "participants": [
          75
        ],
        "participant_types": [
          "Vehicle"
        ]
      },
      {
        "activity_id": 31,
        "type": "vehicle_stopping",
        "duration_frames": 54,
        "participants": [
          85
        ],
        "participant_types": [
          "Vehicle"
        ]
      },
      {
        "activity_id": 32,
        "type": "vehicle_stopping",
        "duration_frames": 30,
        "participants": [
          71
        ],
        "participant_types": [
          "Vehicle"
        ]
      },
      {
        "activity_id": 33,
        "type": "vehicle_stopping",
        "duration_frames": 55,
        "participants": [
          84
        ],
        "participant_types": [
          "Vehicle"
        ]
      },
      {
        "activity_id": 34,
        "type": "vehicle_stopping",
        "duration_frames": 55,
        "participants": [
          84
        ],
        "participant_types": [
          "Vehicle"
        ]
      },
      {
        "activity_id": 35,
        "type": "vehicle_stopping",
        "duration_frames": 54,
        "participants": [
          70
        ],
        "participant_types": [
          "Vehicle"
        ]
      },
      {
        "activity_id": 36,
        "type": "vehicle_stopping",
        "duration_frames": 40,
        "participants": [
          82
        ],
        "participant_types": [
          "Vehicle"
        ]
      },
      {
        "activity_id": 37,
        "type": "vehicle_moving",
        "duration_frames": 605,
        "participants": [
          68
        ],
        "participant_types": [
          "Vehicle"
        ]
      },
      {
        "activity_id": 38,
        "type": "vehicle_moving",
        "duration_frames": 361,
        "participants": [
          88
        ],
        "participant_types": [
          "Vehicle"
        ]
      },
      {
        "activity_id": 39,
        "type": "vehicle_moving",
        "duration_frames": 201,
        "participants": [
          67
        ],
        "participant_types": [
          "Vehicle"
        ]
      },
      {
        "activity_id": 40,
        "type": "vehicle_moving",
        "duration_frames": 328,
        "participants": [
          76
        ],
        "participant_types": [
          "Vehicle"
        ]
      },
      {
        "activity_id": 41,
        "type": "vehicle_moving",
        "duration_frames": 365,
        "participants": [
          75
        ],
        "participant_types": [
          "Vehicle"
        ]
      },
      {
        "activity_id": 42,
        "type": "vehicle_moving",
        "duration_frames": 652,
        "participants": [
          69
        ],
        "participant_types": [
          "Vehicle"
        ]
      },
      {
        "activity_id": 43,
        "type": "vehicle_moving",
        "duration_frames": 258,
        "participants": [
          69
        ],
        "participant_types": [
          "Vehicle"
        ]
      },
      {
        "activity_id": 44,
        "type": "vehicle_moving",
        "duration_frames": 711,
        "participants": [
          69
        ],
        "participant_types": [
          "Vehicle"
        ]
      },
      {
        "activity_id": 45,
        "type": "vehicle_moving",
        "duration_frames": 139,
        "participants": [
          91
        ],
        "participant_types": [
          "Vehicle"
        ]
      },
      {
        "activity_id": 46,
        "type": "vehicle_moving",
        "duration_frames": 177,
        "participants": [
          87
        ],
        "participant_types": [
          "Vehicle"
        ]
      },
      {
        "activity_id": 47,
        "type": "vehicle_moving",
        "duration_frames": 301,
        "participants": [
          81
        ],
        "participant_types": [
          "Vehicle"
        ]
      },
      {
        "activity_id": 48,
        "type": "vehicle_moving",
        "duration_frames": 134,
        "participants": [
          83
        ],
        "participant_types": [
          "Vehicle"
        ]
      },
      {
        "activity_id": 49,
        "type": "vehicle_moving",
        "duration_frames": 129,
        "participants": [
          73
        ],
        "participant_types": [
          "Vehicle"
        ]
      },
      {
        "activity_id": 50,
        "type": "vehicle_moving",
        "duration_frames": 325,
        "participants": [
          79
        ],
        "participant_types": [
          "Vehicle"
        ]
      },
      {
        "activity_id": 51,
        "type": "vehicle_moving",
        "duration_frames": 141,
        "participants": [
          77
        ],
        "participant_types": [
          "Vehicle"
        ]
      },
      {
        "activity_id": 52,
        "type": "vehicle_moving",
        "duration_frames": 338,
        "participants": [
          82
        ],
        "participant_types": [
          "Vehicle"
        ]
      },
      {
        "activity_id": 53,
        "type": "vehicle_moving",
        "duration_frames": 142,
        "participants": [
          89
        ],
        "participant_types": [
          "Vehicle"
        ]
      },
      {
        "activity_id": 54,
        "type": "vehicle_moving",
        "duration_frames": 187,
        "participants": [
          112
        ],
        "participant_types": [
          "Vehicle"
        ]
      },
      {
        "activity_id": 55,
        "type": "vehicle_moving",
        "duration_frames": 167,
        "participants": [
          70
        ],
        "participant_types": [
          "Vehicle"
        ]
      },
      {
        "activity_id": 56,
        "type": "vehicle_moving",
        "duration_frames": 393,
        "participants": [
          70
        ],
        "participant_types": [
          "Vehicle"
        ]
      },
      {
        "activity_id": 57,
        "type": "vehicle_moving",
        "duration_frames": 386,
        "participants": [
          86
        ],
        "participant_types": [
          "Vehicle"
        ]
      },
      {
        "activity_id": 58,
        "type": "vehicle_moving",
        "duration_frames": 307,
        "participants": [
          74
        ],
        "participant_types": [
          "Vehicle"
        ]
      },
      {
        "activity_id": 59,
        "type": "vehicle_moving",
        "duration_frames": 976,
        "participants": [
          66
        ],
        "participant_types": [
          "Vehicle"
        ]
      },
      {
        "activity_id": 60,
        "type": "vehicle_moving",
        "duration_frames": 200,
        "participants": [
          78
        ],
        "participant_types": [
          "Vehicle"
        ]
      },
      {
        "activity_id": 61,
        "type": "vehicle_moving",
        "duration_frames": 126,
        "participants": [
          78
        ],
        "participant_types": [
          "Vehicle"
        ]
      },
      {
        "activity_id": 62,
        "type": "vehicle_moving",
        "duration_frames": 142,
        "participants": [
          80
        ],
        "participant_types": [
          "Vehicle"
        ]
      },
      {
        "activity_id": 63,
        "type": "vehicle_moving",
        "duration_frames": 167,
        "participants": [
          90
        ],
        "participant_types": [
          "Vehicle"
        ]
      },
      {
        "activity_id": 64,
        "type": "vehicle_moving",
        "duration_frames": 487,
        "participants": [
          85
        ],
        "participant_types": [
          "Vehicle"
        ]
      },
      {
        "activity_id": 65,
        "type": "vehicle_moving",
        "duration_frames": 339,
        "participants": [
          71
        ],
        "participant_types": [
          "Vehicle"
        ]
      },
      {
        "activity_id": 66,
        "type": "vehicle_moving",
        "duration_frames": 418,
        "participants": [
          84
        ],
        "participant_types": [
          "Vehicle"
        ]
      },
      {
        "activity_id": 67,
        "type": "activity_walking",
        "duration_frames": 90,
        "participants": [
          114
        ],
        "participant_types": [
          "Person"
        ]
      },
      {
        "activity_id": 68,
        "type": "activity_walking",
        "duration_frames": 45,
        "participants": [
          113
        ],
        "participant_types": [
          "Person"
        ]
      },
      {
        "activity_id": 69,
        "type": "activity_walking",
        "duration_frames": 637,
        "participants": [
          100
        ],
        "participant_types": [
          "Person"
        ]
      },
      {
        "activity_id": 70,
        "type": "activity_walking",
        "duration_frames": 204,
        "participants": [
          100
        ],
        "participant_types": [
          "Person"
        ]
      },
      {
        "activity_id": 71,
        "type": "activity_walking",
        "duration_frames": 393,
        "participants": [
          103
        ],
        "participant_types": [
          "Person"
        ]
      },
      {
        "activity_id": 72,
        "type": "activity_walking",
        "duration_frames": 478,
        "participants": [
          98
        ],
        "participant_types": [
          "Person"
        ]
      },
      {
        "activity_id": 73,
        "type": "activity_walking",
        "duration_frames": 120,
        "participants": [
          107
        ],
        "participant_types": [
          "Person"
        ]
      },
      {
        "activity_id": 74,
        "type": "activity_walking",
        "duration_frames": 858,
        "participants": [
          104
        ],
        "participant_types": [
          "Person"
        ]
      },
      {
        "activity_id": 75,
        "type": "activity_walking",
        "duration_frames": 618,
        "participants": [
          99
        ],
        "participant_types": [
          "Person"
        ]
      },
      {
        "activity_id": 76,
        "type": "activity_walking",
        "duration_frames": 579,
        "participants": [
          102
        ],
        "participant_types": [
          "Person"
        ]
      },
      {
        "activity_id": 77,
        "type": "activity_walking",
        "duration_frames": 413,
        "participants": [
          111
        ],
        "participant_types": [
          "Person"
        ]
      },
      {
        "activity_id": 78,
        "type": "activity_walking",
        "duration_frames": 687,
        "participants": [
          93
        ],
        "participant_types": [
          "Person"
        ]
      },
      {
        "activity_id": 79,
        "type": "activity_walking",
        "duration_frames": 81,
        "participants": [
          93
        ],
        "participant_types": [
          "Person"
        ]
      },
      {
        "activity_id": 80,
        "type": "activity_walking",
        "duration_frames": 1708,
        "participants": [
          93
        ],
        "participant_types": [
          "Person"
        ]
      },
      {
        "activity_id": 81,
        "type": "activity_walking",
        "duration_frames": 463,
        "participants": [
          97
        ],
        "participant_types": [
          "Person"
        ]
      },
      {
        "activity_id": 82,
        "type": "activity_walking",
        "duration_frames": 605,
        "participants": [
          108
        ],
        "participant_types": [
          "Person"
        ]
      },
      {
        "activity_id": 83,
        "type": "activity_walking",
        "duration_frames": 304,
        "participants": [
          92
        ],
        "participant_types": [
          "Person"
        ]
      },
      {
        "activity_id": 84,
        "type": "activity_walking",
        "duration_frames": 218,
        "participants": [
          92
        ],
        "participant_types": [
          "Person"
        ]
      },
      {
        "activity_id": 85,
        "type": "activity_walking",
        "duration_frames": 613,
        "participants": [
          92
        ],
        "participant_types": [
          "Person"
        ]
      },
      {
        "activity_id": 86,
        "type": "activity_walking",
        "duration_frames": 1791,
        "participants": [
          94
        ],
        "participant_types": [
          "Person"
        ]
      },
      {
        "activity_id": 87,
        "type": "activity_walking",
        "duration_frames": 808,
        "participants": [
          105
        ],
        "participant_types": [
          "Person"
        ]
      },
      {
        "activity_id": 88,
        "type": "activity_walking",
        "duration_frames": 802,
        "participants": [
          101
        ],
        "participant_types": [
          "Person"
        ]
      },
      {
        "activity_id": 89,
        "type": "activity_walking",
        "duration_frames": 490,
        "participants": [
          96
        ],
        "participant_types": [
          "Person"
        ]
      },
      {
        "activity_id": 90,
        "type": "activity_walking",
        "duration_frames": 558,
        "participants": [
          96
        ],
        "participant_types": [
          "Person"
        ]
      },
      {
        "activity_id": 91,
        "type": "activity_walking",
        "duration_frames": 816,
        "participants": [
          106
        ],
        "participant_types": [
          "Person"
        ]
      },
      {
        "activity_id": 92,
        "type": "activity_sitting",
        "duration_frames": 149,
        "participants": [
          108
        ],
        "participant_types": [
          "Person"
        ]
      },
      {
        "activity_id": 93,
        "type": "activity_carrying",
        "duration_frames": 552,
        "participants": [
          102
        ],
        "participant_types": [
          "Person"
        ]
      },
      {
        "activity_id": 94,
        "type": "activity_carrying",
        "duration_frames": 618,
        "participants": [
          99
        ],
        "participant_types": [
          "Person"
        ]
      },
      {
        "activity_id": 95,
        "type": "activity_carrying",
        "duration_frames": 45,
        "participants": [
          113
        ],
        "participant_types": [
          "Person"
        ]
      },
      {
        "activity_id": 96,
        "type": "activity_carrying",
        "duration_frames": 253,
        "participants": [
          111
        ],
        "participant_types": [
          "Person"
        ]
      },
      {
        "activity_id": 97,
        "type": "activity_carrying",
        "duration_frames": 3878,
        "participants": [
          93
        ],
        "participant_types": [
          "Person"
        ]
      },
      {
        "activity_id": 98,
        "type": "activity_carrying",
        "duration_frames": 445,
        "participants": [
          97
        ],
        "participant_types": [
          "Person"
        ]
      },
      {
        "activity_id": 99,
        "type": "activity_carrying",
        "duration_frames": 665,
        "participants": [
          108
        ],
        "participant_types": [
          "Person"
        ]
      },
      {
        "activity_id": 100,
        "type": "activity_carrying",
        "duration_frames": 1382,
        "participants": [
          92
        ],
        "participant_types": [
          "Person"
        ]
      },
      {
        "activity_id": 101,
        "type": "activity_carrying",
        "duration_frames": 907,
        "participants": [
          100
        ],
        "participant_types": [
          "Person"
        ]
      },
      {
        "activity_id": 102,
        "type": "activity_carrying",
        "duration_frames": 449,
        "participants": [
          98
        ],
        "participant_types": [
          "Person"
        ]
      },
      {
        "activity_id": 103,
        "type": "activity_carrying",
        "duration_frames": 789,
        "participants": [
          101
        ],
        "participant_types": [
          "Person"
        ]
      },
      {
        "activity_id": 104,
        "type": "activity_carrying",
        "duration_frames": 177,
        "participants": [
          94
        ],
        "participant_types": [
          "Person"
        ]
      },
      {
        "activity_id": 105,
        "type": "activity_carrying",
        "duration_frames": 211,
        "participants": [
          94
        ],
        "participant_types": [
          "Person"
        ]
      },
      {
        "activity_id": 106,
        "type": "activity_carrying",
        "duration_frames": 80,
        "participants": [
          107
        ],
        "participant_types": [
          "Person"
        ]
      },
      {
        "activity_id": 107,
        "type": "activity_carrying",
        "duration_frames": 3237,
        "participants": [
          96
        ],
        "participant_types": [
          "Person"
        ]
      },
      {
        "activity_id": 108,
        "type": "activity_carrying",
        "duration_frames": 741,
        "participants": [
          106
        ],
        "participant_types": [
          "Person"
        ]
      },
      {
        "activity_id": 109,
        "type": "vehicle_turning_right",
        "duration_frames": 334,
        "participants": [
          69
        ],
        "participant_types": [
          "Vehicle"
        ]
      },
      {
        "activity_id": 110,
        "type": "vehicle_turning_right",
        "duration_frames": 131,
        "participants": [
          69
        ],
        "participant_types": [
          "Vehicle"
        ]
      },
      {
        "activity_id": 111,
        "type": "vehicle_turning_right",
        "duration_frames": 94,
        "participants": [
          69
        ],
        "participant_types": [
          "Vehicle"
        ]
      },
      {
        "activity_id": 112,
        "type": "vehicle_turning_right",
        "duration_frames": 158,
        "participants": [
          66
        ],
        "participant_types": [
          "Vehicle"
        ]
      },
      {
        "activity_id": 113,
        "type": "specialized_talking_phone",
        "duration_frames": 580,
        "participants": [
          102
        ],
        "participant_types": [
          "Person"
        ]
      },
      {
        "activity_id": 114,
        "type": "specialized_talking_phone",
        "duration_frames": 118,
        "participants": [
          94
        ],
        "participant_types": [
          "Person"
        ]
      },
      {
        "activity_id": 115,
        "type": "specialized_talking_phone",
        "duration_frames": 43,
        "participants": [
          94
        ],
        "participant_types": [
          "Person"
        ]
      },
      {
        "activity_id": 116,
        "type": "activity_running",
        "duration_frames": 521,
        "participants": [
          95
        ],
        "participant_types": [
          "Person"
        ]
      },
      {
        "activity_id": 117,
        "type": "specialized_using_tool",
        "duration_frames": 3878,
        "participants": [
          93
        ],
        "participant_types": [
          "Person"
        ]
      },
      {
        "activity_id": 118,
        "type": "specialized_miscellaneous",
        "duration_frames": 119,
        "participants": [
          104
        ],
        "participant_types": [
          "Person"
        ]
      },
      {
        "activity_id": 119,
        "type": "vehicle_turning_left",
        "duration_frames": 155,
        "participants": [
          66
        ],
        "participant_types": [
          "Vehicle"
        ]
      },
      {
        "activity_id": 120,
        "type": "vehicle_turning_left",
        "duration_frames": 82,
        "participants": [
          68
        ],
        "participant_types": [
          "Vehicle"
        ]
      },
      {
        "activity_id": 121,
        "type": "vehicle_turning_left",
        "duration_frames": 61,
        "participants": [
          68
        ],
        "participant_types": [
          "Vehicle"
        ]
      },
      {
        "activity_id": 122,
        "type": "activity_standing",
        "duration_frames": 91,
        "participants": [
          92
        ],
        "participant_types": [
          "Person"
        ]
      },
      {
        "activity_id": 123,
        "type": "activity_standing",
        "duration_frames": 92,
        "participants": [
          92
        ],
        "participant_types": [
          "Person"
        ]
      },
      {
        "activity_id": 124,
        "type": "activity_standing",
        "duration_frames": 78,
        "participants": [
          92
        ],
        "participant_types": [
          "Person"
        ]
      },
      {
        "activity_id": 125,
        "type": "activity_standing",
        "duration_frames": 74,
        "participants": [
          108
        ],
        "participant_types": [
          "Person"
        ]
      },
      {
        "activity_id": 126,
        "type": "activity_standing",
        "duration_frames": 64,
        "participants": [
          100
        ],
        "participant_types": [
          "Person"
        ]
      },
      {
        "activity_id": 127,
        "type": "activity_standing",
        "duration_frames": 553,
        "participants": [
          109
        ],
        "participant_types": [
          "Person"
        ]
      },
      {
        "activity_id": 128,
        "type": "activity_standing",
        "duration_frames": 1039,
        "participants": [
          111
        ],
        "participant_types": [
          "Person"
        ]
      },
      {
        "activity_id": 129,
        "type": "activity_standing",
        "duration_frames": 1362,
        "participants": [
          93
        ],
        "participant_types": [
          "Person"
        ]
      },
      {
        "activity_id": 130,
        "type": "activity_standing",
        "duration_frames": 36,
        "participants": [
          93
        ],
        "participant_types": [
          "Person"
        ]
      },
      {
        "activity_id": 131,
        "type": "activity_standing",
        "duration_frames": 89,
        "participants": [
          96
        ],
        "participant_types": [
          "Person"
        ]
      },
      {
        "activity_id": 132,
        "type": "activity_standing",
        "duration_frames": 2198,
        "participants": [
          96
        ],
        "participant_types": [
          "Person"
        ]
      },
      {
        "activity_id": 133,
        "type": "vehicle_starting",
        "duration_frames": 19,
        "participants": [
          88
        ],
        "participant_types": [
          "Vehicle"
        ]
      },
      {
        "activity_id": 134,
        "type": "vehicle_starting",
        "duration_frames": 73,
        "participants": [
          69
        ],
        "participant_types": [
          "Vehicle"
        ]
      },
      {
        "activity_id": 135,
        "type": "vehicle_starting",
        "duration_frames": 42,
        "participants": [
          69
        ],
        "participant_types": [
          "Vehicle"
        ]
      },
      {
        "activity_id": 136,
        "type": "vehicle_starting",
        "duration_frames": 59,
        "participants": [
          69
        ],
        "participant_types": [
          "Vehicle"
        ]
      },
      {
        "activity_id": 137,
        "type": "vehicle_starting",
        "duration_frames": 41,
        "participants": [
          75
        ],
        "participant_types": [
          "Vehicle"
        ]
      },
      {
        "activity_id": 138,
        "type": "vehicle_starting",
        "duration_frames": 45,
        "participants": [
          78
        ],
        "participant_types": [
          "Vehicle"
        ]
      },
      {
        "activity_id": 139,
        "type": "vehicle_starting",
        "duration_frames": 31,
        "participants": [
          74
        ],
        "participant_types": [
          "Vehicle"
        ]
      },
      {
        "activity_id": 140,
        "type": "vehicle_starting",
        "duration_frames": 29,
        "participants": [
          84
        ],
        "participant_types": [
          "Vehicle"
        ]
      },
      {
        "activity_id": 141,
        "type": "vehicle_starting",
        "duration_frames": 41,
        "participants": [
          84
        ],
        "participant_types": [
          "Vehicle"
        ]
      },
      {
        "activity_id": 142,
        "type": "vehicle_starting",
        "duration_frames": 106,
        "participants": [
          71
        ],
        "participant_types": [
          "Vehicle"
        ]
      },
      {
        "activity_id": 143,
        "type": "vehicle_starting",
        "duration_frames": 42,
        "participants": [
          70
        ],
        "participant_types": [
          "Vehicle"
        ]
      },
      {
        "activity_id": 144,
        "type": "vehicle_starting",
        "duration_frames": 30,
        "participants": [
          82
        ],
        "participant_types": [
          "Vehicle"
        ]
      }
    ],
    "alerts": []
  }
}