{
  "VIRAT_S_000000": {
    "camera_id": "VIRAT_S_000000",
    "location": "Desconocida",
    "priority": "media",
    "date": "2025-05-27",
    "activity_summary": {
      "total_activities": 28,
      "activities": [
        {
          "name": "Closing 12",
          "instances": 12,
          "participants": [
            "Person"
          ]
        },
        {
          "name": "Closing_Trunk 1",
          "instances": 1,
          "participants": [
            "Person"
          ]
        },
        {
          "name": "Entering 5",
          "instances": 5,
          "participants": [
            "Person"
          ]
        },
        {
          "name": "Exiting 6",
          "instances": 6,
          "participants": [
            "Person"
          ]
        },
        {
          "name": "Interacts 4",
          "instances": 4,
          "participants": [
            "Person"
          ]
        },
        {
          "name": "Loading 1",
          "instances": 1,
          "participants": [
            "Person"
          ]
        },
        {
          "name": "Open_Trunk 1",
          "instances": 1,
          "participants": [
            "Person"
          ]
        },
        {
          "name": "Opening 12",
          "instances": 12,
          "participants": [
            "Person"
          ]
        },
        {
          "name": "Person_Person_Interaction 6",
          "instances": 6,
          "participants": [
            "Person"
          ]
        },
        {
          "name": "Pull 4",
          "instances": 4,
          "participants": [
            "Person"
          ]
        },
        {
          "name": "Push 2",
          "instances": 2,
          "participants": [
            "Person"
          ]
        },
        {
          "name": "SetDown 2",
          "instances": 2,
          "participants": [
            "Person"
          ]
        },
        {
          "name": "Talking 7",
          "instances": 7,
          "participants": [
            "Person"
          ]
        },
        {
          "name": "Transport_HeavyCarry 6",
          "instances": 6,
          "participants": [
            "Person"
          ]
        },
        {
          "name": "Unloading 4",
          "instances": 4,
          "participants": [
            "Person"
          ]
        },
        {
          "name": "activity_carrying 4",
          "instances": 4,
          "participants": [
            "Person"
          ]
        },
        {
          "name": "activity_gesturing 12",
          "instances": 12,
          "participants": [
            "Person"
          ]
        },
        {
          "name": "activity_running 4",
          "instances": 4,
          "participants": [
            "Person"
          ]
        },
        {
          "name": "activity_standing 42",
          "instances": 42,
          "participants": [
            "Person"
          ]
        },
        {
          "name": "activity_walking 59",
          "instances": 59,
          "participants": [
            "Person"
          ]
        },
        {
          "name": "specialized_miscellaneous 1",
          "instances": 1,
          "participants": [
            "Person"
          ]
        },
        {
          "name": "specialized_talking_phone 3",
          "instances": 3,
          "participants": [
            "Person"
          ]
        },
        {
          "name": "specialized_texting_phone 5",
          "instances": 5,
          "participants": [
            "Person"
          ]
        },
        {
          "name": "vehicle_moving 19",
          "instances": 19,
          "participants": [
            "Vehicle"
          ]
        },
        {
          "name": "vehicle_starting 14",
          "instances": 14,
          "participants": [
            "Vehicle"
          ]
        },
        {
          "name": "vehicle_stopping 18",
          "instances": 18,
          "participants": [
            "Vehicle"
          ]
        },
        {
          "name": "vehicle_turning_left 9",
          "instances": 9,
          "participants": [
            "Vehicle"
          ]
        },
        {
          "name": "vehicle_turning_right 10",
          "instances": 10,
          "participants": [
            "Vehicle"
          ]
        }
      ]
    },
    "object_counts": {
      "Other 4": 4,
      "Person 28": 28,
      "Prop 4": 4,
      "Push_Pulled_Object 3": 3,
      "Vehicle 6": 6
    },
    "specific_activities": [
      {
        "activity_id": 1,
        "type": "Talking",
        "duration_frames": 1526,
        "participants": [
          7,
          6
        ],
        "participant_types": [
          "Person",
          "Person"
        ]
      },
      {
        "activity_id": 2,
        "type": "Talking",
        "duration_frames": 1989,
        "participants": [
          7,
          6
        ],
        "participant_types": [
          "Person",
          "Person"
        ]
      },
      {
        "activity_id": 3,
        "type": "Talking",
        "duration_frames": 21,
        "participants": [
          9,
          12
        ],
        "participant_types": [
          "Person",
          "Person"
        ]
      },
      {
        "activity_id": 4,
        "type": "Talking",
        "duration_frames": 62,
        "participants": [
          9,
          12
        ],
        "participant_types": [
          "Person",
          "Person"
        ]
      },
      {
        "activity_id": 5,
        "type": "Talking",
        "duration_frames": 15,
        "participants": [
          7,
          10,
          6
        ],
        "participant_types": [
          "Person",
          "Person",
          "Person"
        ]
      },
      {
        "activity_id": 6,
        "type": "Talking",
        "duration_frames": 62,
        "participants": [
          7,
          6
        ],
        "participant_types": [
          "Person",
          "Person"
        ]
      },
      {
        "activity_id": 7,
        "type": "Talking",
        "duration_frames": 984,
        "participants": [
          7,
          6
        ],
        "participant_types": [
          "Person",
          "Person"
        ]
      },
      {
        "activity_id": 8,
        "type": "Person_Person_Interaction",
        "duration_frames": 34,
        "participants": [
          12,
          9
        ],
        "participant_types": [
          "Person",
          "Person"
        ]
      },
      {
        "activity_id": 9,
        "type": "Person_Person_Interaction",
        "duration_frames": 38,
        "participants": [
          10,
          6
        ],
        "participant_types": [
          "Person",
          "Person"
        ]
      },
      {
        "activity_id": 10,
        "type": "Person_Person_Interaction",
        "duration_frames": 32,
        "participants": [
          7,
          10
        ],
        "participant_types": [
          "Person",
          "Person"
        ]
      },
      {
        "activity_id": 11,
        "type": "Person_Person_Interaction",
        "duration_frames": 27,
        "participants": [
          21,
          19
        ],
        "participant_types": [
          "Person",
          "Person"
        ]
      },
      {
        "activity_id": 12,
        "type": "Person_Person_Interaction",
        "duration_frames": 17,
        "participants": [
          19,
          21
        ],
        "participant_types": [
          "Person",
          "Person"
        ]
      },
      {
        "activity_id": 13,
        "type": "Person_Person_Interaction",
        "duration_frames": 26,
        "participants": [
          29,
          32
        ],
        "participant_types": [
          "Person",
          "Person"
        ]
      },
      {
        "activity_id": 14,
        "type": "Interacts",
        "duration_frames": 5594,
        "participants": [
          29,
          39
        ],
        "participant_types": [
          "Person",
          "Push_Pulled_Object"
        ]
      },
      {
        "activity_id": 15,
        "type": "Interacts",
        "duration_frames": 119,
        "participants": [
          29,
          39
        ],
        "participant_types": [
          "Person",
          "Push_Pulled_Object"
        ]
      },
      {
        "activity_id": 16,
        "type": "Interacts",
        "duration_frames": 23,
        "participants": [
          5001,
          11
        ],
        "participant_types": [
          "Other",
          "Person"
        ]
      },
      {
        "activity_id": 17,
        "type": "Interacts",
        "duration_frames": 70,
        "participants": [
          29,
          39
        ],
        "participant_types": [
          "Person",
          "Push_Pulled_Object"
        ]
      },
      {
        "activity_id": 18,
        "type": "Open_Trunk",
        "duration_frames": 55,
        "participants": [
          12,
          5
        ],
        "participant_types": [
          "Person",
          "Vehicle"
        ]
      },
      {
        "activity_id": 19,
        "type": "Closing_Trunk",
        "duration_frames": 58,
        "participants": [
          12,
          5
        ],
        "participant_types": [
          "Person",
          "Vehicle"
        ]
      },
      {
        "activity_id": 20,
        "type": "Loading",
        "duration_frames": 50,
        "participants": [
          28,
          27
        ],
        "participant_types": [
          "Person",
          "Vehicle"
        ]
      },
      {
        "activity_id": 21,
        "type": "Unloading",
        "duration_frames": 95,
        "participants": [
          12,
          5
        ],
        "participant_types": [
          "Person",
          "Vehicle"
        ]
      },
      {
        "activity_id": 22,
        "type": "Unloading",
        "duration_frames": 140,
        "participants": [
          15,
          14
        ],
        "participant_types": [
          "Person",
          "Vehicle"
        ]
      },
      {
        "activity_id": 23,
        "type": "Unloading",
        "duration_frames": 63,
        "participants": [
          19,
          26
        ],
        "participant_types": [
          "Person",
          "Vehicle"
        ]
      },
      {
        "activity_id": 24,
        "type": "Unloading",
        "duration_frames": 100,
        "participants": [
          32,
          3
        ],
        "participant_types": [
          "Person",
          "Vehicle"
        ]
      },
      {
        "activity_id": 25,
        "type": "Transport_HeavyCarry",
        "duration_frames": 429,
        "participants": [
          12,
          13
        ],
        "participant_types": [
          "Person",
          "Prop"
        ]
      },
      {
        "activity_id": 26,
        "type": "Transport_HeavyCarry",
        "duration_frames": 429,
        "participants": [
          12,
          13
        ],
        "participant_types": [
          "Person",
          "Prop"
        ]
      },
      {
        "activity_id": 27,
        "type": "Transport_HeavyCarry",
        "duration_frames": 603,
        "participants": [
          16,
          17
        ],
        "participant_types": [
          "Person",
          "Prop"
        ]
      },
      {
        "activity_id": 28,
        "type": "Transport_HeavyCarry",
        "duration_frames": 42,
        "participants": [
          20,
          19
        ],
        "participant_types": [
          "Prop",
          "Person"
        ]
      },
      {
        "activity_id": 29,
        "type": "Transport_HeavyCarry",
        "duration_frames": 55,
        "participants": [
          21,
          20
        ],
        "participant_types": [
          "Person",
          "Prop"
        ]
      },
      {
        "activity_id": 30,
        "type": "Transport_HeavyCarry",
        "duration_frames": 112,
        "participants": [
          32,
          33
        ],
        "participant_types": [
          "Person",
          "Prop"
        ]
      },
      {
        "activity_id": 31,
        "type": "Push",
        "duration_frames": 493,
        "participants": [
          22,
          21
        ],
        "participant_types": [
          "Push_Pulled_Object",
          "Person"
        ]
      },
      {
        "activity_id": 32,
        "type": "Push",
        "duration_frames": 257,
        "participants": [
          29,
          39
        ],
        "participant_types": [
          "Person",
          "Push_Pulled_Object"
        ]
      },
      {
        "activity_id": 33,
        "type": "Pull",
        "duration_frames": 392,
        "participants": [
          15,
          34
        ],
        "participant_types": [
          "Person",
          "Push_Pulled_Object"
        ]
      },
      {
        "activity_id": 34,
        "type": "Pull",
        "duration_frames": 496,
        "participants": [
          22,
          21
        ],
        "participant_types": [
          "Push_Pulled_Object",
          "Person"
        ]
      },
      {
        "activity_id": 35,
        "type": "Pull",
        "duration_frames": 490,
        "participants": [
          39,
          29
        ],
        "participant_types": [
          "Push_Pulled_Object",
          "Person"
        ]
      },
      {
        "activity_id": 36,
        "type": "Pull",
        "duration_frames": 388,
        "participants": [
          29,
          39
        ],
        "participant_types": [
          "Person",
          "Push_Pulled_Object"
        ]
      },
      {
        "activity_id": 37,
        "type": "Exiting",
        "duration_frames": 72,
        "participants": [
          5,
          9
        ],
        "participant_types": [
          "Vehicle",
          "Person"
        ]
      },
      {
        "activity_id": 38,
        "type": "Exiting",
        "duration_frames": 37,
        "participants": [
          15,
          14
        ],
        "participant_types": [
          "Person",
          "Vehicle"
        ]
      },
      {
        "activity_id": 39,
        "type": "Exiting",
        "duration_frames": 32,
        "participants": [
          18,
          27
        ],
        "participant_types": [
          "Person",
          "Vehicle"
        ]
      },
      {
        "activity_id": 40,
        "type": "Exiting",
        "duration_frames": 71,
        "participants": [
          19,
          26
        ],
        "participant_types": [
          "Person",
          "Vehicle"
        ]
      },
      {
        "activity_id": 41,
        "type": "Exiting",
        "duration_frames": 20,
        "participants": [
          32,
          3
        ],
        "participant_types": [
          "Person",
          "Vehicle"
        ]
      },
      {
        "activity_id": 42,
        "type": "Exiting",
        "duration_frames": 50,
        "participants": [
          0,
          4
        ],
        "participant_types": [
          "Person",
          "Vehicle"
        ]
      },
      {
        "activity_id": 43,
        "type": "Entering",
        "duration_frames": 51,
        "participants": [
          9,
          5
        ],
        "participant_types": [
          "Person",
          "Vehicle"
        ]
      },
      {
        "activity_id": 44,
        "type": "Entering",
        "duration_frames": 28,
        "participants": [
          14,
          16
        ],
        "participant_types": [
          "Vehicle",
          "Person"
        ]
      },
      {
        "activity_id": 45,
        "type": "Entering",
        "duration_frames": 63,
        "participants": [
          19,
          26
        ],
        "participant_types": [
          "Person",
          "Vehicle"
        ]
      },
      {
        "activity_id": 46,
        "type": "Entering",
        "duration_frames": 24,
        "participants": [
          28,
          27
        ],
        "participant_types": [
          "Person",
          "Vehicle"
        ]
      },
      {
        "activity_id": 47,
        "type": "Entering",
        "duration_frames": 35,
        "participants": [
          32,
          3
        ],
        "participant_types": [
          "Person",
          "Vehicle"
        ]
      },
      {
        "activity_id": 48,
        "type": "Opening",
        "duration_frames": 62,
        "participants": [
          9,
          5
        ],
        "participant_types": [
          "Person",
          "Vehicle"
        ]
      },
      {
        "activity_id": 49,
        "type": "Opening",
        "duration_frames": 34,
        "participants": [
          15,
          14
        ],
        "participant_types": [
          "Person",
          "Vehicle"
        ]
      },
      {
        "activity_id": 50,
        "type": "Opening",
        "duration_frames": 43,
        "participants": [
          5,
          9
        ],
        "participant_types": [
          "Vehicle",
          "Person"
        ]
      },
      {
        "activity_id": 51,
        "type": "Opening",
        "duration_frames": 26,
        "participants": [
          16,
          14
        ],
        "participant_types": [
          "Person",
          "Vehicle"
        ]
      },
      {
        "activity_id": 52,
        "type": "Opening",
        "duration_frames": 49,
        "participants": [
          19,
          26
        ],
        "participant_types": [
          "Person",
          "Vehicle"
        ]
      },
      {
        "activity_id": 53,
        "type": "Opening",
        "duration_frames": 26,
        "participants": [
          19,
          26
        ],
        "participant_types": [
          "Person",
          "Vehicle"
        ]
      },
      {
        "activity_id": 54,
        "type": "Opening",
        "duration_frames": 24,
        "participants": [
          28,
          27
        ],
        "participant_types": [
          "Person",
          "Vehicle"
        ]
      },
      {
        "activity_id": 55,
        "type": "Opening",
        "duration_frames": 18,
        "participants": [
          28,
          27
        ],
        "participant_types": [
          "Person",
          "Vehicle"
        ]
      },
      {
        "activity_id": 56,
        "type": "Opening",
        "duration_frames": 23,
        "participants": [
          28,
          27
        ],
        "participant_types": [
          "Person",
          "Vehicle"
        ]
      },
      {
        "activity_id": 57,
        "type": "Opening",
        "duration_frames": 21,
        "participants": [
          32,
          3
        ],
        "participant_types": [
          "Person",
          "Vehicle"
        ]
      },
      {
        "activity_id": 58,
        "type": "Opening",
        "duration_frames": 24,
        "participants": [
          32,
          3
        ],
        "participant_types": [
          "Person",
          "Vehicle"
        ]
      },
      {
        "activity_id": 59,
        "type": "Opening",
        "duration_frames": 65,
        "participants": [
          19,
          26
        ],
        "participant_types": [
          "Person",
          "Vehicle"
        ]
      },
      {
        "activity_id": 60,
        "type": "Closing",
        "duration_frames": 27,
        "participants": [
          9,
          5
        ],
        "participant_types": [
          "Person",
          "Vehicle"
        ]
      },
      {
        "activity_id": 61,
        "type": "Closing",
        "duration_frames": 27,
        "participants": [
          15,
          14
        ],
        "participant_types": [
          "Person",
          "Vehicle"
        ]
      },
      {
        "activity_id": 62,
        "type": "Closing",
        "duration_frames": 36,
        "participants": [
          14,
          15
        ],
        "participant_types": [
          "Vehicle",
          "Person"
        ]
      },
      {
        "activity_id": 63,
        "type": "Closing",
        "duration_frames": 44,
        "participants": [
          5,
          9
        ],
        "participant_types": [
          "Vehicle",
          "Person"
        ]
      },
      {
        "activity_id": 64,
        "type": "Closing",
        "duration_frames": 27,
        "participants": [
          18,
          27
        ],
        "participant_types": [
          "Person",
          "Vehicle"
        ]
      },
      {
        "activity_id": 65,
        "type": "Closing",
        "duration_frames": 32,
        "participants": [
          26,
          19
        ],
        "participant_types": [
          "Vehicle",
          "Person"
        ]
      },
      {
        "activity_id": 66,
        "type": "Closing",
        "duration_frames": 45,
        "participants": [
          19,
          26
        ],
        "participant_types": [
          "Person",
          "Vehicle"
        ]
      },
      {
        "activity_id": 67,
        "type": "Closing",
        "duration_frames": 18,
        "participants": [
          28,
          27
        ],
        "participant_types": [
          "Person",
          "Vehicle"
        ]
      },
      {
        "activity_id": 68,
        "type": "Closing",
        "duration_frames": 27,
        "participants": [
          32,
          3
        ],
        "participant_types": [
          "Person",
          "Vehicle"
        ]
      },
      {
        "activity_id": 69,
        "type": "Closing",
        "duration_frames": 20,
        "participants": [
          32,
          3
        ],
        "participant_types": [
          "Person",
          "Vehicle"
        ]
      },
      {
        "activity_id": 70,
        "type": "Closing",
        "duration_frames": 36,
        "participants": [
          0,
          4
        ],
        "participant_types": [
          "Person",
          "Vehicle"
        ]
      },
      {
        "activity_id": 71,
        "type": "Closing",
        "duration_frames": 31,
        "participants": [
          19,
          26
        ],
        "participant_types": [
          "Person",
          "Vehicle"
        ]
      },
      {
        "activity_id": 72,
        "type": "SetDown",
        "duration_frames": 59,
        "participants": [
          20,
          21,
          22
        ],
        "participant_types": [
          "Prop",
          "Person",
          "Push_Pulled_Object"
        ]
      },
      {
        "activity_id": 73,
        "type": "SetDown",
        "duration_frames": 49,
        "participants": [
          32,
          33,
          39
        ],
        "participant_types": [
          "Person",
          "Prop",
          "Push_Pulled_Object"
        ]
      },
      {
        "activity_id": 74,
        "type": "activity_standing",
        "duration_frames": 40,
        "participants": [
          12
        ],
        "participant_types": [
          "Person"
        ]
      },
      {
        "activity_id": 75,
        "type": "activity_standing",
        "duration_frames": 60,
        "participants": [
          12
        ],
        "participant_types": [
          "Person"
        ]
      },
      {
        "activity_id": 76,
        "type": "activity_standing",
        "duration_frames": 329,
        "participants": [
          12
        ],
        "participant_types": [
          "Person"
        ]
      },
      {
        "activity_id": 77,
        "type": "activity_standing",
        "duration_frames": 39,
        "participants": [
          12
        ],
        "participant_types": [
          "Person"
        ]
      },
      {
        "activity_id": 78,
        "type": "activity_standing",
        "duration_frames": 5774,
        "participants": [
          29
        ],
        "participant_types": [
          "Person"
        ]
      },
      {
        "activity_id": 79,
        "type": "activity_standing",
        "duration_frames": 124,
        "participants": [
          29
        ],
        "participant_types": [
          "Person"
        ]
      },
      {
        "activity_id": 80,
        "type": "activity_standing",
        "duration_frames": 164,
        "participants": [
          11
        ],
        "participant_types": [
          "Person"
        ]
      },
      {
        "activity_id": 81,
        "type": "activity_standing",
        "duration_frames": 419,
        "participants": [
          21
        ],
        "participant_types": [
          "Person"
        ]
      },
      {
        "activity_id": 82,
        "type": "activity_standing",
        "duration_frames": 92,
        "participants": [
          18
        ],
        "participant_types": [
          "Person"
        ]
      },
      {
        "activity_id": 83,
        "type": "activity_standing",
        "duration_frames": 101,
        "participants": [
          19
        ],
        "participant_types": [
          "Person"
        ]
      },
      {
        "activity_id": 84,
        "type": "activity_standing",
        "duration_frames": 126,
        "participants": [
          19
        ],
        "participant_types": [
          "Person"
        ]
      },
      {
        "activity_id": 85,
        "type": "activity_standing",
        "duration_frames": 298,
        "participants": [
          19
        ],
        "participant_types": [
          "Person"
        ]
      },
      {
        "activity_id": 86,
        "type": "activity_standing",
        "duration_frames": 256,
        "participants": [
          19
        ],
        "participant_types": [
          "Person"
        ]
      },
      {
        "activity_id": 87,
        "type": "activity_standing",
        "duration_frames": 886,
        "participants": [
          9
        ],
        "participant_types": [
          "Person"
        ]
      },
      {
        "activity_id": 88,
        "type": "activity_standing",
        "duration_frames": 365,
        "participants": [
          9
        ],
        "participant_types": [
          "Person"
        ]
      },
      {
        "activity_id": 89,
        "type": "activity_standing",
        "duration_frames": 132,
        "participants": [
          9
        ],
        "participant_types": [
          "Person"
        ]
      },
      {
        "activity_id": 90,
        "type": "activity_standing",
        "duration_frames": 73,
        "participants": [
          9
        ],
        "participant_types": [
          "Person"
        ]
      },
      {
        "activity_id": 91,
        "type": "activity_standing",
        "duration_frames": 150,
        "participants": [
          9
        ],
        "participant_types": [
          "Person"
        ]
      },
      {
        "activity_id": 92,
        "type": "activity_standing",
        "duration_frames": 18,
        "participants": [
          32
        ],
        "participant_types": [
          "Person"
        ]
      },
      {
        "activity_id": 93,
        "type": "activity_standing",
        "duration_frames": 244,
        "participants": [
          32
        ],
        "participant_types": [
          "Person"
        ]
      },
      {
        "activity_id": 94,
        "type": "activity_standing",
        "duration_frames": 124,
        "participants": [
          32
        ],
        "participant_types": [
          "Person"
        ]
      },
      {
        "activity_id": 95,
        "type": "activity_standing",
        "duration_frames": 62,
        "participants": [
          32
        ],
        "participant_types": [
          "Person"
        ]
      },
      {
        "activity_id": 96,
        "type": "activity_standing",
        "duration_frames": 1170,
        "participants": [
          6
        ],
        "participant_types": [
          "Person"
        ]
      },
      {
        "activity_id": 97,
        "type": "activity_standing",
        "duration_frames": 6497,
        "participants": [
          6
        ],
        "participant_types": [
          "Person"
        ]
      },
      {
        "activity_id": 98,
        "type": "activity_standing",
        "duration_frames": 161,
        "participants": [
          6
        ],
        "participant_types": [
          "Person"
        ]
      },
      {
        "activity_id": 99,
        "type": "activity_standing",
        "duration_frames": 272,
        "participants": [
          6
        ],
        "participant_types": [
          "Person"
        ]
      },
      {
        "activity_id": 100,
        "type": "activity_standing",
        "duration_frames": 38,
        "participants": [
          1
        ],
        "participant_types": [
          "Person"
        ]
      },
      {
        "activity_id": 101,
        "type": "activity_standing",
        "duration_frames": 162,
        "participants": [
          1
        ],
        "participant_types": [
          "Person"
        ]
      },
      {
        "activity_id": 102,
        "type": "activity_standing",
        "duration_frames": 74,
        "participants": [
          1
        ],
        "participant_types": [
          "Person"
        ]
      },
      {
        "activity_id": 103,
        "type": "activity_standing",
        "duration_frames": 23,
        "participants": [
          10
        ],
        "participant_types": [
          "Person"
        ]
      },
      {
        "activity_id": 104,
        "type": "activity_standing",
        "duration_frames": 101,
        "participants": [
          10
        ],
        "participant_types": [
          "Person"
        ]
      },
      {
        "activity_id": 105,
        "type": "activity_standing",
        "duration_frames": 15,
        "participants": [
          16
        ],
        "participant_types": [
          "Person"
        ]
      },
      {
        "activity_id": 106,
        "type": "activity_standing",
        "duration_frames": 126,
        "participants": [
          16
        ],
        "participant_types": [
          "Person"
        ]
      },
      {
        "activity_id": 107,
        "type": "activity_standing",
        "duration_frames": 72,
        "participants": [
          16
        ],
        "participant_types": [
          "Person"
        ]
      },
      {
        "activity_id": 108,
        "type": "activity_standing",
        "duration_frames": 206,
        "participants": [
          28
        ],
        "participant_types": [
          "Person"
        ]
      },
      {
        "activity_id": 109,
        "type": "activity_standing",
        "duration_frames": 47,
        "participants": [
          15
        ],
        "participant_types": [
          "Person"
        ]
      },
      {
        "activity_id": 110,
        "type": "activity_standing",
        "duration_frames": 183,
        "participants": [
          15
        ],
        "participant_types": [
          "Person"
        ]
      },
      {
        "activity_id": 111,
        "type": "activity_standing",
        "duration_frames": 59,
        "participants": [
          0
        ],
        "participant_types": [
          "Person"
        ]
      },
      {
        "activity_id": 112,
        "type": "activity_standing",
        "duration_frames": 5083,
        "participants": [
          7
        ],
        "participant_types": [
          "Person"
        ]
      },
      {
        "activity_id": 113,
        "type": "activity_standing",
        "duration_frames": 2544,
        "participants": [
          7
        ],
        "participant_types": [
          "Person"
        ]
      },
      {
        "activity_id": 114,
        "type": "activity_standing",
        "duration_frames": 80,
        "participants": [
          7
        ],
        "participant_types": [
          "Person"
        ]
      },
      {
        "activity_id": 115,
        "type": "activity_standing",
        "duration_frames": 318,
        "participants": [
          7
        ],
        "participant_types": [
          "Person"
        ]
      },
      {
        "activity_id": 116,
        "type": "activity_running",
        "duration_frames": 45,
        "participants": [
          16
        ],
        "participant_types": [
          "Person"
        ]
      },
      {
        "activity_id": 117,
        "type": "activity_running",
        "duration_frames": 81,
        "participants": [
          16
        ],
        "participant_types": [
          "Person"
        ]
      },
      {
        "activity_id": 118,
        "type": "activity_running",
        "duration_frames": 156,
        "participants": [
          28
        ],
        "participant_types": [
          "Person"
        ]
      },
      {
        "activity_id": 119,
        "type": "activity_running",
        "duration_frames": 173,
        "participants": [
          2
        ],
        "participant_types": [
          "Person"
        ]
      },
      {
        "activity_id": 120,
        "type": "specialized_texting_phone",
        "duration_frames": 239,
        "participants": [
          29
        ],
        "participant_types": [
          "Person"
        ]
      },
      {
        "activity_id": 121,
        "type": "specialized_texting_phone",
        "duration_frames": 33,
        "participants": [
          29
        ],
        "participant_types": [
          "Person"
        ]
      },
      {
        "activity_id": 122,
        "type": "specialized_texting_phone",
        "duration_frames": 3845,
        "participants": [
          29
        ],
        "participant_types": [
          "Person"
        ]
      },
      {
        "activity_id": 123,
        "type": "specialized_texting_phone",
        "duration_frames": 400,
        "participants": [
          31
        ],
        "participant_types": [
          "Person"
        ]
      },
      {
        "activity_id": 124,
        "type": "specialized_texting_phone",
        "duration_frames": 239,
        "participants": [
          31
        ],
        "participant_types": [
          "Person"
        ]
      },
      {
        "activity_id": 125,
        "type": "vehicle_turning_right",
        "duration_frames": 189,
        "participants": [
          26
        ],
        "participant_types": [
          "Vehicle"
        ]
      },
      {
        "activity_id": 126,
        "type": "vehicle_turning_right",
        "duration_frames": 139,
        "participants": [
          26
        ],
        "participant_types": [
          "Vehicle"
        ]
      },
      {
        "activity_id": 127,
        "type": "vehicle_turning_right",
        "duration_frames": 60,
        "participants": [
          26
        ],
        "participant_types": [
          "Vehicle"
        ]
      },
      {
        "activity_id": 128,
        "type": "vehicle_turning_right",
        "duration_frames": 116,
        "participants": [
          3
        ],
        "participant_types": [
          "Vehicle"
        ]
      },
      {
        "activity_id": 129,
        "type": "vehicle_turning_right",
        "duration_frames": 129,
        "participants": [
          3
        ],
        "participant_types": [
          "Vehicle"
        ]
      },
      {
        "activity_id": 130,
        "type": "vehicle_turning_right",
        "duration_frames": 48,
        "participants": [
          27
        ],
        "participant_types": [
          "Vehicle"
        ]
      },
      {
        "activity_id": 131,
        "type": "vehicle_turning_right",
        "duration_frames": 157,
        "participants": [
          5
        ],
        "participant_types": [
          "Vehicle"
        ]
      },
      {
        "activity_id": 132,
        "type": "vehicle_turning_right",
        "duration_frames": 106,
        "participants": [
          5
        ],
        "participant_types": [
          "Vehicle"
        ]
      },
      {
        "activity_id": 133,
        "type": "vehicle_turning_right",
        "duration_frames": 61,
        "participants": [
          5
        ],
        "participant_types": [
          "Vehicle"
        ]
      },
      {
        "activity_id": 134,
        "type": "vehicle_turning_right",
        "duration_frames": 74,
        "participants": [
          14
        ],
        "participant_types": [
          "Vehicle"
        ]
      },
      {
        "activity_id": 135,
        "type": "vehicle_stopping",
        "duration_frames": 45,
        "participants": [
          26
        ],
        "participant_types": [
          "Vehicle"
        ]
      },
      {
        "activity_id": 136,
        "type": "vehicle_stopping",
        "duration_frames": 26,
        "participants": [
          26
        ],
        "participant_types": [
          "Vehicle"
        ]
      },
      {
        "activity_id": 137,
        "type": "vehicle_stopping",
        "duration_frames": 29,
        "participants": [
          26
        ],
        "participant_types": [
          "Vehicle"
        ]
      },
      {
        "activity_id": 138,
        "type": "vehicle_stopping",
        "duration_frames": 33,
        "participants": [
          26
        ],
        "participant_types": [
          "Vehicle"
        ]
      },
      {
        "activity_id": 139,
        "type": "vehicle_stopping",
        "duration_frames": 39,
        "participants": [
          26
        ],
        "participant_types": [
          "Vehicle"
        ]
      },
      {
        "activity_id": 140,
        "type": "vehicle_stopping",
        "duration_frames": 28,
        "participants": [
          4
        ],
        "participant_types": [
          "Vehicle"
        ]
      },
      {
        "activity_id": 141,
        "type": "vehicle_stopping",
        "duration_frames": 44,
        "participants": [
          14
        ],
        "participant_types": [
          "Vehicle"
        ]
      },
      {
        "activity_id": 142,
        "type": "vehicle_stopping",
        "duration_frames": 34,
        "participants": [
          14
        ],
        "participant_types": [
          "Vehicle"
        ]
      },
      {
        "activity_id": 143,
        "type": "vehicle_stopping",
        "duration_frames": 43,
        "participants": [
          14
        ],
        "participant_types": [
          "Vehicle"
        ]
      },
      {
        "activity_id": 144,
        "type": "vehicle_stopping",
        "duration_frames": 48,
        "participants": [
          27
        ],
        "participant_types": [
          "Vehicle"
        ]
      },
      {
        "activity_id": 145,
        "type": "vehicle_stopping",
        "duration_frames": 18,
        "participants": [
          27
        ],
        "participant_types": [
          "Vehicle"
        ]
      },
      {
        "activity_id": 146,
        "type": "vehicle_stopping",
        "duration_frames": 35,
        "participants": [
          27
        ],
        "participant_types": [
          "Vehicle"
        ]
      },
      {
        "activity_id": 147,
        "type": "vehicle_stopping",
        "duration_frames": 102,
        "participants": [
          5
        ],
        "participant_types": [
          "Vehicle"
        ]
      },
      {
        "activity_id": 148,
        "type": "vehicle_stopping",
        "duration_frames": 26,
        "participants": [
          5
        ],
        "participant_types": [
          "Vehicle"
        ]
      },
      {
        "activity_id": 149,
        "type": "vehicle_stopping",
        "duration_frames": 51,
        "participants": [
          5
        ],
        "participant_types": [
          "Vehicle"
        ]
      },
      {
        "activity_id": 150,
        "type": "vehicle_stopping",
        "duration_frames": 60,
        "participants": [
          3
        ],
        "participant_types": [
          "Vehicle"
        ]
      },
      {
        "activity_id": 151,
        "type": "vehicle_stopping",
        "duration_frames": 30,
        "participants": [
          3
        ],
        "participant_types": [
          "Vehicle"
        ]
      },
      {
        "activity_id": 152,
        "type": "vehicle_stopping",
        "duration_frames": 47,
        "participants": [
          3
        ],
        "participant_types": [
          "Vehicle"
        ]
      },
      {
        "activity_id": 153,
        "type": "specialized_miscellaneous",
        "duration_frames": 347,
        "participants": [
          35
        ],
        "participant_types": [
          "Person"
        ]
      },
      {
        "activity_id": 154,
        "type": "specialized_talking_phone",
        "duration_frames": 436,
        "participants": [
          29
        ],
        "participant_types": [
          "Person"
        ]
      },
      {
        "activity_id": 155,
        "type": "specialized_talking_phone",
        "duration_frames": 199,
        "participants": [
          29
        ],
        "participant_types": [
          "Person"
        ]
      },
      {
        "activity_id": 156,
        "type": "specialized_talking_phone",
        "duration_frames": 649,
        "participants": [
          29
        ],
        "participant_types": [
          "Person"
        ]
      },
      {
        "activity_id": 157,
        "type": "vehicle_starting",
        "duration_frames": 50,
        "participants": [
          26
        ],
        "participant_types": [
          "Vehicle"
        ]
      },
      {
        "activity_id": 158,
        "type": "vehicle_starting",
        "duration_frames": 43,
        "participants": [
          26
        ],
        "participant_types": [
          "Vehicle"
        ]
      },
      {
        "activity_id": 159,
        "type": "vehicle_starting",
        "duration_frames": 49,
        "participants": [
          26
        ],
        "participant_types": [
          "Vehicle"
        ]
      },
      {
        "activity_id": 160,
        "type": "vehicle_starting",
        "duration_frames": 31,
        "participants": [
          26
        ],
        "participant_types": [
          "Vehicle"
        ]
      },
      {
        "activity_id": 161,
        "type": "vehicle_starting",
        "duration_frames": 64,
        "participants": [
          26
        ],
        "participant_types": [
          "Vehicle"
        ]
      },
      {
        "activity_id": 162,
        "type": "vehicle_starting",
        "duration_frames": 120,
        "participants": [
          3
        ],
        "participant_types": [
          "Vehicle"
        ]
      },
      {
        "activity_id": 163,
        "type": "vehicle_starting",
        "duration_frames": 42,
        "participants": [
          3
        ],
        "participant_types": [
          "Vehicle"
        ]
      },
      {
        "activity_id": 164,
        "type": "vehicle_starting",
        "duration_frames": 67,
        "participants": [
          3
        ],
        "participant_types": [
          "Vehicle"
        ]
      },
      {
        "activity_id": 165,
        "type": "vehicle_starting",
        "duration_frames": 116,
        "participants": [
          5
        ],
        "participant_types": [
          "Vehicle"
        ]
      },
      {
        "activity_id": 166,
        "type": "vehicle_starting",
        "duration_frames": 90,
        "participants": [
          5
        ],
        "participant_types": [
          "Vehicle"
        ]
      },
      {
        "activity_id": 167,
        "type": "vehicle_starting",
        "duration_frames": 20,
        "participants": [
          5
        ],
        "participant_types": [
          "Vehicle"
        ]
      },
      {
        "activity_id": 168,
        "type": "vehicle_starting",
        "duration_frames": 44,
        "participants": [
          14
        ],
        "participant_types": [
          "Vehicle"
        ]
      },
      {
        "activity_id": 169,
        "type": "vehicle_starting",
        "duration_frames": 41,
        "participants": [
          14
        ],
        "participant_types": [
          "Vehicle"
        ]
      },
      {
        "activity_id": 170,
        "type": "vehicle_starting",
        "duration_frames": 56,
        "participants": [
          14
        ],
        "participant_types": [
          "Vehicle"
        ]
      },
      {
        "activity_id": 171,
        "type": "activity_carrying",
        "duration_frames": 87,
        "participants": [
          37
        ],
        "participant_types": [
          "Person"
        ]
      },
      {
        "activity_id": 172,
        "type": "activity_carrying",
        "duration_frames": 391,
        "participants": [
          28
        ],
        "participant_types": [
          "Person"
        ]
      },
      {
        "activity_id": 173,
        "type": "activity_carrying",
        "duration_frames": 1139,
        "participants": [
          31
        ],
        "participant_types": [
          "Person"
        ]
      },
      {
        "activity_id": 174,
        "type": "activity_carrying",
        "duration_frames": 1025,
        "participants": [
          30
        ],
        "participant_types": [
          "Person"
        ]
      },
      {
        "activity_id": 175,
        "type": "vehicle_moving",
        "duration_frames": 299,
        "participants": [
          26
        ],
        "participant_types": [
          "Vehicle"
        ]
      },
      {
        "activity_id": 176,
        "type": "vehicle_moving",
        "duration_frames": 244,
        "participants": [
          26
        ],
        "participant_types": [
          "Vehicle"
        ]
      },
      {
        "activity_id": 177,
        "type": "vehicle_moving",
        "duration_frames": 110,
        "participants": [
          26
        ],
        "participant_types": [
          "Vehicle"
        ]
      },
      {
        "activity_id": 178,
        "type": "vehicle_moving",
        "duration_frames": 160,
        "participants": [
          26
        ],
        "participant_types": [
          "Vehicle"
        ]
      },
      {
        "activity_id": 179,
        "type": "vehicle_moving",
        "duration_frames": 354,
        "participants": [
          26
        ],
        "participant_types": [
          "Vehicle"
        ]
      },
      {
        "activity_id": 180,
        "type": "vehicle_moving",
        "duration_frames": 371,
        "participants": [
          3
        ],
        "participant_types": [
          "Vehicle"
        ]
      },
      {
        "activity_id": 181,
        "type": "vehicle_moving",
        "duration_frames": 220,
        "participants": [
          3
        ],
        "participant_types": [
          "Vehicle"
        ]
      },
      {
        "activity_id": 182,
        "type": "vehicle_moving",
        "duration_frames": 284,
        "participants": [
          3
        ],
        "participant_types": [
          "Vehicle"
        ]
      },
      {
        "activity_id": 183,
        "type": "vehicle_moving",
        "duration_frames": 129,
        "participants": [
          3
        ],
        "participant_types": [
          "Vehicle"
        ]
      },
      {
        "activity_id": 184,
        "type": "vehicle_moving",
        "duration_frames": 471,
        "participants": [
          5
        ],
        "participant_types": [
          "Vehicle"
        ]
      },
      {
        "activity_id": 185,
        "type": "vehicle_moving",
        "duration_frames": 368,
        "participants": [
          5
        ],
        "participant_types": [
          "Vehicle"
        ]
      },
      {
        "activity_id": 186,
        "type": "vehicle_moving",
        "duration_frames": 454,
        "participants": [
          5
        ],
        "participant_types": [
          "Vehicle"
        ]
      },
      {
        "activity_id": 187,
        "type": "vehicle_moving",
        "duration_frames": 409,
        "participants": [
          27
        ],
        "participant_types": [
          "Vehicle"
        ]
      },
      {
        "activity_id": 188,
        "type": "vehicle_moving",
        "duration_frames": 104,
        "participants": [
          27
        ],
        "participant_types": [
          "Vehicle"
        ]
      },
      {
        "activity_id": 189,
        "type": "vehicle_moving",
        "duration_frames": 282,
        "participants": [
          27
        ],
        "participant_types": [
          "Vehicle"
        ]
      },
      {
        "activity_id": 190,
        "type": "vehicle_moving",
        "duration_frames": 386,
        "participants": [
          14
        ],
        "participant_types": [
          "Vehicle"
        ]
      },
      {
        "activity_id": 191,
        "type": "vehicle_moving",
        "duration_frames": 121,
        "participants": [
          14
        ],
        "participant_types": [
          "Vehicle"
        ]
      },
      {
        "activity_id": 192,
        "type": "vehicle_moving",
        "duration_frames": 301,
        "participants": [
          14
        ],
        "participant_types": [
          "Vehicle"
        ]
      },
      {
        "activity_id": 193,
        "type": "vehicle_moving",
        "duration_frames": 424,
        "participants": [
          4
        ],
        "participant_types": [
          "Vehicle"
        ]
      },
      {
        "activity_id": 194,
        "type": "activity_gesturing",
        "duration_frames": 36,
        "participants": [
          7
        ],
        "participant_types": [
          "Person"
        ]
      },
      {
        "activity_id": 195,
        "type": "activity_gesturing",
        "duration_frames": 24,
        "participants": [
          7
        ],
        "participant_types": [
          "Person"
        ]
      },
      {
        "activity_id": 196,
        "type": "activity_gesturing",
        "duration_frames": 14,
        "participants": [
          32
        ],
        "participant_types": [
          "Person"
        ]
      },
      {
        "activity_id": 197,
        "type": "activity_gesturing",
        "duration_frames": 22,
        "participants": [
          23
        ],
        "participant_types": [
          "Person"
        ]
      },
      {
        "activity_id": 198,
        "type": "activity_gesturing",
        "duration_frames": 12,
        "participants": [
          9
        ],
        "participant_types": [
          "Person"
        ]
      },
      {
        "activity_id": 199,
        "type": "activity_gesturing",
        "duration_frames": 28,
        "participants": [
          19
        ],
        "participant_types": [
          "Person"
        ]
      },
      {
        "activity_id": 200,
        "type": "activity_gesturing",
        "duration_frames": 14,
        "participants": [
          19
        ],
        "participant_types": [
          "Person"
        ]
      },
      {
        "activity_id": 201,
        "type": "activity_gesturing",
        "duration_frames": 72,
        "participants": [
          12
        ],
        "participant_types": [
          "Person"
        ]
      },
      {
        "activity_id": 202,
        "type": "activity_gesturing",
        "duration_frames": 22,
        "participants": [
          16
        ],
        "participant_types": [
          "Person"
        ]
      },
      {
        "activity_id": 203,
        "type": "activity_gesturing",
        "duration_frames": 17,
        "participants": [
          16
        ],
        "participant_types": [
          "Person"
        ]
      },
      {
        "activity_id": 204,
        "type": "activity_gesturing",
        "duration_frames": 30,
        "participants": [
          29
        ],
        "participant_types": [
          "Person"
        ]
      },
      {
        "activity_id": 205,
        "type": "activity_gesturing",
        "duration_frames": 39,
        "participants": [
          6
        ],
        "participant_types": [
          "Person"
        ]
      },
      {
        "activity_id": 206,
        "type": "activity_walking",
        "duration_frames": 29,
        "participants": [
          32
        ],
        "participant_types": [
          "Person"
        ]
      },
      {
        "activity_id": 207,
        "type": "activity_walking",
        "duration_frames": 51,
        "participants": [
          32
        ],
        "participant_types": [
          "Person"
        ]
      },
      {
        "activity_id": 208,
        "type": "activity_walking",
        "duration_frames": 198,
        "participants": [
          32
        ],
        "participant_types": [
          "Person"
        ]
      },
      {
        "activity_id": 209,
        "type": "activity_walking",
        "duration_frames": 52,
        "participants": [
          9
        ],
        "participant_types": [
          "Person"
        ]
      },
      {
        "activity_id": 210,
        "type": "activity_walking",
        "duration_frames": 69,
        "participants": [
          9
        ],
        "participant_types": [
          "Person"
        ]
      },
      {
        "activity_id": 211,
        "type": "activity_walking",
        "duration_frames": 86,
        "participants": [
          9
        ],
        "participant_types": [
          "Person"
        ]
      },
      {
        "activity_id": 212,
        "type": "activity_walking",
        "duration_frames": 26,
        "participants": [
          9
        ],
        "participant_types": [
          "Person"
        ]
      },
      {
        "activity_id": 213,
        "type": "activity_walking",
        "duration_frames": 88,
        "participants": [
          19
        ],
        "participant_types": [
          "Person"
        ]
      },
      {
        "activity_id": 214,
        "type": "activity_walking",
        "duration_frames": 103,
        "participants": [
          19
        ],
        "participant_types": [
          "Person"
        ]
      },
      {
        "activity_id": 215,
        "type": "activity_walking",
        "duration_frames": 26,
        "participants": [
          19
        ],
        "participant_types": [
          "Person"
        ]
      },
      {
        "activity_id": 216,
        "type": "activity_walking",
        "duration_frames": 66,
        "participants": [
          2
        ],
        "participant_types": [
          "Person"
        ]
      },
      {
        "activity_id": 217,
        "type": "activity_walking",
        "duration_frames": 291,
        "participants": [
          18
        ],
        "participant_types": [
          "Person"
        ]
      },
      {
        "activity_id": 218,
        "type": "activity_walking",
        "duration_frames": 116,
        "participants": [
          16
        ],
        "participant_types": [
          "Person"
        ]
      },
      {
        "activity_id": 219,
        "type": "activity_walking",
        "duration_frames": 54,
        "participants": [
          16
        ],
        "participant_types": [
          "Person"
        ]
      },
      {
        "activity_id": 220,
        "type": "activity_walking",
        "duration_frames": 56,
        "participants": [
          16
        ],
        "participant_types": [
          "Person"
        ]
      },
      {
        "activity_id": 221,
        "type": "activity_walking",
        "duration_frames": 42,
        "participants": [
          16
        ],
        "participant_types": [
          "Person"
        ]
      },
      {
        "activity_id": 222,
        "type": "activity_walking",
        "duration_frames": 1655,
        "participants": [
          24
        ],
        "participant_types": [
          "Person"
        ]
      },
      {
        "activity_id": 223,
        "type": "activity_walking",
        "duration_frames": 2924,
        "participants": [
          10
        ],
        "participant_types": [
          "Person"
        ]
      },
      {
        "activity_id": 224,
        "type": "activity_walking",
        "duration_frames": 65,
        "participants": [
          10
        ],
        "participant_types": [
          "Person"
        ]
      },
      {
        "activity_id": 225,
        "type": "activity_walking",
        "duration_frames": 125,
        "participants": [
          10
        ],
        "participant_types": [
          "Person"
        ]
      },
      {
        "activity_id": 226,
        "type": "activity_walking",
        "duration_frames": 87,
        "participants": [
          37
        ],
        "participant_types": [
          "Person"
        ]
      },
      {
        "activity_id": 227,
        "type": "activity_walking",
        "duration_frames": 78,
        "participants": [
          6
        ],
        "participant_types": [
          "Person"
        ]
      },
      {
        "activity_id": 228,
        "type": "activity_walking",
        "duration_frames": 1325,
        "participants": [
          6
        ],
        "participant_types": [
          "Person"
        ]
      },
      {
        "activity_id": 229,
        "type": "activity_walking",
        "duration_frames": 37,
        "participants": [
          6
        ],
        "participant_types": [
          "Person"
        ]
      },
      {
        "activity_id": 230,
        "type": "activity_walking",
        "duration_frames": 100,
        "participants": [
          6
        ],
        "participant_types": [
          "Person"
        ]
      },
      {
        "activity_id": 231,
        "type": "activity_walking",
        "duration_frames": 464,
        "participants": [
          1
        ],
        "participant_types": [
          "Person"
        ]
      },
      {
        "activity_id": 232,
        "type": "activity_walking",
        "duration_frames": 789,
        "participants": [
          1
        ],
        "participant_types": [
          "Person"
        ]
      },
      {
        "activity_id": 233,
        "type": "activity_walking",
        "duration_frames": 95,
        "participants": [
          1
        ],
        "participant_types": [
          "Person"
        ]
      },
      {
        "activity_id": 234,
        "type": "activity_walking",
        "duration_frames": 211,
        "participants": [
          1
        ],
        "participant_types": [
          "Person"
        ]
      },
      {
        "activity_id": 235,
        "type": "activity_walking",
        "duration_frames": 91,
        "participants": [
          28
        ],
        "participant_types": [
          "Person"
        ]
      },
      {
        "activity_id": 236,
        "type": "activity_walking",
        "duration_frames": 39,
        "participants": [
          28
        ],
        "participant_types": [
          "Person"
        ]
      },
      {
        "activity_id": 237,
        "type": "activity_walking",
        "duration_frames": 1139,
        "participants": [
          31
        ],
        "participant_types": [
          "Person"
        ]
      },
      {
        "activity_id": 238,
        "type": "activity_walking",
        "duration_frames": 1025,
        "participants": [
          30
        ],
        "participant_types": [
          "Person"
        ]
      },
      {
        "activity_id": 239,
        "type": "activity_walking",
        "duration_frames": 258,
        "participants": [
          0
        ],
        "participant_types": [
          "Person"
        ]
      },
      {
        "activity_id": 240,
        "type": "activity_walking",
        "duration_frames": 150,
        "participants": [
          7
        ],
        "participant_types": [
          "Person"
        ]
      },
      {
        "activity_id": 241,
        "type": "activity_walking",
        "duration_frames": 1321,
        "participants": [
          7
        ],
        "participant_types": [
          "Person"
        ]
      },
      {
        "activity_id": 242,
        "type": "activity_walking",
        "duration_frames": 108,
        "participants": [
          7
        ],
        "participant_types": [
          "Person"
        ]
      },
      {
        "activity_id": 243,
        "type": "activity_walking",
        "duration_frames": 1175,
        "participants": [
          36
        ],
        "participant_types": [
          "Person"
        ]
      },
      {
        "activity_id": 244,
        "type": "activity_walking",
        "duration_frames": 17,
        "participants": [
          15
        ],
        "participant_types": [
          "Person"
        ]
      },
      {
        "activity_id": 245,
        "type": "activity_walking",
        "duration_frames": 393,
        "participants": [
          15
        ],
        "participant_types": [
          "Person"
        ]
      },
      {
        "activity_id": 246,
        "type": "activity_walking",
        "duration_frames": 347,
        "participants": [
          35
        ],
        "participant_types": [
          "Person"
        ]
      },
      {
        "activity_id": 247,
        "type": "activity_walking",
        "duration_frames": 1672,
        "participants": [
          23
        ],
        "participant_types": [
          "Person"
        ]
      },
      {
        "activity_id": 248,
        "type": "activity_walking",
        "duration_frames": 282,
        "participants": [
          38
        ],
        "participant_types": [
          "Person"
        ]
      },
      {
        "activity_id": 249,
        "type": "activity_walking",
        "duration_frames": 144,
        "participants": [
          12
        ],
        "participant_types": [
          "Person"
        ]
      },
      {
        "activity_id": 250,
        "type": "activity_walking",
        "duration_frames": 29,
        "participants": [
          12
        ],
        "participant_types": [
          "Person"
        ]
      },
      {
        "activity_id": 251,
        "type": "activity_walking",
        "duration_frames": 32,
        "participants": [
          12
        ],
        "participant_types": [
          "Person"
        ]
      },
      {
        "activity_id": 252,
        "type": "activity_walking",
        "duration_frames": 34,
        "participants": [
          12
        ],
        "participant_types": [
          "Person"
        ]
      },
      {
        "activity_id": 253,
        "type": "activity_walking",
        "duration_frames": 213,
        "participants": [
          12
        ],
        "participant_types": [
          "Person"
        ]
      },
      {
        "activity_id": 254,
        "type": "activity_walking",
        "duration_frames": 474,
        "participants": [
          29
        ],
        "participant_types": [
          "Person"
        ]
      },
      {
        "activity_id": 255,
        "type": "activity_walking",
        "duration_frames": 231,
        "participants": [
          29
        ],
        "participant_types": [
          "Person"
        ]
      },
      {
        "activity_id": 256,
        "type": "activity_walking",
        "duration_frames": 361,
        "participants": [
          29
        ],
        "participant_types": [
          "Person"
        ]
      },
      {
        "activity_id": 257,
        "type": "activity_walking",
        "duration_frames": 1823,
        "participants": [
          41
        ],
        "participant_types": [
          "Person"
        ]
      },
      {
        "activity_id": 258,
        "type": "activity_walking",
        "duration_frames": 1834,
        "participants": [
          40
        ],
        "participant_types": [
          "Person"
        ]
      },
      {
        "activity_id": 259,
        "type": "activity_walking",
        "duration_frames": 406,
        "participants": [
          21
        ],
        "participant_types": [
          "Person"
        ]
      },
      {
        "activity_id": 260,
        "type": "activity_walking",
        "duration_frames": 404,
        "participants": [
          21
        ],
        "participant_types": [
          "Person"
        ]
      },
      {
        "activity_id": 261,
        "type": "activity_walking",
        "duration_frames": 702,
        "participants": [
          8
        ],
        "participant_types": [
          "Person"
        ]
      },
      {
        "activity_id": 262,
        "type": "activity_walking",
        "duration_frames": 132,
        "participants": [
          11
        ],
        "participant_types": [
          "Person"
        ]
      },
      {
        "activity_id": 263,
        "type": "activity_walking",
        "duration_frames": 2814,
        "participants": [
          11
        ],
        "participant_types": [
          "Person"
        ]
      },
      {
        "activity_id": 264,
        "type": "activity_walking",
        "duration_frames": 78,
        "participants": [
          11
        ],
        "participant_types": [
          "Person"
        ]
      },
      {
        "activity_id": 265,
        "type": "vehicle_turning_left",
        "duration_frames": 29,
        "participants": [
          26
        ],
        "participant_types": [
          "Vehicle"
        ]
      },
      {
        "activity_id": 266,
        "type": "vehicle_turning_left",
        "duration_frames": 69,
        "participants": [
          3
        ],
        "participant_types": [
          "Vehicle"
        ]
      },
      {
        "activity_id": 267,
        "type": "vehicle_turning_left",
        "duration_frames": 28,
        "participants": [
          5
        ],
        "participant_types": [
          "Vehicle"
        ]
      },
      {
        "activity_id": 268,
        "type": "vehicle_turning_left",
        "duration_frames": 43,
        "participants": [
          27
        ],
        "participant_types": [
          "Vehicle"
        ]
      },
      {
        "activity_id": 269,
        "type": "vehicle_turning_left",
        "duration_frames": 118,
        "participants": [
          27
        ],
        "participant_types": [
          "Vehicle"
        ]
      },
      {
        "activity_id": 270,
        "type": "vehicle_turning_left",
        "duration_frames": 42,
        "participants": [
          14
        ],
        "participant_types": [
          "Vehicle"
        ]
      },
      {
        "activity_id": 271,
        "type": "vehicle_turning_left",
        "duration_frames": 117,
        "participants": [
          14
        ],
        "participant_types": [
          "Vehicle"
        ]
      },
      {
        "activity_id": 272,
        "type": "vehicle_turning_left",
        "duration_frames": 72,
        "participants": [
          14
        ],
        "participant_types": [
          "Vehicle"
        ]
      },
      {
        "activity_id": 273,
        "type": "vehicle_turning_left",
        "duration_frames": 72,
        "participants": [
          4
        ],
        "participant_types": [
          "Vehicle"
        ]
      }
    ],
    "alerts": []
  }
}