{
  "VIRAT_S_000000": {
    "camera_id": "VIRAT_S_000000",
    "location": "Desconocida",
    "priority": "media",
    "date": "2025-05-27",
    "activity_summary": {
      "total_activities": 25,
      "activities": [
        {
          "name": "Closing 5",
          "instances": 5,
          "participants": [
            "Person"
          ]
        },
        {
          "name": "Closing_Trunk 1",
          "instances": 1,
          "participants": [
            "Person"
          ]
        },
        {
          "name": "Entering 5",
          "instances": 5,
          "participants": [
            "Person"
          ]
        },
        {
          "name": "Exiting 4",
          "instances": 4,
          "participants": [
            "Person"
          ]
        },
        {
          "name": "Interacts 1",
          "instances": 1,
          "participants": [
            "Person"
          ]
        },
        {
          "name": "Misc 1",
          "instances": 1,
          "participants": [
            "Person"
          ]
        },
        {
          "name": "Open_Trunk 1",
          "instances": 1,
          "participants": [
            "Person"
          ]
        },
        {
          "name": "Opening 6",
          "instances": 6,
          "participants": [
            "Person"
          ]
        },
        {
          "name": "Pull 1",
          "instances": 1,
          "participants": [
            "Person"
          ]
        },
        {
          "name": "Riding 1",
          "instances": 1,
          "participants": [
            "Person"
          ]
        },
        {
          "name": "Talking 1",
          "instances": 1,
          "participants": [
            "Person"
          ]
        },
        {
          "name": "Unloading 3",
          "instances": 3,
          "participants": [
            "Person"
          ]
        },
        {
          "name": "activity_carrying 30",
          "instances": 30,
          "participants": [
            "Person"
          ]
        },
        {
          "name": "activity_crouching 1",
          "instances": 1,
          "participants": [
            "Person"
          ]
        },
        {
          "name": "activity_gesturing 3",
          "instances": 3,
          "participants": [
            "Person"
          ]
        },
        {
          "name": "activity_standing 11",
          "instances": 11,
          "participants": [
            "Person"
          ]
        },
        {
          "name": "activity_walking 37",
          "instances": 37,
          "participants": [
            "Person"
          ]
        },
        {
          "name": "specialized_talking_phone 1",
          "instances": 1,
          "participants": [
            "Person"
          ]
        },
        {
          "name": "specialized_texting_phone 1",
          "instances": 1,
          "participants": [
            "Person"
          ]
        },
        {
          "name": "specialized_using_tool 5",
          "instances": 5,
          "participants": [
            "Person"
          ]
        },
        {
          "name": "vehicle_moving 37",
          "instances": 37,
          "participants": [
            "Vehicle"
          ]
        },
        {
          "name": "vehicle_starting 19",
          "instances": 19,
          "participants": [
            "Vehicle"
          ]
        },
        {
          "name": "vehicle_stopping 20",
          "instances": 20,
          "participants": [
            "Vehicle"
          ]
        },
        {
          "name": "vehicle_turning_left 6",
          "instances": 6,
          "participants": [
            "Vehicle"
          ]
        },
        {
          "name": "vehicle_turning_right 4",
          "instances": 4,
          "participants": [
            "Vehicle"
          ]
        }
      ]
    },
    "object_counts": {
      "Animal 1": 1,
      "Bike 1": 1,
      "Door 1": 1,
      "Dumpster 1": 1,
      "Parking_Meter 1": 1,
      "Person 37": 37,
      "Prop 3": 3,
      "Push_Pulled_Object 1": 1,
      "Tree 1": 1,
      "Vehicle 94": 94
    },
    "specific_activities": [
      {
        "activity_id": 1,
        "type": "Talking",
        "duration_frames": 2884,
        "participants": [
          2,
          3
        ],
        "participant_types": [
          "Person",
          "Person"
        ]
      },
      {
        "activity_id": 2,
        "type": "Interacts",
        "duration_frames": 2592,
        "participants": [
          28,
          5000
        ],
        "participant_types": [
          "Person",
          "Parking_Meter"
        ]
      },
      {
        "activity_id": 3,
        "type": "Riding",
        "duration_frames": 186,
        "participants": [
          39,
          0
        ],
        "participant_types": [
          "Person",
          "Bike"
        ]
      },
      {
        "activity_id": 4,
        "type": "Open_Trunk",
        "duration_frames": 55,
        "participants": [
          23,
          37
        ],
        "participant_types": [
          "Person",
          "Vehicle"
        ]
      },
      {
        "activity_id": 5,
        "type": "Closing_Trunk",
        "duration_frames": 58,
        "participants": [
          23,
          37
        ],
        "participant_types": [
          "Person",
          "Vehicle"
        ]
      },
      {
        "activity_id": 6,
        "type": "Unloading",
        "duration_frames": 105,
        "participants": [
          23,
          136,
          24,
          37
        ],
        "participant_types": [
          "Person",
          "Prop",
          "Push_Pulled_Object",
          "Vehicle"
        ]
      },
      {
        "activity_id": 7,
        "type": "Unloading",
        "duration_frames": 222,
        "participants": [
          137,
          24,
          23,
          37
        ],
        "participant_types": [
          "Prop",
          "Push_Pulled_Object",
          "Person",
          "Vehicle"
        ]
      },
      {
        "activity_id": 8,
        "type": "Unloading",
        "duration_frames": 163,
        "participants": [
          37,
          138,
          23,
          24
        ],
        "participant_types": [
          "Vehicle",
          "Prop",
          "Person",
          "Push_Pulled_Object"
        ]
      },
      {
        "activity_id": 9,
        "type": "Pull",
        "duration_frames": 544,
        "participants": [
          24,
          23
        ],
        "participant_types": [
          "Push_Pulled_Object",
          "Person"
        ]
      },
      {
        "activity_id": 10,
        "type": "Misc",
        "duration_frames": 2547,
        "participants": [
          113,
          111
        ],
        "participant_types": [
          "Animal",
          "Person"
        ]
      },
      {
        "activity_id": 11,
        "type": "Exiting",
        "duration_frames": 17,
        "participants": [
          106,
          108
        ],
        "participant_types": [
          "Vehicle",
          "Person"
        ]
      },
      {
        "activity_id": 12,
        "type": "Exiting",
        "duration_frames": 16,
        "participants": [
          135,
          109
        ],
        "participant_types": [
          "Vehicle",
          "Person"
        ]
      },
      {
        "activity_id": 13,
        "type": "Exiting",
        "duration_frames": 82,
        "participants": [
          26,
          11
        ],
        "participant_types": [
          "Person",
          "Vehicle"
        ]
      },
      {
        "activity_id": 14,
        "type": "Exiting",
        "duration_frames": 124,
        "participants": [
          11,
          25
        ],
        "participant_types": [
          "Vehicle",
          "Person"
        ]
      },
      {
        "activity_id": 15,
        "type": "Entering",
        "duration_frames": 42,
        "participants": [
          10,
          29
        ],
        "participant_types": [
          "Person",
          "Vehicle"
        ]
      },
      {
        "activity_id": 16,
        "type": "Entering",
        "duration_frames": 21,
        "participants": [
          107,
          106
        ],
        "participant_types": [
          "Person",
          "Vehicle"
        ]
      },
      {
        "activity_id": 17,
        "type": "Entering",
        "duration_frames": 72,
        "participants": [
          21,
          31
        ],
        "participant_types": [
          "Person",
          "Vehicle"
        ]
      },
      {
        "activity_id": 18,
        "type": "Entering",
        "duration_frames": 48,
        "participants": [
          20,
          31
        ],
        "participant_types": [
          "Person",
          "Vehicle"
        ]
      },
      {
        "activity_id": 19,
        "type": "Entering",
        "duration_frames": 57,
        "participants": [
          35,
          36
        ],
        "participant_types": [
          "Person",
          "Vehicle"
        ]
      },
      {
        "activity_id": 20,
        "type": "Opening",
        "duration_frames": 45,
        "participants": [
          10,
          29
        ],
        "participant_types": [
          "Person",
          "Vehicle"
        ]
      },
      {
        "activity_id": 21,
        "type": "Opening",
        "duration_frames": 73,
        "participants": [
          26,
          11
        ],
        "participant_types": [
          "Person",
          "Vehicle"
        ]
      },
      {
        "activity_id": 22,
        "type": "Opening",
        "duration_frames": 76,
        "participants": [
          21,
          31
        ],
        "participant_types": [
          "Person",
          "Vehicle"
        ]
      },
      {
        "activity_id": 23,
        "type": "Opening",
        "duration_frames": 37,
        "participants": [
          21,
          31
        ],
        "participant_types": [
          "Person",
          "Vehicle"
        ]
      },
      {
        "activity_id": 24,
        "type": "Opening",
        "duration_frames": 41,
        "participants": [
          20,
          31
        ],
        "participant_types": [
          "Person",
          "Vehicle"
        ]
      },
      {
        "activity_id": 25,
        "type": "Opening",
        "duration_frames": 69,
        "participants": [
          35,
          36
        ],
        "participant_types": [
          "Person",
          "Vehicle"
        ]
      },
      {
        "activity_id": 26,
        "type": "Closing",
        "duration_frames": 43,
        "participants": [
          26,
          11
        ],
        "participant_types": [
          "Person",
          "Vehicle"
        ]
      },
      {
        "activity_id": 27,
        "type": "Closing",
        "duration_frames": 47,
        "participants": [
          25,
          11
        ],
        "participant_types": [
          "Person",
          "Vehicle"
        ]
      },
      {
        "activity_id": 28,
        "type": "Closing",
        "duration_frames": 34,
        "participants": [
          21,
          31
        ],
        "participant_types": [
          "Person",
          "Vehicle"
        ]
      },
      {
        "activity_id": 29,
        "type": "Closing",
        "duration_frames": 53,
        "participants": [
          21,
          31
        ],
        "participant_types": [
          "Person",
          "Vehicle"
        ]
      },
      {
        "activity_id": 30,
        "type": "Closing",
        "duration_frames": 33,
        "participants": [
          20,
          31
        ],
        "participant_types": [
          "Person",
          "Vehicle"
        ]
      },
      {
        "activity_id": 31,
        "type": "specialized_talking_phone",
        "duration_frames": 1431,
        "participants": [
          115
        ],
        "participant_types": [
          "Person"
        ]
      },
      {
        "activity_id": 32,
        "type": "vehicle_turning_right",
        "duration_frames": 76,
        "participants": [
          11
        ],
        "participant_types": [
          "Vehicle"
        ]
      },
      {
        "activity_id": 33,
        "type": "vehicle_turning_right",
        "duration_frames": 120,
        "participants": [
          11
        ],
        "participant_types": [
          "Vehicle"
        ]
      },
      {
        "activity_id": 34,
        "type": "vehicle_turning_right",
        "duration_frames": 74,
        "participants": [
          9
        ],
        "participant_types": [
          "Vehicle"
        ]
      },
      {
        "activity_id": 35,
        "type": "vehicle_turning_right",
        "duration_frames": 101,
        "participants": [
          98
        ],
        "participant_types": [
          "Vehicle"
        ]
      },
      {
        "activity_id": 36,
        "type": "specialized_using_tool",
        "duration_frames": 2791,
        "participants": [
          1
        ],
        "participant_types": [
          "Person"
        ]
      },
      {
        "activity_id": 37,
        "type": "specialized_using_tool",
        "duration_frames": 2295,
        "participants": [
          42
        ],
        "participant_types": [
          "Person"
        ]
      },
      {
        "activity_id": 38,
        "type": "specialized_using_tool",
        "duration_frames": 144,
        "participants": [
          7
        ],
        "participant_types": [
          "Person"
        ]
      },
      {
        "activity_id": 39,
        "type": "specialized_using_tool",
        "duration_frames": 120,
        "participants": [
          19
        ],
        "participant_types": [
          "Person"
        ]
      },
      {
        "activity_id": 40,
        "type": "specialized_using_tool",
        "duration_frames": 39,
        "participants": [
          4
        ],
        "participant_types": [
          "Person"
        ]
      },
      {
        "activity_id": 41,
        "type": "activity_walking",
        "duration_frames": 2667,
        "participants": [
          111
        ],
        "participant_types": [
          "Person"
        ]
      },
      {
        "activity_id": 42,
        "type": "activity_walking",
        "duration_frames": 149,
        "participants": [
          40
        ],
        "participant_types": [
          "Person"
        ]
      },
      {
        "activity_id": 43,
        "type": "activity_walking",
        "duration_frames": 497,
        "participants": [
          32
        ],
        "participant_types": [
          "Person"
        ]
      },
      {
        "activity_id": 44,
        "type": "activity_walking",
        "duration_frames": 584,
        "participants": [
          2
        ],
        "participant_types": [
          "Person"
        ]
      },
      {
        "activity_id": 45,
        "type": "activity_walking",
        "duration_frames": 387,
        "participants": [
          6
        ],
        "participant_types": [
          "Person"
        ]
      },
      {
        "activity_id": 46,
        "type": "activity_walking",
        "duration_frames": 1225,
        "participants": [
          20
        ],
        "participant_types": [
          "Person"
        ]
      },
      {
        "activity_id": 47,
        "type": "activity_walking",
        "duration_frames": 1873,
        "participants": [
          15
        ],
        "participant_types": [
          "Person"
        ]
      },
      {
        "activity_id": 48,
        "type": "activity_walking",
        "duration_frames": 257,
        "participants": [
          134
        ],
        "participant_types": [
          "Person"
        ]
      },
      {
        "activity_id": 49,
        "type": "activity_walking",
        "duration_frames": 548,
        "participants": [
          18
        ],
        "participant_types": [
          "Person"
        ]
      },
      {
        "activity_id": 50,
        "type": "activity_walking",
        "duration_frames": 49,
        "participants": [
          110
        ],
        "participant_types": [
          "Person"
        ]
      },
      {
        "activity_id": 51,
        "type": "activity_walking",
        "duration_frames": 325,
        "participants": [
          26
        ],
        "participant_types": [
          "Person"
        ]
      },
      {
        "activity_id": 52,
        "type": "activity_walking",
        "duration_frames": 279,
        "participants": [
          3
        ],
        "participant_types": [
          "Person"
        ]
      },
      {
        "activity_id": 53,
        "type": "activity_walking",
        "duration_frames": 1334,
        "participants": [
          109
        ],
        "participant_types": [
          "Person"
        ]
      },
      {
        "activity_id": 54,
        "type": "activity_walking",
        "duration_frames": 149,
        "participants": [
          41
        ],
        "participant_types": [
          "Person"
        ]
      },
      {
        "activity_id": 55,
        "type": "activity_walking",
        "duration_frames": 1104,
        "participants": [
          21
        ],
        "participant_types": [
          "Person"
        ]
      },
      {
        "activity_id": 56,
        "type": "activity_walking",
        "duration_frames": 1511,
        "participants": [
          115
        ],
        "participant_types": [
          "Person"
        ]
      },
      {
        "activity_id": 57,
        "type": "activity_walking",
        "duration_frames": 1462,
        "participants": [
          13
        ],
        "participant_types": [
          "Person"
        ]
      },
      {
        "activity_id": 58,
        "type": "activity_walking",
        "duration_frames": 208,
        "participants": [
          19
        ],
        "participant_types": [
          "Person"
        ]
      },
      {
        "activity_id": 59,
        "type": "activity_walking",
        "duration_frames": 2662,
        "participants": [
          112
        ],
        "participant_types": [
          "Person"
        ]
      },
      {
        "activity_id": 60,
        "type": "activity_walking",
        "duration_frames": 539,
        "participants": [
          23
        ],
        "participant_types": [
          "Person"
        ]
      },
      {
        "activity_id": 61,
        "type": "activity_walking",
        "duration_frames": 396,
        "participants": [
          5
        ],
        "participant_types": [
          "Person"
        ]
      },
      {
        "activity_id": 62,
        "type": "activity_walking",
        "duration_frames": 982,
        "participants": [
          35
        ],
        "participant_types": [
          "Person"
        ]
      },
      {
        "activity_id": 63,
        "type": "activity_walking",
        "duration_frames": 468,
        "participants": [
          25
        ],
        "participant_types": [
          "Person"
        ]
      },
      {
        "activity_id": 64,
        "type": "activity_walking",
        "duration_frames": 1415,
        "participants": [
          10
        ],
        "participant_types": [
          "Person"
        ]
      },
      {
        "activity_id": 65,
        "type": "activity_walking",
        "duration_frames": 586,
        "participants": [
          28
        ],
        "participant_types": [
          "Person"
        ]
      },
      {
        "activity_id": 66,
        "type": "activity_walking",
        "duration_frames": 1531,
        "participants": [
          28
        ],
        "participant_types": [
          "Person"
        ]
      },
      {
        "activity_id": 67,
        "type": "activity_walking",
        "duration_frames": 618,
        "participants": [
          33
        ],
        "participant_types": [
          "Person"
        ]
      },
      {
        "activity_id": 68,
        "type": "activity_walking",
        "duration_frames": 553,
        "participants": [
          42
        ],
        "participant_types": [
          "Person"
        ]
      },
      {
        "activity_id": 69,
        "type": "activity_walking",
        "duration_frames": 153,
        "participants": [
          30
        ],
        "participant_types": [
          "Person"
        ]
      },
      {
        "activity_id": 70,
        "type": "activity_walking",
        "duration_frames": 337,
        "participants": [
          7
        ],
        "participant_types": [
          "Person"
        ]
      },
      {
        "activity_id": 71,
        "type": "activity_walking",
        "duration_frames": 915,
        "participants": [
          27
        ],
        "participant_types": [
          "Person"
        ]
      },
      {
        "activity_id": 72,
        "type": "activity_walking",
        "duration_frames": 2791,
        "participants": [
          1
        ],
        "participant_types": [
          "Person"
        ]
      },
      {
        "activity_id": 73,
        "type": "activity_walking",
        "duration_frames": 146,
        "participants": [
          107
        ],
        "participant_types": [
          "Person"
        ]
      },
      {
        "activity_id": 74,
        "type": "activity_walking",
        "duration_frames": 729,
        "participants": [
          38
        ],
        "participant_types": [
          "Person"
        ]
      },
      {
        "activity_id": 75,
        "type": "activity_walking",
        "duration_frames": 142,
        "participants": [
          108
        ],
        "participant_types": [
          "Person"
        ]
      },
      {
        "activity_id": 76,
        "type": "activity_walking",
        "duration_frames": 110,
        "participants": [
          4
        ],
        "participant_types": [
          "Person"
        ]
      },
      {
        "activity_id": 77,
        "type": "activity_walking",
        "duration_frames": 2429,
        "participants": [
          114
        ],
        "participant_types": [
          "Person"
        ]
      },
      {
        "activity_id": 78,
        "type": "vehicle_stopping",
        "duration_frames": 27,
        "participants": [
          106
        ],
        "participant_types": [
          "Vehicle"
        ]
      },
      {
        "activity_id": 79,
        "type": "vehicle_stopping",
        "duration_frames": 66,
        "participants": [
          123
        ],
        "participant_types": [
          "Vehicle"
        ]
      },
      {
        "activity_id": 80,
        "type": "vehicle_stopping",
        "duration_frames": 108,
        "participants": [
          14
        ],
        "participant_types": [
          "Vehicle"
        ]
      },
      {
        "activity_id": 81,
        "type": "vehicle_stopping",
        "duration_frames": 95,
        "participants": [
          124
        ],
        "participant_types": [
          "Vehicle"
        ]
      },
      {
        "activity_id": 82,
        "type": "vehicle_stopping",
        "duration_frames": 67,
        "participants": [
          31
        ],
        "participant_types": [
          "Vehicle"
        ]
      },
      {
        "activity_id": 83,
        "type": "vehicle_stopping",
        "duration_frames": 61,
        "participants": [
          8
        ],
        "participant_types": [
          "Vehicle"
        ]
      },
      {
        "activity_id": 84,
        "type": "vehicle_stopping",
        "duration_frames": 99,
        "participants": [
          122
        ],
        "participant_types": [
          "Vehicle"
        ]
      },
      {
        "activity_id": 85,
        "type": "vehicle_stopping",
        "duration_frames": 88,
        "participants": [
          125
        ],
        "participant_types": [
          "Vehicle"
        ]
      },
      {
        "activity_id": 86,
        "type": "vehicle_stopping",
        "duration_frames": 146,
        "participants": [
          127
        ],
        "participant_types": [
          "Vehicle"
        ]
      },
      {
        "activity_id": 87,
        "type": "vehicle_stopping",
        "duration_frames": 170,
        "participants": [
          16
        ],
        "participant_types": [
          "Vehicle"
        ]
      },
      {
        "activity_id": 88,
        "type": "vehicle_stopping",
        "duration_frames": 34,
        "participants": [
          135
        ],
        "participant_types": [
          "Vehicle"
        ]
      },
      {
        "activity_id": 89,
        "type": "vehicle_stopping",
        "duration_frames": 60,
        "participants": [
          126
        ],
        "participant_types": [
          "Vehicle"
        ]
      },
      {
        "activity_id": 90,
        "type": "vehicle_stopping",
        "duration_frames": 108,
        "participants": [
          11
        ],
        "participant_types": [
          "Vehicle"
        ]
      },
      {
        "activity_id": 91,
        "type": "vehicle_stopping",
        "duration_frames": 84,
        "participants": [
          128
        ],
        "participant_types": [
          "Vehicle"
        ]
      },
      {
        "activity_id": 92,
        "type": "vehicle_stopping",
        "duration_frames": 53,
        "participants": [
          100
        ],
        "participant_types": [
          "Vehicle"
        ]
      },
      {
        "activity_id": 93,
        "type": "vehicle_stopping",
        "duration_frames": 53,
        "participants": [
          100
        ],
        "participant_types": [
          "Vehicle"
        ]
      },
      {
        "activity_id": 94,
        "type": "vehicle_stopping",
        "duration_frames": 77,
        "participants": [
          100
        ],
        "participant_types": [
          "Vehicle"
        ]
      },
      {
        "activity_id": 95,
        "type": "vehicle_stopping",
        "duration_frames": 174,
        "participants": [
          100
        ],
        "participant_types": [
          "Vehicle"
        ]
      },
      {
        "activity_id": 96,
        "type": "vehicle_stopping",
        "duration_frames": 65,
        "participants": [
          131
        ],
        "participant_types": [
          "Vehicle"
        ]
      },
      {
        "activity_id": 97,
        "type": "vehicle_stopping",
        "duration_frames": 161,
        "participants": [
          9
        ],
        "participant_types": [
          "Vehicle"
        ]
      },
      {
        "activity_id": 98,
        "type": "vehicle_starting",
        "duration_frames": 196,
        "participants": [
          36
        ],
        "participant_types": [
          "Vehicle"
        ]
      },
      {
        "activity_id": 99,
        "type": "vehicle_starting",
        "duration_frames": 93,
        "participants": [
          126
        ],
        "participant_types": [
          "Vehicle"
        ]
      },
      {
        "activity_id": 100,
        "type": "vehicle_starting",
        "duration_frames": 102,
        "participants": [
          29
        ],
        "participant_types": [
          "Vehicle"
        ]
      },
      {
        "activity_id": 101,
        "type": "vehicle_starting",
        "duration_frames": 122,
        "participants": [
          128
        ],
        "participant_types": [
          "Vehicle"
        ]
      },
      {
        "activity_id": 102,
        "type": "vehicle_starting",
        "duration_frames": 65,
        "participants": [
          100
        ],
        "participant_types": [
          "Vehicle"
        ]
      },
      {
        "activity_id": 103,
        "type": "vehicle_starting",
        "duration_frames": 91,
        "participants": [
          100
        ],
        "participant_types": [
          "Vehicle"
        ]
      },
      {
        "activity_id": 104,
        "type": "vehicle_starting",
        "duration_frames": 115,
        "participants": [
          100
        ],
        "participant_types": [
          "Vehicle"
        ]
      },
      {
        "activity_id": 105,
        "type": "vehicle_starting",
        "duration_frames": 45,
        "participants": [
          131
        ],
        "participant_types": [
          "Vehicle"
        ]
      },
      {
        "activity_id": 106,
        "type": "vehicle_starting",
        "duration_frames": 62,
        "participants": [
          9
        ],
        "participant_types": [
          "Vehicle"
        ]
      },
      {
        "activity_id": 107,
        "type": "vehicle_starting",
        "duration_frames": 56,
        "participants": [
          106
        ],
        "participant_types": [
          "Vehicle"
        ]
      },
      {
        "activity_id": 108,
        "type": "vehicle_starting",
        "duration_frames": 90,
        "participants": [
          124
        ],
        "participant_types": [
          "Vehicle"
        ]
      },
      {
        "activity_id": 109,
        "type": "vehicle_starting",
        "duration_frames": 93,
        "participants": [
          14
        ],
        "participant_types": [
          "Vehicle"
        ]
      },
      {
        "activity_id": 110,
        "type": "vehicle_starting",
        "duration_frames": 71,
        "participants": [
          123
        ],
        "participant_types": [
          "Vehicle"
        ]
      },
      {
        "activity_id": 111,
        "type": "vehicle_starting",
        "duration_frames": 322,
        "participants": [
          31
        ],
        "participant_types": [
          "Vehicle"
        ]
      },
      {
        "activity_id": 112,
        "type": "vehicle_starting",
        "duration_frames": 66,
        "participants": [
          31
        ],
        "participant_types": [
          "Vehicle"
        ]
      },
      {
        "activity_id": 113,
        "type": "vehicle_starting",
        "duration_frames": 90,
        "participants": [
          8
        ],
        "participant_types": [
          "Vehicle"
        ]
      },
      {
        "activity_id": 114,
        "type": "vehicle_starting",
        "duration_frames": 43,
        "participants": [
          125
        ],
        "participant_types": [
          "Vehicle"
        ]
      },
      {
        "activity_id": 115,
        "type": "vehicle_starting",
        "duration_frames": 30,
        "participants": [
          127
        ],
        "participant_types": [
          "Vehicle"
        ]
      },
      {
        "activity_id": 116,
        "type": "vehicle_starting",
        "duration_frames": 75,
        "participants": [
          16
        ],
        "participant_types": [
          "Vehicle"
        ]
      },
      {
        "activity_id": 117,
        "type": "activity_gesturing",
        "duration_frames": 30,
        "participants": [
          25
        ],
        "participant_types": [
          "Person"
        ]
      },
      {
        "activity_id": 118,
        "type": "activity_gesturing",
        "duration_frames": 1121,
        "participants": [
          2
        ],
        "participant_types": [
          "Person"
        ]
      },
      {
        "activity_id": 119,
        "type": "activity_gesturing",
        "duration_frames": 103,
        "participants": [
          2
        ],
        "participant_types": [
          "Person"
        ]
      },
      {
        "activity_id": 120,
        "type": "activity_carrying",
        "duration_frames": 1143,
        "participants": [
          10
        ],
        "participant_types": [
          "Person"
        ]
      },
      {
        "activity_id": 121,
        "type": "activity_carrying",
        "duration_frames": 434,
        "participants": [
          32
        ],
        "participant_types": [
          "Person"
        ]
      },
      {
        "activity_id": 122,
        "type": "activity_carrying",
        "duration_frames": 44,
        "participants": [
          6
        ],
        "participant_types": [
          "Person"
        ]
      },
      {
        "activity_id": 123,
        "type": "activity_carrying",
        "duration_frames": 193,
        "participants": [
          39
        ],
        "participant_types": [
          "Person"
        ]
      },
      {
        "activity_id": 124,
        "type": "activity_carrying",
        "duration_frames": 1784,
        "participants": [
          15
        ],
        "participant_types": [
          "Person"
        ]
      },
      {
        "activity_id": 125,
        "type": "activity_carrying",
        "duration_frames": 522,
        "participants": [
          33
        ],
        "participant_types": [
          "Person"
        ]
      },
      {
        "activity_id": 126,
        "type": "activity_carrying",
        "duration_frames": 98,
        "participants": [
          35
        ],
        "participant_types": [
          "Person"
        ]
      },
      {
        "activity_id": 127,
        "type": "activity_carrying",
        "duration_frames": 765,
        "participants": [
          35
        ],
        "participant_types": [
          "Person"
        ]
      },
      {
        "activity_id": 128,
        "type": "activity_carrying",
        "duration_frames": 3270,
        "participants": [
          3
        ],
        "participant_types": [
          "Person"
        ]
      },
      {
        "activity_id": 129,
        "type": "activity_carrying",
        "duration_frames": 168,
        "participants": [
          134
        ],
        "participant_types": [
          "Person"
        ]
      },
      {
        "activity_id": 130,
        "type": "activity_carrying",
        "duration_frames": 540,
        "participants": [
          42
        ],
        "participant_types": [
          "Person"
        ]
      },
      {
        "activity_id": 131,
        "type": "activity_carrying",
        "duration_frames": 460,
        "participants": [
          18
        ],
        "participant_types": [
          "Person"
        ]
      },
      {
        "activity_id": 132,
        "type": "activity_carrying",
        "duration_frames": 714,
        "participants": [
          38
        ],
        "participant_types": [
          "Person"
        ]
      },
      {
        "activity_id": 133,
        "type": "activity_carrying",
        "duration_frames": 164,
        "participants": [
          115
        ],
        "participant_types": [
          "Person"
        ]
      },
      {
        "activity_id": 134,
        "type": "activity_carrying",
        "duration_frames": 682,
        "participants": [
          27
        ],
        "participant_types": [
          "Person"
        ]
      },
      {
        "activity_id": 135,
        "type": "activity_carrying",
        "duration_frames": 16,
        "participants": [
          27
        ],
        "participant_types": [
          "Person"
        ]
      },
      {
        "activity_id": 136,
        "type": "activity_carrying",
        "duration_frames": 131,
        "participants": [
          27
        ],
        "participant_types": [
          "Person"
        ]
      },
      {
        "activity_id": 137,
        "type": "activity_carrying",
        "duration_frames": 144,
        "participants": [
          7
        ],
        "participant_types": [
          "Person"
        ]
      },
      {
        "activity_id": 138,
        "type": "activity_carrying",
        "duration_frames": 2654,
        "participants": [
          1
        ],
        "participant_types": [
          "Person"
        ]
      },
      {
        "activity_id": 139,
        "type": "activity_carrying",
        "duration_frames": 1012,
        "participants": [
          21
        ],
        "participant_types": [
          "Person"
        ]
      },
      {
        "activity_id": 140,
        "type": "activity_carrying",
        "duration_frames": 39,
        "participants": [
          4
        ],
        "participant_types": [
          "Person"
        ]
      },
      {
        "activity_id": 141,
        "type": "activity_carrying",
        "duration_frames": 1181,
        "participants": [
          23
        ],
        "participant_types": [
          "Person"
        ]
      },
      {
        "activity_id": 142,
        "type": "activity_carrying",
        "duration_frames": 143,
        "participants": [
          23
        ],
        "participant_types": [
          "Person"
        ]
      },
      {
        "activity_id": 143,
        "type": "activity_carrying",
        "duration_frames": 1420,
        "participants": [
          114
        ],
        "participant_types": [
          "Person"
        ]
      },
      {
        "activity_id": 144,
        "type": "activity_carrying",
        "duration_frames": 754,
        "participants": [
          114
        ],
        "participant_types": [
          "Person"
        ]
      },
      {
        "activity_id": 145,
        "type": "activity_carrying",
        "duration_frames": 75,
        "participants": [
          114
        ],
        "participant_types": [
          "Person"
        ]
      },
      {
        "activity_id": 146,
        "type": "activity_carrying",
        "duration_frames": 38,
        "participants": [
          114
        ],
        "participant_types": [
          "Person"
        ]
      },
      {
        "activity_id": 147,
        "type": "activity_carrying",
        "duration_frames": 84,
        "participants": [
          5
        ],
        "participant_types": [
          "Person"
        ]
      },
      {
        "activity_id": 148,
        "type": "activity_carrying",
        "duration_frames": 172,
        "participants": [
          13
        ],
        "participant_types": [
          "Person"
        ]
      },
      {
        "activity_id": 149,
        "type": "activity_carrying",
        "duration_frames": 120,
        "participants": [
          19
        ],
        "participant_types": [
          "Person"
        ]
      },
      {
        "activity_id": 150,
        "type": "vehicle_turning_left",
        "duration_frames": 154,
        "participants": [
          36
        ],
        "participant_types": [
          "Vehicle"
        ]
      },
      {
        "activity_id": 151,
        "type": "vehicle_turning_left",
        "duration_frames": 98,
        "participants": [
          121
        ],
        "participant_types": [
          "Vehicle"
        ]
      },
      {
        "activity_id": 152,
        "type": "vehicle_turning_left",
        "duration_frames": 84,
        "participants": [
          98
        ],
        "participant_types": [
          "Vehicle"
        ]
      },
      {
        "activity_id": 153,
        "type": "vehicle_turning_left",
        "duration_frames": 110,
        "participants": [
          11
        ],
        "participant_types": [
          "Vehicle"
        ]
      },
      {
        "activity_id": 154,
        "type": "vehicle_turning_left",
        "duration_frames": 86,
        "participants": [
          11
        ],
        "participant_types": [
          "Vehicle"
        ]
      },
      {
        "activity_id": 155,
        "type": "vehicle_turning_left",
        "duration_frames": 39,
        "participants": [
          29
        ],
        "participant_types": [
          "Vehicle"
        ]
      },
      {
        "activity_id": 156,
        "type": "activity_standing",
        "duration_frames": 56,
        "participants": [
          20
        ],
        "participant_types": [
          "Person"
        ]
      },
      {
        "activity_id": 157,
        "type": "activity_standing",
        "duration_frames": 156,
        "participants": [
          10
        ],
        "participant_types": [
          "Person"
        ]
      },
      {
        "activity_id": 158,
        "type": "activity_standing",
        "duration_frames": 2970,
        "participants": [
          2
        ],
        "participant_types": [
          "Person"
        ]
      },
      {
        "activity_id": 159,
        "type": "activity_standing",
        "duration_frames": 2590,
        "participants": [
          28
        ],
        "participant_types": [
          "Person"
        ]
      },
      {
        "activity_id": 160,
        "type": "activity_standing",
        "duration_frames": 25,
        "participants": [
          25
        ],
        "participant_types": [
          "Person"
        ]
      },
      {
        "activity_id": 161,
        "type": "activity_standing",
        "duration_frames": 113,
        "participants": [
          35
        ],
        "participant_types": [
          "Person"
        ]
      },
      {
        "activity_id": 162,
        "type": "activity_standing",
        "duration_frames": 319,
        "participants": [
          21
        ],
        "participant_types": [
          "Person"
        ]
      },
      {
        "activity_id": 163,
        "type": "activity_standing",
        "duration_frames": 127,
        "participants": [
          26
        ],
        "participant_types": [
          "Person"
        ]
      },
      {
        "activity_id": 164,
        "type": "activity_standing",
        "duration_frames": 4629,
        "participants": [
          23
        ],
        "participant_types": [
          "Person"
        ]
      },
      {
        "activity_id": 165,
        "type": "activity_standing",
        "duration_frames": 2990,
        "participants": [
          3
        ],
        "participant_types": [
          "Person"
        ]
      },
      {
        "activity_id": 166,
        "type": "activity_standing",
        "duration_frames": 123,
        "participants": [
          42
        ],
        "participant_types": [
          "Person"
        ]
      },
      {
        "activity_id": 167,
        "type": "vehicle_moving",
        "duration_frames": 259,
        "participants": [
          127
        ],
        "participant_types": [
          "Vehicle"
        ]
      },
      {
        "activity_id": 168,
        "type": "vehicle_moving",
        "duration_frames": 283,
        "participants": [
          8
        ],
        "participant_types": [
          "Vehicle"
        ]
      },
      {
        "activity_id": 169,
        "type": "vehicle_moving",
        "duration_frames": 237,
        "participants": [
          132
        ],
        "participant_types": [
          "Vehicle"
        ]
      },
      {
        "activity_id": 170,
        "type": "vehicle_moving",
        "duration_frames": 165,
        "participants": [
          12
        ],
        "participant_types": [
          "Vehicle"
        ]
      },
      {
        "activity_id": 171,
        "type": "vehicle_moving",
        "duration_frames": 180,
        "participants": [
          129
        ],
        "participant_types": [
          "Vehicle"
        ]
      },
      {
        "activity_id": 172,
        "type": "vehicle_moving",
        "duration_frames": 73,
        "participants": [
          106
        ],
        "participant_types": [
          "Vehicle"
        ]
      },
      {
        "activity_id": 173,
        "type": "vehicle_moving",
        "duration_frames": 66,
        "participants": [
          106
        ],
        "participant_types": [
          "Vehicle"
        ]
      },
      {
        "activity_id": 174,
        "type": "vehicle_moving",
        "duration_frames": 342,
        "participants": [
          123
        ],
        "participant_types": [
          "Vehicle"
        ]
      },
      {
        "activity_id": 175,
        "type": "vehicle_moving",
        "duration_frames": 354,
        "participants": [
          124
        ],
        "participant_types": [
          "Vehicle"
        ]
      },
      {
        "activity_id": 176,
        "type": "vehicle_moving",
        "duration_frames": 154,
        "participants": [
          118
        ],
        "participant_types": [
          "Vehicle"
        ]
      },
      {
        "activity_id": 177,
        "type": "vehicle_moving",
        "duration_frames": 314,
        "participants": [
          131
        ],
        "participant_types": [
          "Vehicle"
        ]
      },
      {
        "activity_id": 178,
        "type": "vehicle_moving",
        "duration_frames": 375,
        "participants": [
          128
        ],
        "participant_types": [
          "Vehicle"
        ]
      },
      {
        "activity_id": 179,
        "type": "vehicle_moving",
        "duration_frames": 481,
        "participants": [
          98
        ],
        "participant_types": [
          "Vehicle"
        ]
      },
      {
        "activity_id": 180,
        "type": "vehicle_moving",
        "duration_frames": 423,
        "participants": [
          29
        ],
        "participant_types": [
          "Vehicle"
        ]
      },
      {
        "activity_id": 181,
        "type": "vehicle_moving",
        "duration_frames": 174,
        "participants": [
          117
        ],
        "participant_types": [
          "Vehicle"
        ]
      },
      {
        "activity_id": 182,
        "type": "vehicle_moving",
        "duration_frames": 376,
        "participants": [
          126
        ],
        "participant_types": [
          "Vehicle"
        ]
      },
      {
        "activity_id": 183,
        "type": "vehicle_moving",
        "duration_frames": 1050,
        "participants": [
          11
        ],
        "participant_types": [
          "Vehicle"
        ]
      },
      {
        "activity_id": 184,
        "type": "vehicle_moving",
        "duration_frames": 135,
        "participants": [
          119
        ],
        "participant_types": [
          "Vehicle"
        ]
      },
      {
        "activity_id": 185,
        "type": "vehicle_moving",
        "duration_frames": 113,
        "participants": [
          17
        ],
        "participant_types": [
          "Vehicle"
        ]
      },
      {
        "activity_id": 186,
        "type": "vehicle_moving",
        "duration_frames": 57,
        "participants": [
          135
        ],
        "participant_types": [
          "Vehicle"
        ]
      },
      {
        "activity_id": 187,
        "type": "vehicle_moving",
        "duration_frames": 206,
        "participants": [
          122
        ],
        "participant_types": [
          "Vehicle"
        ]
      },
      {
        "activity_id": 188,
        "type": "vehicle_moving",
        "duration_frames": 300,
        "participants": [
          125
        ],
        "participant_types": [
          "Vehicle"
        ]
      },
      {
        "activity_id": 189,
        "type": "vehicle_moving",
        "duration_frames": 361,
        "participants": [
          16
        ],
        "participant_types": [
          "Vehicle"
        ]
      },
      {
        "activity_id": 190,
        "type": "vehicle_moving",
        "duration_frames": 622,
        "participants": [
          31
        ],
        "participant_types": [
          "Vehicle"
        ]
      },
      {
        "activity_id": 191,
        "type": "vehicle_moving",
        "duration_frames": 344,
        "participants": [
          121
        ],
        "participant_types": [
          "Vehicle"
        ]
      },
      {
        "activity_id": 192,
        "type": "vehicle_moving",
        "duration_frames": 352,
        "participants": [
          14
        ],
        "participant_types": [
          "Vehicle"
        ]
      },
      {
        "activity_id": 193,
        "type": "vehicle_moving",
        "duration_frames": 25,
        "participants": [
          133
        ],
        "participant_types": [
          "Vehicle"
        ]
      },
      {
        "activity_id": 194,
        "type": "vehicle_moving",
        "duration_frames": 173,
        "participants": [
          100
        ],
        "participant_types": [
          "Vehicle"
        ]
      },
      {
        "activity_id": 195,
        "type": "vehicle_moving",
        "duration_frames": 169,
        "participants": [
          100
        ],
        "participant_types": [
          "Vehicle"
        ]
      },
      {
        "activity_id": 196,
        "type": "vehicle_moving",
        "duration_frames": 319,
        "participants": [
          100
        ],
        "participant_types": [
          "Vehicle"
        ]
      },
      {
        "activity_id": 197,
        "type": "vehicle_moving",
        "duration_frames": 435,
        "participants": [
          9
        ],
        "participant_types": [
          "Vehicle"
        ]
      },
      {
        "activity_id": 198,
        "type": "vehicle_moving",
        "duration_frames": 196,
        "participants": [
          0
        ],
        "participant_types": [
          "Bike"
        ]
      },
      {
        "activity_id": 199,
        "type": "vehicle_moving",
        "duration_frames": 270,
        "participants": [
          116
        ],
        "participant_types": [
          "Vehicle"
        ]
      },
      {
        "activity_id": 200,
        "type": "vehicle_moving",
        "duration_frames": 65,
        "participants": [
          99
        ],
        "participant_types": [
          "Vehicle"
        ]
      },
      {
        "activity_id": 201,
        "type": "vehicle_moving",
        "duration_frames": 166,
        "participants": [
          130
        ],
        "participant_types": [
          "Vehicle"
        ]
      },
      {
        "activity_id": 202,
        "type": "vehicle_moving",
        "duration_frames": 621,
        "participants": [
          36
        ],
        "participant_types": [
          "Vehicle"
        ]
      },
      {
        "activity_id": 203,
        "type": "vehicle_moving",
        "duration_frames": 151,
        "participants": [
          120
        ],
        "participant_types": [
          "Vehicle"
        ]
      },
      {
        "activity_id": 204,
        "type": "activity_crouching",
        "duration_frames": 1617,
        "participants": [
          42
        ],
        "participant_types": [
          "Person"
        ]
      },
      {
        "activity_id": 205,
        "type": "specialized_texting_phone",
        "duration_frames": 356,
        "participants": [
          3
        ],
        "participant_types": [
          "Person"
        ]
      }
    ],
    "alerts": []
  }
}