{
  "VIRAT_S_000000": {
    "camera_id": "VIRAT_S_000000",
    "location": "Desconocida",
    "priority": "media",
    "date": "2025-05-27",
    "activity_summary": {
      "total_activities": 15,
      "activities": [
        {
          "name": "Closing 3",
          "instances": 3,
          "participants": [
            "Person"
          ]
        },
        {
          "name": "Exiting 3",
          "instances": 3,
          "participants": [
            "Person"
          ]
        },
        {
          "name": "Interacts 14",
          "instances": 14,
          "participants": [
            "Person"
          ]
        },
        {
          "name": "Opening 3",
          "instances": 3,
          "participants": [
            "Person"
          ]
        },
        {
          "name": "Riding 2",
          "instances": 2,
          "participants": [
            "Person"
          ]
        },
        {
          "name": "Unloading 1",
          "instances": 1,
          "participants": [
            "Person"
          ]
        },
        {
          "name": "activity_carrying 5",
          "instances": 5,
          "participants": [
            "Person"
          ]
        },
        {
          "name": "activity_standing 16",
          "instances": 16,
          "participants": [
            "Person"
          ]
        },
        {
          "name": "activity_walking 24",
          "instances": 24,
          "participants": [
            "Person"
          ]
        },
        {
          "name": "specialized_miscellaneous 1",
          "instances": 1,
          "participants": [
            "Person"
          ]
        },
        {
          "name": "vehicle_moving 23",
          "instances": 23,
          "participants": [
            "Vehicle"
          ]
        },
        {
          "name": "vehicle_starting 3",
          "instances": 3,
          "participants": [
            "Vehicle"
          ]
        },
        {
          "name": "vehicle_stopping 9",
          "instances": 9,
          "participants": [
            "Vehicle"
          ]
        },
        {
          "name": "vehicle_turning_left 6",
          "instances": 6,
          "participants": [
            "Vehicle"
          ]
        },
        {
          "name": "vehicle_turning_right 3",
          "instances": 3,
          "participants": [
            "Vehicle"
          ]
        }
      ]
    },
    "object_counts": {
      "Bike 2": 2,
      "Door 1": 1,
      "Dumpster 1": 1,
      "Parking_Meter 1": 1,
      "Person 17": 17,
      "Tree 1": 1,
      "Vehicle 44": 44
    },
    "specific_activities": [
      {
        "activity_id": 1,
        "type": "Interacts",
        "duration_frames": 1790,
        "participants": [
          54,
          5000
        ],
        "participant_types": [
          "Person",
          "Parking_Meter"
        ]
      },
      {
        "activity_id": 2,
        "type": "Interacts",
        "duration_frames": 54,
        "participants": [
          53,
          5000
        ],
        "participant_types": [
          "Person",
          "Parking_Meter"
        ]
      },
      {
        "activity_id": 3,
        "type": "Interacts",
        "duration_frames": 41,
        "participants": [
          53,
          5000
        ],
        "participant_types": [
          "Person",
          "Parking_Meter"
        ]
      },
      {
        "activity_id": 4,
        "type": "Interacts",
        "duration_frames": 51,
        "participants": [
          53,
          5000
        ],
        "participant_types": [
          "Person",
          "Parking_Meter"
        ]
      },
      {
        "activity_id": 5,
        "type": "Interacts",
        "duration_frames": 58,
        "participants": [
          53,
          5000
        ],
        "participant_types": [
          "Person",
          "Parking_Meter"
        ]
      },
      {
        "activity_id": 6,
        "type": "Interacts",
        "duration_frames": 257,
        "participants": [
          53,
          5000
        ],
        "participant_types": [
          "Person",
          "Parking_Meter"
        ]
      },
      {
        "activity_id": 7,
        "type": "Interacts",
        "duration_frames": 77,
        "participants": [
          53,
          5000
        ],
        "participant_types": [
          "Person",
          "Parking_Meter"
        ]
      },
      {
        "activity_id": 8,
        "type": "Interacts",
        "duration_frames": 57,
        "participants": [
          54,
          5000
        ],
        "participant_types": [
          "Person",
          "Parking_Meter"
        ]
      },
      {
        "activity_id": 9,
        "type": "Interacts",
        "duration_frames": 59,
        "participants": [
          54,
          5000
        ],
        "participant_types": [
          "Person",
          "Parking_Meter"
        ]
      },
      {
        "activity_id": 10,
        "type": "Interacts",
        "duration_frames": 16,
        "participants": [
          54,
          5000
        ],
        "participant_types": [
          "Person",
          "Parking_Meter"
        ]
      },
      {
        "activity_id": 11,
        "type": "Interacts",
        "duration_frames": 271,
        "participants": [
          54,
          5000
        ],
        "participant_types": [
          "Person",
          "Parking_Meter"
        ]
      },
      {
        "activity_id": 12,
        "type": "Interacts",
        "duration_frames": 52,
        "participants": [
          54,
          5000
        ],
        "participant_types": [
          "Person",
          "Parking_Meter"
        ]
      },
      {
        "activity_id": 13,
        "type": "Interacts",
        "duration_frames": 174,
        "participants": [
          59,
          5001
        ],
        "participant_types": [
          "Person",
          "Dumpster"
        ]
      },
      {
        "activity_id": 14,
        "type": "Interacts",
        "duration_frames": 269,
        "participants": [
          18,
          62
        ],
        "participant_types": [
          "Vehicle",
          "Person"
        ]
      },
      {
        "activity_id": 15,
        "type": "Riding",
        "duration_frames": 1067,
        "participants": [
          57,
          58
        ],
        "participant_types": [
          "Person",
          "Bike"
        ]
      },
      {
        "activity_id": 16,
        "type": "Riding",
        "duration_frames": 325,
        "participants": [
          61,
          60
        ],
        "participant_types": [
          "Bike",
          "Person"
        ]
      },
      {
        "activity_id": 17,
        "type": "Unloading",
        "duration_frames": 62,
        "participants": [
          5,
          40
        ],
        "participant_types": [
          "Person",
          "Vehicle"
        ]
      },
      {
        "activity_id": 18,
        "type": "Exiting",
        "duration_frames": 62,
        "participants": [
          40,
          5
        ],
        "participant_types": [
          "Vehicle",
          "Person"
        ]
      },
      {
        "activity_id": 19,
        "type": "Exiting",
        "duration_frames": 105,
        "participants": [
          20,
          54
        ],
        "participant_types": [
          "Vehicle",
          "Person"
        ]
      },
      {
        "activity_id": 20,
        "type": "Exiting",
        "duration_frames": 63,
        "participants": [
          6,
          7
        ],
        "participant_types": [
          "Vehicle",
          "Person"
        ]
      },
      {
        "activity_id": 21,
        "type": "Opening",
        "duration_frames": 134,
        "participants": [
          40,
          5
        ],
        "participant_types": [
          "Vehicle",
          "Person"
        ]
      },
      {
        "activity_id": 22,
        "type": "Opening",
        "duration_frames": 45,
        "participants": [
          6,
          7
        ],
        "participant_types": [
          "Vehicle",
          "Person"
        ]
      },
      {
        "activity_id": 23,
        "type": "Opening",
        "duration_frames": 41,
        "participants": [
          62,
          18
        ],
        "participant_types": [
          "Person",
          "Vehicle"
        ]
      },
      {
        "activity_id": 24,
        "type": "Closing",
        "duration_frames": 47,
        "participants": [
          40,
          5
        ],
        "participant_types": [
          "Vehicle",
          "Person"
        ]
      },
      {
        "activity_id": 25,
        "type": "Closing",
        "duration_frames": 97,
        "participants": [
          7,
          6
        ],
        "participant_types": [
          "Person",
          "Vehicle"
        ]
      },
      {
        "activity_id": 26,
        "type": "Closing",
        "duration_frames": 30,
        "participants": [
          18,
          62
        ],
        "participant_types": [
          "Vehicle",
          "Person"
        ]
      },
      {
        "activity_id": 27,
        "type": "vehicle_starting",
        "duration_frames": 31,
        "participants": [
          36
        ],
        "participant_types": [
          "Vehicle"
        ]
      },
      {
        "activity_id": 28,
        "type": "vehicle_starting",
        "duration_frames": 63,
        "participants": [
          34
        ],
        "participant_types": [
          "Vehicle"
        ]
      },
      {
        "activity_id": 29,
        "type": "vehicle_starting",
        "duration_frames": 40,
        "participants": [
          35
        ],
        "participant_types": [
          "Vehicle"
        ]
      },
      {
        "activity_id": 30,
        "type": "activity_walking",
        "duration_frames": 362,
        "participants": [
          64
        ],
        "participant_types": [
          "Person"
        ]
      },
      {
        "activity_id": 31,
        "type": "activity_walking",
        "duration_frames": 98,
        "participants": [
          59
        ],
        "participant_types": [
          "Person"
        ]
      },
      {
        "activity_id": 32,
        "type": "activity_walking",
        "duration_frames": 165,
        "participants": [
          59
        ],
        "participant_types": [
          "Person"
        ]
      },
      {
        "activity_id": 33,
        "type": "activity_walking",
        "duration_frames": 120,
        "participants": [
          59
        ],
        "participant_types": [
          "Person"
        ]
      },
      {
        "activity_id": 34,
        "type": "activity_walking",
        "duration_frames": 764,
        "participants": [
          5
        ],
        "participant_types": [
          "Person"
        ]
      },
      {
        "activity_id": 35,
        "type": "activity_walking",
        "duration_frames": 796,
        "participants": [
          54
        ],
        "participant_types": [
          "Person"
        ]
      },
      {
        "activity_id": 36,
        "type": "activity_walking",
        "duration_frames": 62,
        "participants": [
          54
        ],
        "participant_types": [
          "Person"
        ]
      },
      {
        "activity_id": 37,
        "type": "activity_walking",
        "duration_frames": 749,
        "participants": [
          54
        ],
        "participant_types": [
          "Person"
        ]
      },
      {
        "activity_id": 38,
        "type": "activity_walking",
        "duration_frames": 104,
        "participants": [
          54
        ],
        "participant_types": [
          "Person"
        ]
      },
      {
        "activity_id": 39,
        "type": "activity_walking",
        "duration_frames": 157,
        "participants": [
          63
        ],
        "participant_types": [
          "Person"
        ]
      },
      {
        "activity_id": 40,
        "type": "activity_walking",
        "duration_frames": 76,
        "participants": [
          53
        ],
        "participant_types": [
          "Person"
        ]
      },
      {
        "activity_id": 41,
        "type": "activity_walking",
        "duration_frames": 96,
        "participants": [
          53
        ],
        "participant_types": [
          "Person"
        ]
      },
      {
        "activity_id": 42,
        "type": "activity_walking",
        "duration_frames": 315,
        "participants": [
          53
        ],
        "participant_types": [
          "Person"
        ]
      },
      {
        "activity_id": 43,
        "type": "activity_walking",
        "duration_frames": 286,
        "participants": [
          62
        ],
        "participant_types": [
          "Person"
        ]
      },
      {
        "activity_id": 44,
        "type": "activity_walking",
        "duration_frames": 655,
        "participants": [
          62
        ],
        "participant_types": [
          "Person"
        ]
      },
      {
        "activity_id": 45,
        "type": "activity_walking",
        "duration_frames": 391,
        "participants": [
          62
        ],
        "participant_types": [
          "Person"
        ]
      },
      {
        "activity_id": 46,
        "type": "activity_walking",
        "duration_frames": 733,
        "participants": [
          52
        ],
        "participant_types": [
          "Person"
        ]
      },
      {
        "activity_id": 47,
        "type": "activity_walking",
        "duration_frames": 41,
        "participants": [
          68
        ],
        "participant_types": [
          "Person"
        ]
      },
      {
        "activity_id": 48,
        "type": "activity_walking",
        "duration_frames": 137,
        "participants": [
          7
        ],
        "participant_types": [
          "Person"
        ]
      },
      {
        "activity_id": 49,
        "type": "activity_walking",
        "duration_frames": 140,
        "participants": [
          65
        ],
        "participant_types": [
          "Person"
        ]
      },
      {
        "activity_id": 50,
        "type": "activity_walking",
        "duration_frames": 1235,
        "participants": [
          51
        ],
        "participant_types": [
          "Person"
        ]
      },
      {
        "activity_id": 51,
        "type": "activity_walking",
        "duration_frames": 1869,
        "participants": [
          56
        ],
        "participant_types": [
          "Person"
        ]
      },
      {
        "activity_id": 52,
        "type": "activity_walking",
        "duration_frames": 291,
        "participants": [
          66
        ],
        "participant_types": [
          "Person"
        ]
      },
      {
        "activity_id": 53,
        "type": "activity_walking",
        "duration_frames": 98,
        "participants": [
          67
        ],
        "participant_types": [
          "Person"
        ]
      },
      {
        "activity_id": 54,
        "type": "vehicle_moving",
        "duration_frames": 376,
        "participants": [
          35
        ],
        "participant_types": [
          "Vehicle"
        ]
      },
      {
        "activity_id": 55,
        "type": "vehicle_moving",
        "duration_frames": 150,
        "participants": [
          42
        ],
        "participant_types": [
          "Vehicle"
        ]
      },
      {
        "activity_id": 56,
        "type": "vehicle_moving",
        "duration_frames": 315,
        "participants": [
          44
        ],
        "participant_types": [
          "Vehicle"
        ]
      },
      {
        "activity_id": 57,
        "type": "vehicle_moving",
        "duration_frames": 1064,
        "participants": [
          58
        ],
        "participant_types": [
          "Bike"
        ]
      },
      {
        "activity_id": 58,
        "type": "vehicle_moving",
        "duration_frames": 235,
        "participants": [
          50
        ],
        "participant_types": [
          "Vehicle"
        ]
      },
      {
        "activity_id": 59,
        "type": "vehicle_moving",
        "duration_frames": 553,
        "participants": [
          48
        ],
        "participant_types": [
          "Vehicle"
        ]
      },
      {
        "activity_id": 60,
        "type": "vehicle_moving",
        "duration_frames": 304,
        "participants": [
          46
        ],
        "participant_types": [
          "Vehicle"
        ]
      },
      {
        "activity_id": 61,
        "type": "vehicle_moving",
        "duration_frames": 77,
        "participants": [
          38
        ],
        "participant_types": [
          "Vehicle"
        ]
      },
      {
        "activity_id": 62,
        "type": "vehicle_moving",
        "duration_frames": 397,
        "participants": [
          45
        ],
        "participant_types": [
          "Vehicle"
        ]
      },
      {
        "activity_id": 63,
        "type": "vehicle_moving",
        "duration_frames": 325,
        "participants": [
          36
        ],
        "participant_types": [
          "Vehicle"
        ]
      },
      {
        "activity_id": 64,
        "type": "vehicle_moving",
        "duration_frames": 178,
        "participants": [
          37
        ],
        "participant_types": [
          "Vehicle"
        ]
      },
      {
        "activity_id": 65,
        "type": "vehicle_moving",
        "duration_frames": 158,
        "participants": [
          43
        ],
        "participant_types": [
          "Vehicle"
        ]
      },
      {
        "activity_id": 66,
        "type": "vehicle_moving",
        "duration_frames": 209,
        "participants": [
          34
        ],
        "participant_types": [
          "Vehicle"
        ]
      },
      {
        "activity_id": 67,
        "type": "vehicle_moving",
        "duration_frames": 149,
        "participants": [
          34
        ],
        "participant_types": [
          "Vehicle"
        ]
      },
      {
        "activity_id": 68,
        "type": "vehicle_moving",
        "duration_frames": 366,
        "participants": [
          6
        ],
        "participant_types": [
          "Vehicle"
        ]
      },
      {
        "activity_id": 69,
        "type": "vehicle_moving",
        "duration_frames": 496,
        "participants": [
          40
        ],
        "participant_types": [
          "Vehicle"
        ]
      },
      {
        "activity_id": 70,
        "type": "vehicle_moving",
        "duration_frames": 152,
        "participants": [
          47
        ],
        "participant_types": [
          "Vehicle"
        ]
      },
      {
        "activity_id": 71,
        "type": "vehicle_moving",
        "duration_frames": 161,
        "participants": [
          33
        ],
        "participant_types": [
          "Vehicle"
        ]
      },
      {
        "activity_id": 72,
        "type": "vehicle_moving",
        "duration_frames": 91,
        "participants": [
          49
        ],
        "participant_types": [
          "Vehicle"
        ]
      },
      {
        "activity_id": 73,
        "type": "vehicle_moving",
        "duration_frames": 162,
        "participants": [
          32
        ],
        "participant_types": [
          "Vehicle"
        ]
      },
      {
        "activity_id": 74,
        "type": "vehicle_moving",
        "duration_frames": 318,
        "participants": [
          41
        ],
        "participant_types": [
          "Vehicle"
        ]
      },
      {
        "activity_id": 75,
        "type": "vehicle_moving",
        "duration_frames": 325,
        "participants": [
          61
        ],
        "participant_types": [
          "Bike"
        ]
      },
      {
        "activity_id": 76,
        "type": "vehicle_moving",
        "duration_frames": 364,
        "participants": [
          39
        ],
        "participant_types": [
          "Vehicle"
        ]
      },
      {
        "activity_id": 77,
        "type": "vehicle_turning_left",
        "duration_frames": 110,
        "participants": [
          40
        ],
        "participant_types": [
          "Vehicle"
        ]
      },
      {
        "activity_id": 78,
        "type": "vehicle_turning_left",
        "duration_frames": 63,
        "participants": [
          40
        ],
        "participant_types": [
          "Vehicle"
        ]
      },
      {
        "activity_id": 79,
        "type": "vehicle_turning_left",
        "duration_frames": 78,
        "participants": [
          48
        ],
        "participant_types": [
          "Vehicle"
        ]
      },
      {
        "activity_id": 80,
        "type": "vehicle_turning_left",
        "duration_frames": 59,
        "participants": [
          48
        ],
        "participant_types": [
          "Vehicle"
        ]
      },
      {
        "activity_id": 81,
        "type": "vehicle_turning_left",
        "duration_frames": 18,
        "participants": [
          49
        ],
        "participant_types": [
          "Vehicle"
        ]
      },
      {
        "activity_id": 82,
        "type": "vehicle_turning_left",
        "duration_frames": 31,
        "participants": [
          6
        ],
        "participant_types": [
          "Vehicle"
        ]
      },
      {
        "activity_id": 83,
        "type": "vehicle_stopping",
        "duration_frames": 44,
        "participants": [
          41
        ],
        "participant_types": [
          "Vehicle"
        ]
      },
      {
        "activity_id": 84,
        "type": "vehicle_stopping",
        "duration_frames": 60,
        "participants": [
          36
        ],
        "participant_types": [
          "Vehicle"
        ]
      },
      {
        "activity_id": 85,
        "type": "vehicle_stopping",
        "duration_frames": 97,
        "participants": [
          39
        ],
        "participant_types": [
          "Vehicle"
        ]
      },
      {
        "activity_id": 86,
        "type": "vehicle_stopping",
        "duration_frames": 32,
        "participants": [
          40
        ],
        "participant_types": [
          "Vehicle"
        ]
      },
      {
        "activity_id": 87,
        "type": "vehicle_stopping",
        "duration_frames": 44,
        "participants": [
          35
        ],
        "participant_types": [
          "Vehicle"
        ]
      },
      {
        "activity_id": 88,
        "type": "vehicle_stopping",
        "duration_frames": 89,
        "participants": [
          35
        ],
        "participant_types": [
          "Vehicle"
        ]
      },
      {
        "activity_id": 89,
        "type": "vehicle_stopping",
        "duration_frames": 61,
        "participants": [
          44
        ],
        "participant_types": [
          "Vehicle"
        ]
      },
      {
        "activity_id": 90,
        "type": "vehicle_stopping",
        "duration_frames": 40,
        "participants": [
          34
        ],
        "participant_types": [
          "Vehicle"
        ]
      },
      {
        "activity_id": 91,
        "type": "vehicle_stopping",
        "duration_frames": 45,
        "participants": [
          6
        ],
        "participant_types": [
          "Vehicle"
        ]
      },
      {
        "activity_id": 92,
        "type": "specialized_miscellaneous",
        "duration_frames": 183,
        "participants": [
          5
        ],
        "participant_types": [
          "Person"
        ]
      },
      {
        "activity_id": 93,
        "type": "activity_carrying",
        "duration_frames": 4064,
        "participants": [
          53
        ],
        "participant_types": [
          "Person"
        ]
      },
      {
        "activity_id": 94,
        "type": "activity_carrying",
        "duration_frames": 1235,
        "participants": [
          51
        ],
        "participant_types": [
          "Person"
        ]
      },
      {
        "activity_id": 95,
        "type": "activity_carrying",
        "duration_frames": 140,
        "participants": [
          65
        ],
        "participant_types": [
          "Person"
        ]
      },
      {
        "activity_id": 96,
        "type": "activity_carrying",
        "duration_frames": 1869,
        "participants": [
          56
        ],
        "participant_types": [
          "Person"
        ]
      },
      {
        "activity_id": 97,
        "type": "activity_carrying",
        "duration_frames": 1833,
        "participants": [
          5
        ],
        "participant_types": [
          "Person"
        ]
      },
      {
        "activity_id": 98,
        "type": "activity_standing",
        "duration_frames": 133,
        "participants": [
          54
        ],
        "participant_types": [
          "Person"
        ]
      },
      {
        "activity_id": 99,
        "type": "activity_standing",
        "duration_frames": 662,
        "participants": [
          54
        ],
        "participant_types": [
          "Person"
        ]
      },
      {
        "activity_id": 100,
        "type": "activity_standing",
        "duration_frames": 158,
        "participants": [
          54
        ],
        "participant_types": [
          "Person"
        ]
      },
      {
        "activity_id": 101,
        "type": "activity_standing",
        "duration_frames": 453,
        "participants": [
          54
        ],
        "participant_types": [
          "Person"
        ]
      },
      {
        "activity_id": 102,
        "type": "activity_standing",
        "duration_frames": 1806,
        "participants": [
          54
        ],
        "participant_types": [
          "Person"
        ]
      },
      {
        "activity_id": 103,
        "type": "activity_standing",
        "duration_frames": 39,
        "participants": [
          62
        ],
        "participant_types": [
          "Person"
        ]
      },
      {
        "activity_id": 104,
        "type": "activity_standing",
        "duration_frames": 591,
        "participants": [
          62
        ],
        "participant_types": [
          "Person"
        ]
      },
      {
        "activity_id": 105,
        "type": "activity_standing",
        "duration_frames": 2029,
        "participants": [
          53
        ],
        "participant_types": [
          "Person"
        ]
      },
      {
        "activity_id": 106,
        "type": "activity_standing",
        "duration_frames": 90,
        "participants": [
          53
        ],
        "participant_types": [
          "Person"
        ]
      },
      {
        "activity_id": 107,
        "type": "activity_standing",
        "duration_frames": 1638,
        "participants": [
          53
        ],
        "participant_types": [
          "Person"
        ]
      },
      {
        "activity_id": 108,
        "type": "activity_standing",
        "duration_frames": 135,
        "participants": [
          59
        ],
        "participant_types": [
          "Person"
        ]
      },
      {
        "activity_id": 109,
        "type": "activity_standing",
        "duration_frames": 774,
        "participants": [
          59
        ],
        "participant_types": [
          "Person"
        ]
      },
      {
        "activity_id": 110,
        "type": "activity_standing",
        "duration_frames": 456,
        "participants": [
          5
        ],
        "participant_types": [
          "Person"
        ]
      },
      {
        "activity_id": 111,
        "type": "activity_standing",
        "duration_frames": 882,
        "participants": [
          5
        ],
        "participant_types": [
          "Person"
        ]
      },
      {
        "activity_id": 112,
        "type": "activity_standing",
        "duration_frames": 140,
        "participants": [
          7
        ],
        "participant_types": [
          "Person"
        ]
      },
      {
        "activity_id": 113,
        "type": "activity_standing",
        "duration_frames": 51,
        "participants": [
          7
        ],
        "participant_types": [
          "Person"
        ]
      },
      {
        "activity_id": 114,
        "type": "vehicle_turning_right",
        "duration_frames": 59,
        "participants": [
          6
        ],
        "participant_types": [
          "Vehicle"
        ]
      },
      {
        "activity_id": 115,
        "type": "vehicle_turning_right",
        "duration_frames": 53,
        "participants": [
          41
        ],
        "participant_types": [
          "Vehicle"
        ]
      },
      {
        "activity_id": 116,
        "type": "vehicle_turning_right",
        "duration_frames": 42,
        "participants": [
          45
        ],
        "participant_types": [
          "Vehicle"
        ]
      }
    ],
    "alerts": []
  }
}