{
  "VIRAT_S_000000": {
    "camera_id": "VIRAT_S_000000",
    "location": "Desconocida",
    "priority": "media",
    "date": "2025-05-27",
    "activity_summary": {
      "total_activities": 22,
      "activities": [
        {
          "name": "Closing 5",
          "instances": 5,
          "participants": [
            "Person"
          ]
        },
        {
          "name": "Closing_Trunk 4",
          "instances": 4,
          "participants": [
            "Person"
          ]
        },
        {
          "name": "Entering 3",
          "instances": 3,
          "participants": [
            "Person"
          ]
        },
        {
          "name": "Exiting 2",
          "instances": 2,
          "participants": [
            "Person"
          ]
        },
        {
          "name": "Loading 3",
          "instances": 3,
          "participants": [
            "Person"
          ]
        },
        {
          "name": "Open_Trunk 5",
          "instances": 5,
          "participants": [
            "Person"
          ]
        },
        {
          "name": "Opening 5",
          "instances": 5,
          "participants": [
            "Person"
          ]
        },
        {
          "name": "Person_Person_Interaction 2",
          "instances": 2,
          "participants": [
            "Person"
          ]
        },
        {
          "name": "PickUp 2",
          "instances": 2,
          "participants": [
            "Person"
          ]
        },
        {
          "name": "Pull 10",
          "instances": 10,
          "participants": [
            "Person"
          ]
        },
        {
          "name": "Riding 1",
          "instances": 1,
          "participants": [
            "Person"
          ]
        },
        {
          "name": "Transport_HeavyCarry 5",
          "instances": 5,
          "participants": [
            "Person"
          ]
        },
        {
          "name": "Unloading 2",
          "instances": 2,
          "participants": [
            "Person"
          ]
        },
        {
          "name": "activity_carrying 6",
          "instances": 6,
          "participants": [
            "Person"
          ]
        },
        {
          "name": "activity_standing 17",
          "instances": 17,
          "participants": [
            "Person"
          ]
        },
        {
          "name": "activity_walking 31",
          "instances": 31,
          "participants": [
            "Person"
          ]
        },
        {
          "name": "vehicle_moving 58",
          "instances": 58,
          "participants": [
            "Vehicle"
          ]
        },
        {
          "name": "vehicle_starting 15",
          "instances": 15,
          "participants": [
            "Vehicle"
          ]
        },
        {
          "name": "vehicle_stopping 18",
          "instances": 18,
          "participants": [
            "Vehicle"
          ]
        },
        {
          "name": "vehicle_turning_left 23",
          "instances": 23,
          "participants": [
            "Vehicle"
          ]
        },
        {
          "name": "vehicle_turning_right 21",
          "instances": 21,
          "participants": [
            "Vehicle"
          ]
        },
        {
          "name": "vehicle_u_turn 4",
          "instances": 4,
          "participants": [
            "Vehicle"
          ]
        }
      ]
    },
    "object_counts": {
      "Bike 1": 1,
      "Person 22": 22,
      "Prop 5": 5,
      "Push_Pulled_Object 7": 7,
      "Tree 5": 5,
      "Vehicle 42": 42
    },
    "specific_activities": [
      {
        "activity_id": 1,
        "type": "Person_Person_Interaction",
        "duration_frames": 112,
        "participants": [
          99,
          86
        ],
        "participant_types": [
          "Person",
          "Person"
        ]
      },
      {
        "activity_id": 2,
        "type": "Person_Person_Interaction",
        "duration_frames": 70,
        "participants": [
          7,
          46
        ],
        "participant_types": [
          "Vehicle",
          "Person"
        ]
      },
      {
        "activity_id": 3,
        "type": "Riding",
        "duration_frames": 761,
        "participants": [
          73,
          74
        ],
        "participant_types": [
          "Person",
          "Bike"
        ]
      },
      {
        "activity_id": 4,
        "type": "Open_Trunk",
        "duration_frames": 50,
        "participants": [
          46,
          15
        ],
        "participant_types": [
          "Person",
          "Vehicle"
        ]
      },
      {
        "activity_id": 5,
        "type": "Open_Trunk",
        "duration_frames": 41,
        "participants": [
          13,
          28
        ],
        "participant_types": [
          "Vehicle",
          "Vehicle"
        ]
      },
      {
        "activity_id": 6,
        "type": "Open_Trunk",
        "duration_frames": 26,
        "participants": [
          30,
          18
        ],
        "participant_types": [
          "Person",
          "Vehicle"
        ]
      },
      {
        "activity_id": 7,
        "type": "Open_Trunk",
        "duration_frames": 65,
        "participants": [
          99,
          49
        ],
        "participant_types": [
          "Person",
          "Vehicle"
        ]
      },
      {
        "activity_id": 8,
        "type": "Open_Trunk",
        "duration_frames": 36,
        "participants": [
          80,
          83
        ],
        "participant_types": [
          "Vehicle",
          "Person"
        ]
      },
      {
        "activity_id": 9,
        "type": "Closing_Trunk",
        "duration_frames": 52,
        "participants": [
          28,
          13
        ],
        "participant_types": [
          "Vehicle",
          "Vehicle"
        ]
      },
      {
        "activity_id": 10,
        "type": "Closing_Trunk",
        "duration_frames": 25,
        "participants": [
          18,
          30
        ],
        "participant_types": [
          "Vehicle",
          "Person"
        ]
      },
      {
        "activity_id": 11,
        "type": "Closing_Trunk",
        "duration_frames": 30,
        "participants": [
          99,
          49
        ],
        "participant_types": [
          "Person",
          "Vehicle"
        ]
      },
      {
        "activity_id": 12,
        "type": "Closing_Trunk",
        "duration_frames": 22,
        "participants": [
          83,
          80
        ],
        "participant_types": [
          "Person",
          "Vehicle"
        ]
      },
      {
        "activity_id": 13,
        "type": "Loading",
        "duration_frames": 114,
        "participants": [
          13,
          28
        ],
        "participant_types": [
          "Vehicle",
          "Vehicle"
        ]
      },
      {
        "activity_id": 14,
        "type": "Loading",
        "duration_frames": 46,
        "participants": [
          30,
          110,
          18
        ],
        "participant_types": [
          "Person",
          "Push_Pulled_Object",
          "Vehicle"
        ]
      },
      {
        "activity_id": 15,
        "type": "Loading",
        "duration_frames": 60,
        "participants": [
          83,
          80
        ],
        "participant_types": [
          "Person",
          "Vehicle"
        ]
      },
      {
        "activity_id": 16,
        "type": "Unloading",
        "duration_frames": 108,
        "participants": [
          46,
          15
        ],
        "participant_types": [
          "Person",
          "Vehicle"
        ]
      },
      {
        "activity_id": 17,
        "type": "Unloading",
        "duration_frames": 79,
        "participants": [
          99,
          49
        ],
        "participant_types": [
          "Person",
          "Vehicle"
        ]
      },
      {
        "activity_id": 18,
        "type": "Transport_HeavyCarry",
        "duration_frames": 84,
        "participants": [
          110,
          30
        ],
        "participant_types": [
          "Push_Pulled_Object",
          "Person"
        ]
      },
      {
        "activity_id": 19,
        "type": "Transport_HeavyCarry",
        "duration_frames": 72,
        "participants": [
          111,
          46
        ],
        "participant_types": [
          "Push_Pulled_Object",
          "Person"
        ]
      },
      {
        "activity_id": 20,
        "type": "Transport_HeavyCarry",
        "duration_frames": 76,
        "participants": [
          115,
          99
        ],
        "participant_types": [
          "Push_Pulled_Object",
          "Person"
        ]
      },
      {
        "activity_id": 21,
        "type": "Transport_HeavyCarry",
        "duration_frames": 613,
        "participants": [
          83,
          114
        ],
        "participant_types": [
          "Person",
          "Push_Pulled_Object"
        ]
      },
      {
        "activity_id": 22,
        "type": "Transport_HeavyCarry",
        "duration_frames": 163,
        "participants": [
          83,
          114
        ],
        "participant_types": [
          "Person",
          "Push_Pulled_Object"
        ]
      },
      {
        "activity_id": 23,
        "type": "Pull",
        "duration_frames": 239,
        "participants": [
          0,
          104
        ],
        "participant_types": [
          "Person",
          "Prop"
        ]
      },
      {
        "activity_id": 24,
        "type": "Pull",
        "duration_frames": 327,
        "participants": [
          0,
          105
        ],
        "participant_types": [
          "Person",
          "Prop"
        ]
      },
      {
        "activity_id": 25,
        "type": "Pull",
        "duration_frames": 97,
        "participants": [
          0,
          106
        ],
        "participant_types": [
          "Person",
          "Prop"
        ]
      },
      {
        "activity_id": 26,
        "type": "Pull",
        "duration_frames": 181,
        "participants": [
          0,
          107
        ],
        "participant_types": [
          "Person",
          "Prop"
        ]
      },
      {
        "activity_id": 27,
        "type": "Pull",
        "duration_frames": 289,
        "participants": [
          0,
          108
        ],
        "participant_types": [
          "Person",
          "Prop"
        ]
      },
      {
        "activity_id": 28,
        "type": "Pull",
        "duration_frames": 120,
        "participants": [
          112,
          46
        ],
        "participant_types": [
          "Push_Pulled_Object",
          "Person"
        ]
      },
      {
        "activity_id": 29,
        "type": "Pull",
        "duration_frames": 1077,
        "participants": [
          113,
          46
        ],
        "participant_types": [
          "Push_Pulled_Object",
          "Person"
        ]
      },
      {
        "activity_id": 30,
        "type": "Pull",
        "duration_frames": 118,
        "participants": [
          30,
          109
        ],
        "participant_types": [
          "Person",
          "Push_Pulled_Object"
        ]
      },
      {
        "activity_id": 31,
        "type": "Pull",
        "duration_frames": 680,
        "participants": [
          99,
          115
        ],
        "participant_types": [
          "Person",
          "Push_Pulled_Object"
        ]
      },
      {
        "activity_id": 32,
        "type": "Pull",
        "duration_frames": 814,
        "participants": [
          99,
          115
        ],
        "participant_types": [
          "Person",
          "Push_Pulled_Object"
        ]
      },
      {
        "activity_id": 33,
        "type": "Exiting",
        "duration_frames": 60,
        "participants": [
          46,
          15
        ],
        "participant_types": [
          "Person",
          "Vehicle"
        ]
      },
      {
        "activity_id": 34,
        "type": "Exiting",
        "duration_frames": 31,
        "participants": [
          99,
          49
        ],
        "participant_types": [
          "Person",
          "Vehicle"
        ]
      },
      {
        "activity_id": 35,
        "type": "Entering",
        "duration_frames": 48,
        "participants": [
          28,
          13
        ],
        "participant_types": [
          "Vehicle",
          "Vehicle"
        ]
      },
      {
        "activity_id": 36,
        "type": "Entering",
        "duration_frames": 39,
        "participants": [
          30,
          18
        ],
        "participant_types": [
          "Person",
          "Vehicle"
        ]
      },
      {
        "activity_id": 37,
        "type": "Entering",
        "duration_frames": 50,
        "participants": [
          83,
          80
        ],
        "participant_types": [
          "Person",
          "Vehicle"
        ]
      },
      {
        "activity_id": 38,
        "type": "Opening",
        "duration_frames": 39,
        "participants": [
          13,
          28
        ],
        "participant_types": [
          "Vehicle",
          "Vehicle"
        ]
      },
      {
        "activity_id": 39,
        "type": "Opening",
        "duration_frames": 27,
        "participants": [
          46,
          15
        ],
        "participant_types": [
          "Person",
          "Vehicle"
        ]
      },
      {
        "activity_id": 40,
        "type": "Opening",
        "duration_frames": 30,
        "participants": [
          30,
          18
        ],
        "participant_types": [
          "Person",
          "Vehicle"
        ]
      },
      {
        "activity_id": 41,
        "type": "Opening",
        "duration_frames": 22,
        "participants": [
          99,
          49
        ],
        "participant_types": [
          "Person",
          "Vehicle"
        ]
      },
      {
        "activity_id": 42,
        "type": "Opening",
        "duration_frames": 36,
        "participants": [
          83,
          80
        ],
        "participant_types": [
          "Person",
          "Vehicle"
        ]
      },
      {
        "activity_id": 43,
        "type": "Closing",
        "duration_frames": 21,
        "participants": [
          13,
          28
        ],
        "participant_types": [
          "Vehicle",
          "Vehicle"
        ]
      },
      {
        "activity_id": 44,
        "type": "Closing",
        "duration_frames": 21,
        "participants": [
          46,
          15
        ],
        "participant_types": [
          "Person",
          "Vehicle"
        ]
      },
      {
        "activity_id": 45,
        "type": "Closing",
        "duration_frames": 109,
        "participants": [
          18,
          30
        ],
        "participant_types": [
          "Vehicle",
          "Person"
        ]
      },
      {
        "activity_id": 46,
        "type": "Closing",
        "duration_frames": 24,
        "participants": [
          99,
          49
        ],
        "participant_types": [
          "Person",
          "Vehicle"
        ]
      },
      {
        "activity_id": 47,
        "type": "Closing",
        "duration_frames": 21,
        "participants": [
          83,
          80
        ],
        "participant_types": [
          "Person",
          "Vehicle"
        ]
      },
      {
        "activity_id": 48,
        "type": "PickUp",
        "duration_frames": 58,
        "participants": [
          28,
          27
        ],
        "participant_types": [
          "Vehicle",
          "Vehicle"
        ]
      },
      {
        "activity_id": 49,
        "type": "PickUp",
        "duration_frames": 37,
        "participants": [
          83,
          114
        ],
        "participant_types": [
          "Person",
          "Push_Pulled_Object"
        ]
      },
      {
        "activity_id": 50,
        "type": "vehicle_starting",
        "duration_frames": 114,
        "participants": [
          49
        ],
        "participant_types": [
          "Vehicle"
        ]
      },
      {
        "activity_id": 51,
        "type": "vehicle_starting",
        "duration_frames": 105,
        "participants": [
          13
        ],
        "participant_types": [
          "Vehicle"
        ]
      },
      {
        "activity_id": 52,
        "type": "vehicle_starting",
        "duration_frames": 22,
        "participants": [
          13
        ],
        "participant_types": [
          "Vehicle"
        ]
      },
      {
        "activity_id": 53,
        "type": "vehicle_starting",
        "duration_frames": 46,
        "participants": [
          18
        ],
        "participant_types": [
          "Vehicle"
        ]
      },
      {
        "activity_id": 54,
        "type": "vehicle_starting",
        "duration_frames": 47,
        "participants": [
          18
        ],
        "participant_types": [
          "Vehicle"
        ]
      },
      {
        "activity_id": 55,
        "type": "vehicle_starting",
        "duration_frames": 122,
        "participants": [
          18
        ],
        "participant_types": [
          "Vehicle"
        ]
      },
      {
        "activity_id": 56,
        "type": "vehicle_starting",
        "duration_frames": 45,
        "participants": [
          15
        ],
        "participant_types": [
          "Vehicle"
        ]
      },
      {
        "activity_id": 57,
        "type": "vehicle_starting",
        "duration_frames": 47,
        "participants": [
          15
        ],
        "participant_types": [
          "Vehicle"
        ]
      },
      {
        "activity_id": 58,
        "type": "vehicle_starting",
        "duration_frames": 24,
        "participants": [
          51
        ],
        "participant_types": [
          "Vehicle"
        ]
      },
      {
        "activity_id": 59,
        "type": "vehicle_starting",
        "duration_frames": 45,
        "participants": [
          63
        ],
        "participant_types": [
          "Vehicle"
        ]
      },
      {
        "activity_id": 60,
        "type": "vehicle_starting",
        "duration_frames": 56,
        "participants": [
          63
        ],
        "participant_types": [
          "Vehicle"
        ]
      },
      {
        "activity_id": 61,
        "type": "vehicle_starting",
        "duration_frames": 164,
        "participants": [
          80
        ],
        "participant_types": [
          "Vehicle"
        ]
      },
      {
        "activity_id": 62,
        "type": "vehicle_starting",
        "duration_frames": 170,
        "participants": [
          80
        ],
        "participant_types": [
          "Vehicle"
        ]
      },
      {
        "activity_id": 63,
        "type": "vehicle_starting",
        "duration_frames": 150,
        "participants": [
          53
        ],
        "participant_types": [
          "Vehicle"
        ]
      },
      {
        "activity_id": 64,
        "type": "vehicle_starting",
        "duration_frames": 77,
        "participants": [
          53
        ],
        "participant_types": [
          "Vehicle"
        ]
      },
      {
        "activity_id": 65,
        "type": "activity_standing",
        "duration_frames": 996,
        "participants": [
          30
        ],
        "participant_types": [
          "Person"
        ]
      },
      {
        "activity_id": 66,
        "type": "activity_standing",
        "duration_frames": 3465,
        "participants": [
          83
        ],
        "participant_types": [
          "Person"
        ]
      },
      {
        "activity_id": 67,
        "type": "activity_standing",
        "duration_frames": 57,
        "participants": [
          83
        ],
        "participant_types": [
          "Person"
        ]
      },
      {
        "activity_id": 68,
        "type": "activity_standing",
        "duration_frames": 467,
        "participants": [
          7
        ],
        "participant_types": [
          "Vehicle"
        ]
      },
      {
        "activity_id": 69,
        "type": "activity_standing",
        "duration_frames": 446,
        "participants": [
          7
        ],
        "participant_types": [
          "Vehicle"
        ]
      },
      {
        "activity_id": 70,
        "type": "activity_standing",
        "duration_frames": 265,
        "participants": [
          7
        ],
        "participant_types": [
          "Vehicle"
        ]
      },
      {
        "activity_id": 71,
        "type": "activity_standing",
        "duration_frames": 53,
        "participants": [
          99
        ],
        "participant_types": [
          "Person"
        ]
      },
      {
        "activity_id": 72,
        "type": "activity_standing",
        "duration_frames": 191,
        "participants": [
          99
        ],
        "participant_types": [
          "Person"
        ]
      },
      {
        "activity_id": 73,
        "type": "activity_standing",
        "duration_frames": 110,
        "participants": [
          99
        ],
        "participant_types": [
          "Person"
        ]
      },
      {
        "activity_id": 74,
        "type": "activity_standing",
        "duration_frames": 3388,
        "participants": [
          86
        ],
        "participant_types": [
          "Person"
        ]
      },
      {
        "activity_id": 75,
        "type": "activity_standing",
        "duration_frames": 1834,
        "participants": [
          86
        ],
        "participant_types": [
          "Person"
        ]
      },
      {
        "activity_id": 76,
        "type": "activity_standing",
        "duration_frames": 854,
        "participants": [
          28
        ],
        "participant_types": [
          "Vehicle"
        ]
      },
      {
        "activity_id": 77,
        "type": "activity_standing",
        "duration_frames": 319,
        "participants": [
          28
        ],
        "participant_types": [
          "Vehicle"
        ]
      },
      {
        "activity_id": 78,
        "type": "activity_standing",
        "duration_frames": 121,
        "participants": [
          28
        ],
        "participant_types": [
          "Vehicle"
        ]
      },
      {
        "activity_id": 79,
        "type": "activity_standing",
        "duration_frames": 156,
        "participants": [
          46
        ],
        "participant_types": [
          "Person"
        ]
      },
      {
        "activity_id": 80,
        "type": "activity_standing",
        "duration_frames": 56,
        "participants": [
          46
        ],
        "participant_types": [
          "Person"
        ]
      },
      {
        "activity_id": 81,
        "type": "activity_standing",
        "duration_frames": 71,
        "participants": [
          23
        ],
        "participant_types": [
          "Person"
        ]
      },
      {
        "activity_id": 82,
        "type": "activity_walking",
        "duration_frames": 599,
        "participants": [
          64
        ],
        "participant_types": [
          "Person"
        ]
      },
      {
        "activity_id": 83,
        "type": "activity_walking",
        "duration_frames": 625,
        "participants": [
          28
        ],
        "participant_types": [
          "Vehicle"
        ]
      },
      {
        "activity_id": 84,
        "type": "activity_walking",
        "duration_frames": 137,
        "participants": [
          28
        ],
        "participant_types": [
          "Vehicle"
        ]
      },
      {
        "activity_id": 85,
        "type": "activity_walking",
        "duration_frames": 77,
        "participants": [
          28
        ],
        "participant_types": [
          "Vehicle"
        ]
      },
      {
        "activity_id": 86,
        "type": "activity_walking",
        "duration_frames": 410,
        "participants": [
          23
        ],
        "participant_types": [
          "Person"
        ]
      },
      {
        "activity_id": 87,
        "type": "activity_walking",
        "duration_frames": 1043,
        "participants": [
          23
        ],
        "participant_types": [
          "Person"
        ]
      },
      {
        "activity_id": 88,
        "type": "activity_walking",
        "duration_frames": 476,
        "participants": [
          10
        ],
        "participant_types": [
          "Person"
        ]
      },
      {
        "activity_id": 89,
        "type": "activity_walking",
        "duration_frames": 624,
        "participants": [
          83
        ],
        "participant_types": [
          "Person"
        ]
      },
      {
        "activity_id": 90,
        "type": "activity_walking",
        "duration_frames": 222,
        "participants": [
          83
        ],
        "participant_types": [
          "Person"
        ]
      },
      {
        "activity_id": 91,
        "type": "activity_walking",
        "duration_frames": 173,
        "participants": [
          83
        ],
        "participant_types": [
          "Person"
        ]
      },
      {
        "activity_id": 92,
        "type": "activity_walking",
        "duration_frames": 945,
        "participants": [
          12
        ],
        "participant_types": [
          "Person"
        ]
      },
      {
        "activity_id": 93,
        "type": "activity_walking",
        "duration_frames": 132,
        "participants": [
          30
        ],
        "participant_types": [
          "Person"
        ]
      },
      {
        "activity_id": 94,
        "type": "activity_walking",
        "duration_frames": 99,
        "participants": [
          30
        ],
        "participant_types": [
          "Person"
        ]
      },
      {
        "activity_id": 95,
        "type": "activity_walking",
        "duration_frames": 90,
        "participants": [
          30
        ],
        "participant_types": [
          "Person"
        ]
      },
      {
        "activity_id": 96,
        "type": "activity_walking",
        "duration_frames": 398,
        "participants": [
          9
        ],
        "participant_types": [
          "Person"
        ]
      },
      {
        "activity_id": 97,
        "type": "activity_walking",
        "duration_frames": 606,
        "participants": [
          86
        ],
        "participant_types": [
          "Person"
        ]
      },
      {
        "activity_id": 98,
        "type": "activity_walking",
        "duration_frames": 410,
        "participants": [
          8
        ],
        "participant_types": [
          "Person"
        ]
      },
      {
        "activity_id": 99,
        "type": "activity_walking",
        "duration_frames": 185,
        "participants": [
          0
        ],
        "participant_types": [
          "Person"
        ]
      },
      {
        "activity_id": 100,
        "type": "activity_walking",
        "duration_frames": 1228,
        "participants": [
          0
        ],
        "participant_types": [
          "Person"
        ]
      },
      {
        "activity_id": 101,
        "type": "activity_walking",
        "duration_frames": 224,
        "participants": [
          88
        ],
        "participant_types": [
          "Person"
        ]
      },
      {
        "activity_id": 102,
        "type": "activity_walking",
        "duration_frames": 1437,
        "participants": [
          1
        ],
        "participant_types": [
          "Person"
        ]
      },
      {
        "activity_id": 103,
        "type": "activity_walking",
        "duration_frames": 648,
        "participants": [
          60
        ],
        "participant_types": [
          "Person"
        ]
      },
      {
        "activity_id": 104,
        "type": "activity_walking",
        "duration_frames": 896,
        "participants": [
          71
        ],
        "participant_types": [
          "Person"
        ]
      },
      {
        "activity_id": 105,
        "type": "activity_walking",
        "duration_frames": 591,
        "participants": [
          29
        ],
        "participant_types": [
          "Vehicle"
        ]
      },
      {
        "activity_id": 106,
        "type": "activity_walking",
        "duration_frames": 88,
        "participants": [
          99
        ],
        "participant_types": [
          "Person"
        ]
      },
      {
        "activity_id": 107,
        "type": "activity_walking",
        "duration_frames": 691,
        "participants": [
          99
        ],
        "participant_types": [
          "Person"
        ]
      },
      {
        "activity_id": 108,
        "type": "activity_walking",
        "duration_frames": 831,
        "participants": [
          99
        ],
        "participant_types": [
          "Person"
        ]
      },
      {
        "activity_id": 109,
        "type": "activity_walking",
        "duration_frames": 315,
        "participants": [
          7
        ],
        "participant_types": [
          "Vehicle"
        ]
      },
      {
        "activity_id": 110,
        "type": "activity_walking",
        "duration_frames": 110,
        "participants": [
          7
        ],
        "participant_types": [
          "Vehicle"
        ]
      },
      {
        "activity_id": 111,
        "type": "activity_walking",
        "duration_frames": 811,
        "participants": [
          7
        ],
        "participant_types": [
          "Vehicle"
        ]
      },
      {
        "activity_id": 112,
        "type": "activity_walking",
        "duration_frames": 193,
        "participants": [
          7
        ],
        "participant_types": [
          "Vehicle"
        ]
      },
      {
        "activity_id": 113,
        "type": "vehicle_turning_right",
        "duration_frames": 35,
        "participants": [
          21
        ],
        "participant_types": [
          "Vehicle"
        ]
      },
      {
        "activity_id": 114,
        "type": "vehicle_turning_right",
        "duration_frames": 50,
        "participants": [
          13
        ],
        "participant_types": [
          "Vehicle"
        ]
      },
      {
        "activity_id": 115,
        "type": "vehicle_turning_right",
        "duration_frames": 59,
        "participants": [
          13
        ],
        "participant_types": [
          "Vehicle"
        ]
      },
      {
        "activity_id": 116,
        "type": "vehicle_turning_right",
        "duration_frames": 21,
        "participants": [
          49
        ],
        "participant_types": [
          "Vehicle"
        ]
      },
      {
        "activity_id": 117,
        "type": "vehicle_turning_right",
        "duration_frames": 103,
        "participants": [
          49
        ],
        "participant_types": [
          "Vehicle"
        ]
      },
      {
        "activity_id": 118,
        "type": "vehicle_turning_right",
        "duration_frames": 29,
        "participants": [
          15
        ],
        "participant_types": [
          "Vehicle"
        ]
      },
      {
        "activity_id": 119,
        "type": "vehicle_turning_right",
        "duration_frames": 318,
        "participants": [
          15
        ],
        "participant_types": [
          "Vehicle"
        ]
      },
      {
        "activity_id": 120,
        "type": "vehicle_turning_right",
        "duration_frames": 71,
        "participants": [
          15
        ],
        "participant_types": [
          "Vehicle"
        ]
      },
      {
        "activity_id": 121,
        "type": "vehicle_turning_right",
        "duration_frames": 34,
        "participants": [
          18
        ],
        "participant_types": [
          "Vehicle"
        ]
      },
      {
        "activity_id": 122,
        "type": "vehicle_turning_right",
        "duration_frames": 60,
        "participants": [
          18
        ],
        "participant_types": [
          "Vehicle"
        ]
      },
      {
        "activity_id": 123,
        "type": "vehicle_turning_right",
        "duration_frames": 27,
        "participants": [
          80
        ],
        "participant_types": [
          "Vehicle"
        ]
      },
      {
        "activity_id": 124,
        "type": "vehicle_turning_right",
        "duration_frames": 64,
        "participants": [
          80
        ],
        "participant_types": [
          "Vehicle"
        ]
      },
      {
        "activity_id": 125,
        "type": "vehicle_turning_right",
        "duration_frames": 152,
        "participants": [
          63
        ],
        "participant_types": [
          "Vehicle"
        ]
      },
      {
        "activity_id": 126,
        "type": "vehicle_turning_right",
        "duration_frames": 282,
        "participants": [
          63
        ],
        "participant_types": [
          "Vehicle"
        ]
      },
      {
        "activity_id": 127,
        "type": "vehicle_turning_right",
        "duration_frames": 107,
        "participants": [
          63
        ],
        "participant_types": [
          "Vehicle"
        ]
      },
      {
        "activity_id": 128,
        "type": "vehicle_turning_right",
        "duration_frames": 45,
        "participants": [
          63
        ],
        "participant_types": [
          "Vehicle"
        ]
      },
      {
        "activity_id": 129,
        "type": "vehicle_turning_right",
        "duration_frames": 113,
        "participants": [
          51
        ],
        "participant_types": [
          "Vehicle"
        ]
      },
      {
        "activity_id": 130,
        "type": "vehicle_turning_right",
        "duration_frames": 95,
        "participants": [
          51
        ],
        "participant_types": [
          "Vehicle"
        ]
      },
      {
        "activity_id": 131,
        "type": "vehicle_turning_right",
        "duration_frames": 62,
        "participants": [
          51
        ],
        "participant_types": [
          "Vehicle"
        ]
      },
      {
        "activity_id": 132,
        "type": "vehicle_turning_right",
        "duration_frames": 21,
        "participants": [
          53
        ],
        "participant_types": [
          "Vehicle"
        ]
      },
      {
        "activity_id": 133,
        "type": "vehicle_turning_right",
        "duration_frames": 62,
        "participants": [
          48
        ],
        "participant_types": [
          "Vehicle"
        ]
      },
      {
        "activity_id": 134,
        "type": "vehicle_stopping",
        "duration_frames": 42,
        "participants": [
          80
        ],
        "participant_types": [
          "Vehicle"
        ]
      },
      {
        "activity_id": 135,
        "type": "vehicle_stopping",
        "duration_frames": 56,
        "participants": [
          80
        ],
        "participant_types": [
          "Vehicle"
        ]
      },
      {
        "activity_id": 136,
        "type": "vehicle_stopping",
        "duration_frames": 52,
        "participants": [
          63
        ],
        "participant_types": [
          "Vehicle"
        ]
      },
      {
        "activity_id": 137,
        "type": "vehicle_stopping",
        "duration_frames": 13,
        "participants": [
          63
        ],
        "participant_types": [
          "Vehicle"
        ]
      },
      {
        "activity_id": 138,
        "type": "vehicle_stopping",
        "duration_frames": 84,
        "participants": [
          51
        ],
        "participant_types": [
          "Vehicle"
        ]
      },
      {
        "activity_id": 139,
        "type": "vehicle_stopping",
        "duration_frames": 53,
        "participants": [
          51
        ],
        "participant_types": [
          "Vehicle"
        ]
      },
      {
        "activity_id": 140,
        "type": "vehicle_stopping",
        "duration_frames": 53,
        "participants": [
          51
        ],
        "participant_types": [
          "Vehicle"
        ]
      },
      {
        "activity_id": 141,
        "type": "vehicle_stopping",
        "duration_frames": 82,
        "participants": [
          48
        ],
        "participant_types": [
          "Vehicle"
        ]
      },
      {
        "activity_id": 142,
        "type": "vehicle_stopping",
        "duration_frames": 100,
        "participants": [
          53
        ],
        "participant_types": [
          "Vehicle"
        ]
      },
      {
        "activity_id": 143,
        "type": "vehicle_stopping",
        "duration_frames": 45,
        "participants": [
          13
        ],
        "participant_types": [
          "Vehicle"
        ]
      },
      {
        "activity_id": 144,
        "type": "vehicle_stopping",
        "duration_frames": 29,
        "participants": [
          13
        ],
        "participant_types": [
          "Vehicle"
        ]
      },
      {
        "activity_id": 145,
        "type": "vehicle_stopping",
        "duration_frames": 51,
        "participants": [
          49
        ],
        "participant_types": [
          "Vehicle"
        ]
      },
      {
        "activity_id": 146,
        "type": "vehicle_stopping",
        "duration_frames": 117,
        "participants": [
          49
        ],
        "participant_types": [
          "Vehicle"
        ]
      },
      {
        "activity_id": 147,
        "type": "vehicle_stopping",
        "duration_frames": 27,
        "participants": [
          15
        ],
        "participant_types": [
          "Vehicle"
        ]
      },
      {
        "activity_id": 148,
        "type": "vehicle_stopping",
        "duration_frames": 25,
        "participants": [
          15
        ],
        "participant_types": [
          "Vehicle"
        ]
      },
      {
        "activity_id": 149,
        "type": "vehicle_stopping",
        "duration_frames": 53,
        "participants": [
          18
        ],
        "participant_types": [
          "Vehicle"
        ]
      },
      {
        "activity_id": 150,
        "type": "vehicle_stopping",
        "duration_frames": 45,
        "participants": [
          18
        ],
        "participant_types": [
          "Vehicle"
        ]
      },
      {
        "activity_id": 151,
        "type": "vehicle_stopping",
        "duration_frames": 64,
        "participants": [
          18
        ],
        "participant_types": [
          "Vehicle"
        ]
      },
      {
        "activity_id": 152,
        "type": "vehicle_u_turn",
        "duration_frames": 318,
        "participants": [
          15
        ],
        "participant_types": [
          "Vehicle"
        ]
      },
      {
        "activity_id": 153,
        "type": "vehicle_u_turn",
        "duration_frames": 254,
        "participants": [
          13
        ],
        "participant_types": [
          "Vehicle"
        ]
      },
      {
        "activity_id": 154,
        "type": "vehicle_u_turn",
        "duration_frames": 169,
        "participants": [
          80
        ],
        "participant_types": [
          "Vehicle"
        ]
      },
      {
        "activity_id": 155,
        "type": "vehicle_u_turn",
        "duration_frames": 150,
        "participants": [
          49
        ],
        "participant_types": [
          "Vehicle"
        ]
      },
      {
        "activity_id": 156,
        "type": "vehicle_moving",
        "duration_frames": 23,
        "participants": [
          70
        ],
        "participant_types": [
          "Vehicle"
        ]
      },
      {
        "activity_id": 157,
        "type": "vehicle_moving",
        "duration_frames": 65,
        "participants": [
          25
        ],
        "participant_types": [
          "Vehicle"
        ]
      },
      {
        "activity_id": 158,
        "type": "vehicle_moving",
        "duration_frames": 141,
        "participants": [
          93
        ],
        "participant_types": [
          "Vehicle"
        ]
      },
      {
        "activity_id": 159,
        "type": "vehicle_moving",
        "duration_frames": 721,
        "participants": [
          15
        ],
        "participant_types": [
          "Vehicle"
        ]
      },
      {
        "activity_id": 160,
        "type": "vehicle_moving",
        "duration_frames": 379,
        "participants": [
          15
        ],
        "participant_types": [
          "Vehicle"
        ]
      },
      {
        "activity_id": 161,
        "type": "vehicle_moving",
        "duration_frames": 47,
        "participants": [
          15
        ],
        "participant_types": [
          "Vehicle"
        ]
      },
      {
        "activity_id": 162,
        "type": "vehicle_moving",
        "duration_frames": 578,
        "participants": [
          49
        ],
        "participant_types": [
          "Vehicle"
        ]
      },
      {
        "activity_id": 163,
        "type": "vehicle_moving",
        "duration_frames": 485,
        "participants": [
          49
        ],
        "participant_types": [
          "Vehicle"
        ]
      },
      {
        "activity_id": 164,
        "type": "vehicle_moving",
        "duration_frames": 80,
        "participants": [
          44
        ],
        "participant_types": [
          "Vehicle"
        ]
      },
      {
        "activity_id": 165,
        "type": "vehicle_moving",
        "duration_frames": 740,
        "participants": [
          53
        ],
        "participant_types": [
          "Vehicle"
        ]
      },
      {
        "activity_id": 166,
        "type": "vehicle_moving",
        "duration_frames": 150,
        "participants": [
          53
        ],
        "participant_types": [
          "Vehicle"
        ]
      },
      {
        "activity_id": 167,
        "type": "vehicle_moving",
        "duration_frames": 233,
        "participants": [
          53
        ],
        "participant_types": [
          "Vehicle"
        ]
      },
      {
        "activity_id": 168,
        "type": "vehicle_moving",
        "duration_frames": 159,
        "participants": [
          4
        ],
        "participant_types": [
          "Vehicle"
        ]
      },
      {
        "activity_id": 169,
        "type": "vehicle_moving",
        "duration_frames": 29,
        "participants": [
          68
        ],
        "participant_types": [
          "Vehicle"
        ]
      },
      {
        "activity_id": 170,
        "type": "vehicle_moving",
        "duration_frames": 312,
        "participants": [
          63
        ],
        "participant_types": [
          "Vehicle"
        ]
      },
      {
        "activity_id": 171,
        "type": "vehicle_moving",
        "duration_frames": 68,
        "participants": [
          63
        ],
        "participant_types": [
          "Vehicle"
        ]
      },
      {
        "activity_id": 172,
        "type": "vehicle_moving",
        "duration_frames": 19,
        "participants": [
          63
        ],
        "participant_types": [
          "Vehicle"
        ]
      },
      {
        "activity_id": 173,
        "type": "vehicle_moving",
        "duration_frames": 282,
        "participants": [
          63
        ],
        "participant_types": [
          "Vehicle"
        ]
      },
      {
        "activity_id": 174,
        "type": "vehicle_moving",
        "duration_frames": 663,
        "participants": [
          63
        ],
        "participant_types": [
          "Vehicle"
        ]
      },
      {
        "activity_id": 175,
        "type": "vehicle_moving",
        "duration_frames": 120,
        "participants": [
          46
        ],
        "participant_types": [
          "Person"
        ]
      },
      {
        "activity_id": 176,
        "type": "vehicle_moving",
        "duration_frames": 25,
        "participants": [
          46
        ],
        "participant_types": [
          "Person"
        ]
      },
      {
        "activity_id": 177,
        "type": "vehicle_moving",
        "duration_frames": 1255,
        "participants": [
          46
        ],
        "participant_types": [
          "Person"
        ]
      },
      {
        "activity_id": 178,
        "type": "vehicle_moving",
        "duration_frames": 171,
        "participants": [
          51
        ],
        "participant_types": [
          "Vehicle"
        ]
      },
      {
        "activity_id": 179,
        "type": "vehicle_moving",
        "duration_frames": 834,
        "participants": [
          51
        ],
        "participant_types": [
          "Vehicle"
        ]
      },
      {
        "activity_id": 180,
        "type": "vehicle_moving",
        "duration_frames": 17,
        "participants": [
          95
        ],
        "participant_types": [
          "Vehicle"
        ]
      },
      {
        "activity_id": 181,
        "type": "vehicle_moving",
        "duration_frames": 682,
        "participants": [
          80
        ],
        "participant_types": [
          "Vehicle"
        ]
      },
      {
        "activity_id": 182,
        "type": "vehicle_moving",
        "duration_frames": 398,
        "participants": [
          80
        ],
        "participant_types": [
          "Vehicle"
        ]
      },
      {
        "activity_id": 183,
        "type": "vehicle_moving",
        "duration_frames": 170,
        "participants": [
          80
        ],
        "participant_types": [
          "Vehicle"
        ]
      },
      {
        "activity_id": 184,
        "type": "vehicle_moving",
        "duration_frames": 12,
        "participants": [
          45
        ],
        "participant_types": [
          "Person"
        ]
      },
      {
        "activity_id": 185,
        "type": "vehicle_moving",
        "duration_frames": 134,
        "participants": [
          30
        ],
        "participant_types": [
          "Person"
        ]
      },
      {
        "activity_id": 186,
        "type": "vehicle_moving",
        "duration_frames": 683,
        "participants": [
          30
        ],
        "participant_types": [
          "Person"
        ]
      },
      {
        "activity_id": 187,
        "type": "vehicle_moving",
        "duration_frames": 116,
        "participants": [
          97
        ],
        "participant_types": [
          "Vehicle"
        ]
      },
      {
        "activity_id": 188,
        "type": "vehicle_moving",
        "duration_frames": 128,
        "participants": [
          81
        ],
        "participant_types": [
          "Vehicle"
        ]
      },
      {
        "activity_id": 189,
        "type": "vehicle_moving",
        "duration_frames": 29,
        "participants": [
          43
        ],
        "participant_types": [
          "Vehicle"
        ]
      },
      {
        "activity_id": 190,
        "type": "vehicle_moving",
        "duration_frames": 626,
        "participants": [
          13
        ],
        "participant_types": [
          "Vehicle"
        ]
      },
      {
        "activity_id": 191,
        "type": "vehicle_moving",
        "duration_frames": 456,
        "participants": [
          13
        ],
        "participant_types": [
          "Vehicle"
        ]
      },
      {
        "activity_id": 192,
        "type": "vehicle_moving",
        "duration_frames": 18,
        "participants": [
          90
        ],
        "participant_types": [
          "Vehicle"
        ]
      },
      {
        "activity_id": 193,
        "type": "vehicle_moving",
        "duration_frames": 188,
        "participants": [
          5
        ],
        "participant_types": [
          "Vehicle"
        ]
      },
      {
        "activity_id": 194,
        "type": "vehicle_moving",
        "duration_frames": 16,
        "participants": [
          26
        ],
        "participant_types": [
          "Vehicle"
        ]
      },
      {
        "activity_id": 195,
        "type": "vehicle_moving",
        "duration_frames": 13,
        "participants": [
          94
        ],
        "participant_types": [
          "Vehicle"
        ]
      },
      {
        "activity_id": 196,
        "type": "vehicle_moving",
        "duration_frames": 526,
        "participants": [
          48
        ],
        "participant_types": [
          "Vehicle"
        ]
      },
      {
        "activity_id": 197,
        "type": "vehicle_moving",
        "duration_frames": 53,
        "participants": [
          6
        ],
        "participant_types": [
          "Vehicle"
        ]
      },
      {
        "activity_id": 198,
        "type": "vehicle_moving",
        "duration_frames": 13,
        "participants": [
          84
        ],
        "participant_types": [
          "Vehicle"
        ]
      },
      {
        "activity_id": 199,
        "type": "vehicle_moving",
        "duration_frames": 31,
        "participants": [
          67
        ],
        "participant_types": [
          "Vehicle"
        ]
      },
      {
        "activity_id": 200,
        "type": "vehicle_moving",
        "duration_frames": 49,
        "participants": [
          3
        ],
        "participant_types": [
          "Vehicle"
        ]
      },
      {
        "activity_id": 201,
        "type": "vehicle_moving",
        "duration_frames": 486,
        "participants": [
          18
        ],
        "participant_types": [
          "Vehicle"
        ]
      },
      {
        "activity_id": 202,
        "type": "vehicle_moving",
        "duration_frames": 703,
        "participants": [
          18
        ],
        "participant_types": [
          "Vehicle"
        ]
      },
      {
        "activity_id": 203,
        "type": "vehicle_moving",
        "duration_frames": 122,
        "participants": [
          18
        ],
        "participant_types": [
          "Vehicle"
        ]
      },
      {
        "activity_id": 204,
        "type": "vehicle_moving",
        "duration_frames": 394,
        "participants": [
          21
        ],
        "participant_types": [
          "Vehicle"
        ]
      },
      {
        "activity_id": 205,
        "type": "vehicle_moving",
        "duration_frames": 37,
        "participants": [
          91
        ],
        "participant_types": [
          "Person"
        ]
      },
      {
        "activity_id": 206,
        "type": "vehicle_moving",
        "duration_frames": 17,
        "participants": [
          96
        ],
        "participant_types": [
          "Vehicle"
        ]
      },
      {
        "activity_id": 207,
        "type": "vehicle_moving",
        "duration_frames": 12,
        "participants": [
          100
        ],
        "participant_types": [
          "Vehicle"
        ]
      },
      {
        "activity_id": 208,
        "type": "vehicle_moving",
        "duration_frames": 18,
        "participants": [
          58
        ],
        "participant_types": [
          "Person"
        ]
      },
      {
        "activity_id": 209,
        "type": "vehicle_moving",
        "duration_frames": 98,
        "participants": [
          92
        ],
        "participant_types": [
          "Vehicle"
        ]
      },
      {
        "activity_id": 210,
        "type": "vehicle_moving",
        "duration_frames": 46,
        "participants": [
          66
        ],
        "participant_types": [
          "Vehicle"
        ]
      },
      {
        "activity_id": 211,
        "type": "vehicle_moving",
        "duration_frames": 107,
        "participants": [
          89
        ],
        "participant_types": [
          "Vehicle"
        ]
      },
      {
        "activity_id": 212,
        "type": "vehicle_moving",
        "duration_frames": 519,
        "participants": [
          47
        ],
        "participant_types": [
          "Vehicle"
        ]
      },
      {
        "activity_id": 213,
        "type": "vehicle_moving",
        "duration_frames": 100,
        "participants": [
          69
        ],
        "participant_types": [
          "Vehicle"
        ]
      },
      {
        "activity_id": 214,
        "type": "activity_carrying",
        "duration_frames": 185,
        "participants": [
          0
        ],
        "participant_types": [
          "Person"
        ]
      },
      {
        "activity_id": 215,
        "type": "activity_carrying",
        "duration_frames": 1228,
        "participants": [
          0
        ],
        "participant_types": [
          "Person"
        ]
      },
      {
        "activity_id": 216,
        "type": "activity_carrying",
        "duration_frames": 612,
        "participants": [
          83
        ],
        "participant_types": [
          "Person"
        ]
      },
      {
        "activity_id": 217,
        "type": "activity_carrying",
        "duration_frames": 3995,
        "participants": [
          86
        ],
        "participant_types": [
          "Person"
        ]
      },
      {
        "activity_id": 218,
        "type": "activity_carrying",
        "duration_frames": 1834,
        "participants": [
          86
        ],
        "participant_types": [
          "Person"
        ]
      },
      {
        "activity_id": 219,
        "type": "activity_carrying",
        "duration_frames": 1526,
        "participants": [
          23
        ],
        "participant_types": [
          "Person"
        ]
      },
      {
        "activity_id": 220,
        "type": "vehicle_turning_left",
        "duration_frames": 41,
        "participants": [
          15
        ],
        "participant_types": [
          "Vehicle"
        ]
      },
      {
        "activity_id": 221,
        "type": "vehicle_turning_left",
        "duration_frames": 16,
        "participants": [
          15
        ],
        "participant_types": [
          "Vehicle"
        ]
      },
      {
        "activity_id": 222,
        "type": "vehicle_turning_left",
        "duration_frames": 77,
        "participants": [
          18
        ],
        "participant_types": [
          "Vehicle"
        ]
      },
      {
        "activity_id": 223,
        "type": "vehicle_turning_left",
        "duration_frames": 77,
        "participants": [
          18
        ],
        "participant_types": [
          "Vehicle"
        ]
      },
      {
        "activity_id": 224,
        "type": "vehicle_turning_left",
        "duration_frames": 82,
        "participants": [
          18
        ],
        "participant_types": [
          "Vehicle"
        ]
      },
      {
        "activity_id": 225,
        "type": "vehicle_turning_left",
        "duration_frames": 30,
        "participants": [
          18
        ],
        "participant_types": [
          "Vehicle"
        ]
      },
      {
        "activity_id": 226,
        "type": "vehicle_turning_left",
        "duration_frames": 84,
        "participants": [
          13
        ],
        "participant_types": [
          "Vehicle"
        ]
      },
      {
        "activity_id": 227,
        "type": "vehicle_turning_left",
        "duration_frames": 136,
        "participants": [
          13
        ],
        "participant_types": [
          "Vehicle"
        ]
      },
      {
        "activity_id": 228,
        "type": "vehicle_turning_left",
        "duration_frames": 48,
        "participants": [
          13
        ],
        "participant_types": [
          "Vehicle"
        ]
      },
      {
        "activity_id": 229,
        "type": "vehicle_turning_left",
        "duration_frames": 56,
        "participants": [
          21
        ],
        "participant_types": [
          "Vehicle"
        ]
      },
      {
        "activity_id": 230,
        "type": "vehicle_turning_left",
        "duration_frames": 73,
        "participants": [
          49
        ],
        "participant_types": [
          "Vehicle"
        ]
      },
      {
        "activity_id": 231,
        "type": "vehicle_turning_left",
        "duration_frames": 150,
        "participants": [
          49
        ],
        "participant_types": [
          "Vehicle"
        ]
      },
      {
        "activity_id": 232,
        "type": "vehicle_turning_left",
        "duration_frames": 40,
        "participants": [
          49
        ],
        "participant_types": [
          "Vehicle"
        ]
      },
      {
        "activity_id": 233,
        "type": "vehicle_turning_left",
        "duration_frames": 16,
        "participants": [
          48
        ],
        "participant_types": [
          "Vehicle"
        ]
      },
      {
        "activity_id": 234,
        "type": "vehicle_turning_left",
        "duration_frames": 37,
        "participants": [
          53
        ],
        "participant_types": [
          "Vehicle"
        ]
      },
      {
        "activity_id": 235,
        "type": "vehicle_turning_left",
        "duration_frames": 138,
        "participants": [
          53
        ],
        "participant_types": [
          "Vehicle"
        ]
      },
      {
        "activity_id": 236,
        "type": "vehicle_turning_left",
        "duration_frames": 119,
        "participants": [
          53
        ],
        "participant_types": [
          "Vehicle"
        ]
      },
      {
        "activity_id": 237,
        "type": "vehicle_turning_left",
        "duration_frames": 100,
        "participants": [
          69
        ],
        "participant_types": [
          "Vehicle"
        ]
      },
      {
        "activity_id": 238,
        "type": "vehicle_turning_left",
        "duration_frames": 81,
        "participants": [
          80
        ],
        "participant_types": [
          "Vehicle"
        ]
      },
      {
        "activity_id": 239,
        "type": "vehicle_turning_left",
        "duration_frames": 169,
        "participants": [
          80
        ],
        "participant_types": [
          "Vehicle"
        ]
      },
      {
        "activity_id": 240,
        "type": "vehicle_turning_left",
        "duration_frames": 89,
        "participants": [
          63
        ],
        "participant_types": [
          "Vehicle"
        ]
      },
      {
        "activity_id": 241,
        "type": "vehicle_turning_left",
        "duration_frames": 91,
        "participants": [
          51
        ],
        "participant_types": [
          "Vehicle"
        ]
      },
      {
        "activity_id": 242,
        "type": "vehicle_turning_left",
        "duration_frames": 25,
        "participants": [
          51
        ],
        "participant_types": [
          "Vehicle"
        ]
      }
    ],
    "alerts": []
  }
}