{
  "VIRAT_S_000000": {
    "camera_id": "VIRAT_S_000000",
    "location": "Desconocida",
    "priority": "media",
    "date": "2025-05-27",
    "activity_summary": {
      "total_activities": 29,
      "activities": [
        {
          "name": "Closing 6",
          "instances": 6,
          "participants": [
            "Person"
          ]
        },
        {
          "name": "Closing_Trunk 1",
          "instances": 1,
          "participants": [
            "Person"
          ]
        },
        {
          "name": "Entering 2",
          "instances": 2,
          "participants": [
            "Person"
          ]
        },
        {
          "name": "Exiting 3",
          "instances": 3,
          "participants": [
            "Person"
          ]
        },
        {
          "name": "Interacts 3",
          "instances": 3,
          "participants": [
            "Person"
          ]
        },
        {
          "name": "Loading 1",
          "instances": 1,
          "participants": [
            "Person"
          ]
        },
        {
          "name": "Object_Transfer 3",
          "instances": 3,
          "participants": [
            "Person"
          ]
        },
        {
          "name": "Open_Trunk 2",
          "instances": 2,
          "participants": [
            "Person"
          ]
        },
        {
          "name": "Opening 5",
          "instances": 5,
          "participants": [
            "Person"
          ]
        },
        {
          "name": "Person_Person_Interaction 2",
          "instances": 2,
          "participants": [
            "Person"
          ]
        },
        {
          "name": "PickUp 1",
          "instances": 1,
          "participants": [
            "Person"
          ]
        },
        {
          "name": "Pull 4",
          "instances": 4,
          "participants": [
            "Person"
          ]
        },
        {
          "name": "Push 2",
          "instances": 2,
          "participants": [
            "Person"
          ]
        },
        {
          "name": "Talking 30",
          "instances": 30,
          "participants": [
            "Person"
          ]
        },
        {
          "name": "Transport_HeavyCarry 4",
          "instances": 4,
          "participants": [
            "Person"
          ]
        },
        {
          "name": "Unloading 2",
          "instances": 2,
          "participants": [
            "Person"
          ]
        },
        {
          "name": "activity_carrying 4",
          "instances": 4,
          "participants": [
            "Person"
          ]
        },
        {
          "name": "activity_gesturing 27",
          "instances": 27,
          "participants": [
            "Person"
          ]
        },
        {
          "name": "activity_running 1",
          "instances": 1,
          "participants": [
            "Person"
          ]
        },
        {
          "name": "activity_standing 69",
          "instances": 69,
          "participants": [
            "Person"
          ]
        },
        {
          "name": "activity_walking 78",
          "instances": 78,
          "participants": [
            "Person"
          ]
        },
        {
          "name": "specialized_miscellaneous 1",
          "instances": 1,
          "participants": [
            "Person"
          ]
        },
        {
          "name": "specialized_talking_phone 4",
          "instances": 4,
          "participants": [
            "Person"
          ]
        },
        {
          "name": "vehicle_moving 23",
          "instances": 23,
          "participants": [
            "Vehicle"
          ]
        },
        {
          "name": "vehicle_starting 6",
          "instances": 6,
          "participants": [
            "Vehicle"
          ]
        },
        {
          "name": "vehicle_stopping 7",
          "instances": 7,
          "participants": [
            "Vehicle"
          ]
        },
        {
          "name": "vehicle_turning_left 5",
          "instances": 5,
          "participants": [
            "Vehicle"
          ]
        },
        {
          "name": "vehicle_turning_right 6",
          "instances": 6,
          "participants": [
            "Vehicle"
          ]
        },
        {
          "name": "vehicle_u_turn 1",
          "instances": 1,
          "participants": [
            "Vehicle"
          ]
        }
      ]
    },
    "object_counts": {
      "Other 4": 4,
      "Person 22": 22,
      "Prop 4": 4,
      "Push_Pulled_Object 3": 3,
      "Vehicle 19": 19
    },
    "specific_activities": [
      {
        "activity_id": 1,
        "type": "Talking",
        "duration_frames": 428,
        "participants": [
          3,
          5,
          4
        ],
        "participant_types": [
          "Person",
          "Person",
          "Person"
        ]
      },
      {
        "activity_id": 2,
        "type": "Talking",
        "duration_frames": 135,
        "participants": [
          0,
          1
        ],
        "participant_types": [
          "Person",
          "Person"
        ]
      },
      {
        "activity_id": 3,
        "type": "Talking",
        "duration_frames": 62,
        "participants": [
          17,
          14
        ],
        "participant_types": [
          "Person",
          "Person"
        ]
      },
      {
        "activity_id": 4,
        "type": "Talking",
        "duration_frames": 510,
        "participants": [
          17,
          14
        ],
        "participant_types": [
          "Person",
          "Person"
        ]
      },
      {
        "activity_id": 5,
        "type": "Talking",
        "duration_frames": 89,
        "participants": [
          12,
          11
        ],
        "participant_types": [
          "Person",
          "Person"
        ]
      },
      {
        "activity_id": 6,
        "type": "Talking",
        "duration_frames": 192,
        "participants": [
          11,
          12
        ],
        "participant_types": [
          "Person",
          "Person"
        ]
      },
      {
        "activity_id": 7,
        "type": "Talking",
        "duration_frames": 52,
        "participants": [
          12,
          11
        ],
        "participant_types": [
          "Person",
          "Person"
        ]
      },
      {
        "activity_id": 8,
        "type": "Talking",
        "duration_frames": 210,
        "participants": [
          11,
          12
        ],
        "participant_types": [
          "Person",
          "Person"
        ]
      },
      {
        "activity_id": 9,
        "type": "Talking",
        "duration_frames": 83,
        "participants": [
          12,
          11
        ],
        "participant_types": [
          "Person",
          "Person"
        ]
      },
      {
        "activity_id": 10,
        "type": "Talking",
        "duration_frames": 76,
        "participants": [
          12,
          11
        ],
        "participant_types": [
          "Person",
          "Person"
        ]
      },
      {
        "activity_id": 11,
        "type": "Talking",
        "duration_frames": 32,
        "participants": [
          12,
          11
        ],
        "participant_types": [
          "Person",
          "Person"
        ]
      },
      {
        "activity_id": 12,
        "type": "Talking",
        "duration_frames": 305,
        "participants": [
          11,
          12
        ],
        "participant_types": [
          "Person",
          "Person"
        ]
      },
      {
        "activity_id": 13,
        "type": "Talking",
        "duration_frames": 2817,
        "participants": [
          11,
          12,
          19
        ],
        "participant_types": [
          "Person",
          "Person",
          "Person"
        ]
      },
      {
        "activity_id": 14,
        "type": "Talking",
        "duration_frames": 81,
        "participants": [
          13,
          12
        ],
        "participant_types": [
          "Person",
          "Person"
        ]
      },
      {
        "activity_id": 15,
        "type": "Talking",
        "duration_frames": 321,
        "participants": [
          5,
          7
        ],
        "participant_types": [
          "Person",
          "Person"
        ]
      },
      {
        "activity_id": 16,
        "type": "Talking",
        "duration_frames": 808,
        "participants": [
          7,
          5
        ],
        "participant_types": [
          "Person",
          "Person"
        ]
      },
      {
        "activity_id": 17,
        "type": "Talking",
        "duration_frames": 74,
        "participants": [
          10,
          14
        ],
        "participant_types": [
          "Person",
          "Person"
        ]
      },
      {
        "activity_id": 18,
        "type": "Talking",
        "duration_frames": 130,
        "participants": [
          14,
          10
        ],
        "participant_types": [
          "Person",
          "Person"
        ]
      },
      {
        "activity_id": 19,
        "type": "Talking",
        "duration_frames": 61,
        "participants": [
          14,
          10
        ],
        "participant_types": [
          "Person",
          "Person"
        ]
      },
      {
        "activity_id": 20,
        "type": "Talking",
        "duration_frames": 130,
        "participants": [
          17,
          14
        ],
        "participant_types": [
          "Person",
          "Person"
        ]
      },
      {
        "activity_id": 21,
        "type": "Talking",
        "duration_frames": 82,
        "participants": [
          46,
          11,
          12
        ],
        "participant_types": [
          "Person",
          "Person",
          "Person"
        ]
      },
      {
        "activity_id": 22,
        "type": "Talking",
        "duration_frames": 792,
        "participants": [
          13,
          12
        ],
        "participant_types": [
          "Person",
          "Person"
        ]
      },
      {
        "activity_id": 23,
        "type": "Talking",
        "duration_frames": 30,
        "participants": [
          26,
          30
        ],
        "participant_types": [
          "Person",
          "Person"
        ]
      },
      {
        "activity_id": 24,
        "type": "Talking",
        "duration_frames": 130,
        "participants": [
          13,
          12
        ],
        "participant_types": [
          "Person",
          "Person"
        ]
      },
      {
        "activity_id": 25,
        "type": "Talking",
        "duration_frames": 50,
        "participants": [
          12,
          13
        ],
        "participant_types": [
          "Person",
          "Person"
        ]
      },
      {
        "activity_id": 26,
        "type": "Talking",
        "duration_frames": 51,
        "participants": [
          13,
          12
        ],
        "participant_types": [
          "Person",
          "Person"
        ]
      },
      {
        "activity_id": 27,
        "type": "Talking",
        "duration_frames": 60,
        "participants": [
          13,
          12
        ],
        "participant_types": [
          "Person",
          "Person"
        ]
      },
      {
        "activity_id": 28,
        "type": "Talking",
        "duration_frames": 100,
        "participants": [
          13,
          12
        ],
        "participant_types": [
          "Person",
          "Person"
        ]
      },
      {
        "activity_id": 29,
        "type": "Talking",
        "duration_frames": 137,
        "participants": [
          13,
          12
        ],
        "participant_types": [
          "Person",
          "Person"
        ]
      },
      {
        "activity_id": 30,
        "type": "Talking",
        "duration_frames": 250,
        "participants": [
          14,
          10
        ],
        "participant_types": [
          "Person",
          "Person"
        ]
      },
      {
        "activity_id": 31,
        "type": "Person_Person_Interaction",
        "duration_frames": 44,
        "participants": [
          17,
          14
        ],
        "participant_types": [
          "Person",
          "Person"
        ]
      },
      {
        "activity_id": 32,
        "type": "Person_Person_Interaction",
        "duration_frames": 30,
        "participants": [
          10,
          14
        ],
        "participant_types": [
          "Person",
          "Person"
        ]
      },
      {
        "activity_id": 33,
        "type": "Interacts",
        "duration_frames": 730,
        "participants": [
          12,
          5000
        ],
        "participant_types": [
          "Person",
          "Other"
        ]
      },
      {
        "activity_id": 34,
        "type": "Interacts",
        "duration_frames": 156,
        "participants": [
          30,
          27
        ],
        "participant_types": [
          "Person",
          "Push_Pulled_Object"
        ]
      },
      {
        "activity_id": 35,
        "type": "Interacts",
        "duration_frames": 20,
        "participants": [
          11,
          5000
        ],
        "participant_types": [
          "Person",
          "Other"
        ]
      },
      {
        "activity_id": 36,
        "type": "Open_Trunk",
        "duration_frames": 55,
        "participants": [
          10,
          9
        ],
        "participant_types": [
          "Person",
          "Vehicle"
        ]
      },
      {
        "activity_id": 37,
        "type": "Open_Trunk",
        "duration_frames": 37,
        "participants": [
          26,
          25
        ],
        "participant_types": [
          "Person",
          "Vehicle"
        ]
      },
      {
        "activity_id": 38,
        "type": "Closing_Trunk",
        "duration_frames": 32,
        "participants": [
          10,
          9
        ],
        "participant_types": [
          "Person",
          "Vehicle"
        ]
      },
      {
        "activity_id": 39,
        "type": "Loading",
        "duration_frames": 103,
        "participants": [
          28,
          30,
          25
        ],
        "participant_types": [
          "Prop",
          "Person",
          "Vehicle"
        ]
      },
      {
        "activity_id": 40,
        "type": "Unloading",
        "duration_frames": 18,
        "participants": [
          9,
          15,
          10
        ],
        "participant_types": [
          "Vehicle",
          "Prop",
          "Person"
        ]
      },
      {
        "activity_id": 41,
        "type": "Unloading",
        "duration_frames": 70,
        "participants": [
          29,
          26,
          25
        ],
        "participant_types": [
          "Prop",
          "Person",
          "Vehicle"
        ]
      },
      {
        "activity_id": 42,
        "type": "Object_Transfer",
        "duration_frames": 117,
        "participants": [
          7,
          8,
          5
        ],
        "participant_types": [
          "Person",
          "Prop",
          "Person"
        ]
      },
      {
        "activity_id": 43,
        "type": "Object_Transfer",
        "duration_frames": 36,
        "participants": [
          14,
          15,
          10
        ],
        "participant_types": [
          "Person",
          "Prop",
          "Person"
        ]
      },
      {
        "activity_id": 44,
        "type": "Object_Transfer",
        "duration_frames": 26,
        "participants": [
          26,
          29,
          30
        ],
        "participant_types": [
          "Person",
          "Prop",
          "Person"
        ]
      },
      {
        "activity_id": 45,
        "type": "Transport_HeavyCarry",
        "duration_frames": 78,
        "participants": [
          8,
          7
        ],
        "participant_types": [
          "Prop",
          "Person"
        ]
      },
      {
        "activity_id": 46,
        "type": "Transport_HeavyCarry",
        "duration_frames": 742,
        "participants": [
          8,
          5
        ],
        "participant_types": [
          "Prop",
          "Person"
        ]
      },
      {
        "activity_id": 47,
        "type": "Transport_HeavyCarry",
        "duration_frames": 41,
        "participants": [
          15,
          10
        ],
        "participant_types": [
          "Prop",
          "Person"
        ]
      },
      {
        "activity_id": 48,
        "type": "Transport_HeavyCarry",
        "duration_frames": 1829,
        "participants": [
          14,
          15
        ],
        "participant_types": [
          "Person",
          "Prop"
        ]
      },
      {
        "activity_id": 49,
        "type": "Push",
        "duration_frames": 185,
        "participants": [
          23,
          24
        ],
        "participant_types": [
          "Person",
          "Push_Pulled_Object"
        ]
      },
      {
        "activity_id": 50,
        "type": "Push",
        "duration_frames": 78,
        "participants": [
          47,
          46
        ],
        "participant_types": [
          "Push_Pulled_Object",
          "Person"
        ]
      },
      {
        "activity_id": 51,
        "type": "Pull",
        "duration_frames": 67,
        "participants": [
          23,
          24
        ],
        "participant_types": [
          "Person",
          "Push_Pulled_Object"
        ]
      },
      {
        "activity_id": 52,
        "type": "Pull",
        "duration_frames": 219,
        "participants": [
          30,
          27
        ],
        "participant_types": [
          "Person",
          "Push_Pulled_Object"
        ]
      },
      {
        "activity_id": 53,
        "type": "Pull",
        "duration_frames": 159,
        "participants": [
          30,
          27
        ],
        "participant_types": [
          "Person",
          "Push_Pulled_Object"
        ]
      },
      {
        "activity_id": 54,
        "type": "Pull",
        "duration_frames": 136,
        "participants": [
          47,
          46
        ],
        "participant_types": [
          "Push_Pulled_Object",
          "Person"
        ]
      },
      {
        "activity_id": 55,
        "type": "Exiting",
        "duration_frames": 55,
        "participants": [
          7,
          6
        ],
        "participant_types": [
          "Person",
          "Vehicle"
        ]
      },
      {
        "activity_id": 56,
        "type": "Exiting",
        "duration_frames": 40,
        "participants": [
          10,
          9
        ],
        "participant_types": [
          "Person",
          "Vehicle"
        ]
      },
      {
        "activity_id": 57,
        "type": "Exiting",
        "duration_frames": 37,
        "participants": [
          19,
          18
        ],
        "participant_types": [
          "Person",
          "Vehicle"
        ]
      },
      {
        "activity_id": 58,
        "type": "Entering",
        "duration_frames": 42,
        "participants": [
          7,
          6
        ],
        "participant_types": [
          "Person",
          "Vehicle"
        ]
      },
      {
        "activity_id": 59,
        "type": "Entering",
        "duration_frames": 30,
        "participants": [
          19,
          18
        ],
        "participant_types": [
          "Person",
          "Vehicle"
        ]
      },
      {
        "activity_id": 60,
        "type": "Opening",
        "duration_frames": 29,
        "participants": [
          6,
          7
        ],
        "participant_types": [
          "Vehicle",
          "Person"
        ]
      },
      {
        "activity_id": 61,
        "type": "Opening",
        "duration_frames": 42,
        "participants": [
          7,
          6
        ],
        "participant_types": [
          "Person",
          "Vehicle"
        ]
      },
      {
        "activity_id": 62,
        "type": "Opening",
        "duration_frames": 39,
        "participants": [
          10,
          9
        ],
        "participant_types": [
          "Person",
          "Vehicle"
        ]
      },
      {
        "activity_id": 63,
        "type": "Opening",
        "duration_frames": 42,
        "participants": [
          19,
          18
        ],
        "participant_types": [
          "Person",
          "Vehicle"
        ]
      },
      {
        "activity_id": 64,
        "type": "Opening",
        "duration_frames": 54,
        "participants": [
          26,
          25
        ],
        "participant_types": [
          "Person",
          "Vehicle"
        ]
      },
      {
        "activity_id": 65,
        "type": "Closing",
        "duration_frames": 32,
        "participants": [
          7,
          6
        ],
        "participant_types": [
          "Person",
          "Vehicle"
        ]
      },
      {
        "activity_id": 66,
        "type": "Closing",
        "duration_frames": 48,
        "participants": [
          7,
          6
        ],
        "participant_types": [
          "Person",
          "Vehicle"
        ]
      },
      {
        "activity_id": 67,
        "type": "Closing",
        "duration_frames": 34,
        "participants": [
          10,
          9
        ],
        "participant_types": [
          "Person",
          "Vehicle"
        ]
      },
      {
        "activity_id": 68,
        "type": "Closing",
        "duration_frames": 25,
        "participants": [
          10,
          9
        ],
        "participant_types": [
          "Person",
          "Vehicle"
        ]
      },
      {
        "activity_id": 69,
        "type": "Closing",
        "duration_frames": 26,
        "participants": [
          19,
          18
        ],
        "participant_types": [
          "Person",
          "Vehicle"
        ]
      },
      {
        "activity_id": 70,
        "type": "Closing",
        "duration_frames": 20,
        "participants": [
          26,
          25
        ],
        "participant_types": [
          "Person",
          "Vehicle"
        ]
      },
      {
        "activity_id": 71,
        "type": "PickUp",
        "duration_frames": 74,
        "participants": [
          28,
          30
        ],
        "participant_types": [
          "Prop",
          "Person"
        ]
      },
      {
        "activity_id": 72,
        "type": "vehicle_turning_left",
        "duration_frames": 58,
        "participants": [
          18
        ],
        "participant_types": [
          "Vehicle"
        ]
      },
      {
        "activity_id": 73,
        "type": "vehicle_turning_left",
        "duration_frames": 99,
        "participants": [
          18
        ],
        "participant_types": [
          "Vehicle"
        ]
      },
      {
        "activity_id": 74,
        "type": "vehicle_turning_left",
        "duration_frames": 55,
        "participants": [
          25
        ],
        "participant_types": [
          "Vehicle"
        ]
      },
      {
        "activity_id": 75,
        "type": "vehicle_turning_left",
        "duration_frames": 64,
        "participants": [
          6
        ],
        "participant_types": [
          "Vehicle"
        ]
      },
      {
        "activity_id": 76,
        "type": "vehicle_turning_left",
        "duration_frames": 68,
        "participants": [
          9
        ],
        "participant_types": [
          "Vehicle"
        ]
      },
      {
        "activity_id": 77,
        "type": "activity_running",
        "duration_frames": 31,
        "participants": [
          14
        ],
        "participant_types": [
          "Person"
        ]
      },
      {
        "activity_id": 78,
        "type": "vehicle_turning_right",
        "duration_frames": 136,
        "participants": [
          9
        ],
        "participant_types": [
          "Vehicle"
        ]
      },
      {
        "activity_id": 79,
        "type": "vehicle_turning_right",
        "duration_frames": 233,
        "participants": [
          6
        ],
        "participant_types": [
          "Vehicle"
        ]
      },
      {
        "activity_id": 80,
        "type": "vehicle_turning_right",
        "duration_frames": 84,
        "participants": [
          6
        ],
        "participant_types": [
          "Vehicle"
        ]
      },
      {
        "activity_id": 81,
        "type": "vehicle_turning_right",
        "duration_frames": 113,
        "participants": [
          6
        ],
        "participant_types": [
          "Vehicle"
        ]
      },
      {
        "activity_id": 82,
        "type": "vehicle_turning_right",
        "duration_frames": 117,
        "participants": [
          18
        ],
        "participant_types": [
          "Vehicle"
        ]
      },
      {
        "activity_id": 83,
        "type": "vehicle_turning_right",
        "duration_frames": 189,
        "participants": [
          25
        ],
        "participant_types": [
          "Vehicle"
        ]
      },
      {
        "activity_id": 84,
        "type": "activity_standing",
        "duration_frames": 115,
        "participants": [
          14
        ],
        "participant_types": [
          "Person"
        ]
      },
      {
        "activity_id": 85,
        "type": "activity_standing",
        "duration_frames": 55,
        "participants": [
          14
        ],
        "participant_types": [
          "Person"
        ]
      },
      {
        "activity_id": 86,
        "type": "activity_standing",
        "duration_frames": 84,
        "participants": [
          14
        ],
        "participant_types": [
          "Person"
        ]
      },
      {
        "activity_id": 87,
        "type": "activity_standing",
        "duration_frames": 21,
        "participants": [
          14
        ],
        "participant_types": [
          "Person"
        ]
      },
      {
        "activity_id": 88,
        "type": "activity_standing",
        "duration_frames": 57,
        "participants": [
          14
        ],
        "participant_types": [
          "Person"
        ]
      },
      {
        "activity_id": 89,
        "type": "activity_standing",
        "duration_frames": 517,
        "participants": [
          14
        ],
        "participant_types": [
          "Person"
        ]
      },
      {
        "activity_id": 90,
        "type": "activity_standing",
        "duration_frames": 1935,
        "participants": [
          4
        ],
        "participant_types": [
          "Person"
        ]
      },
      {
        "activity_id": 91,
        "type": "activity_standing",
        "duration_frames": 71,
        "participants": [
          4
        ],
        "participant_types": [
          "Person"
        ]
      },
      {
        "activity_id": 92,
        "type": "activity_standing",
        "duration_frames": 47,
        "participants": [
          4
        ],
        "participant_types": [
          "Person"
        ]
      },
      {
        "activity_id": 93,
        "type": "activity_standing",
        "duration_frames": 50,
        "participants": [
          4
        ],
        "participant_types": [
          "Person"
        ]
      },
      {
        "activity_id": 94,
        "type": "activity_standing",
        "duration_frames": 464,
        "participants": [
          5
        ],
        "participant_types": [
          "Person"
        ]
      },
      {
        "activity_id": 95,
        "type": "activity_standing",
        "duration_frames": 40,
        "participants": [
          5
        ],
        "participant_types": [
          "Person"
        ]
      },
      {
        "activity_id": 96,
        "type": "activity_standing",
        "duration_frames": 1362,
        "participants": [
          5
        ],
        "participant_types": [
          "Person"
        ]
      },
      {
        "activity_id": 97,
        "type": "activity_standing",
        "duration_frames": 367,
        "participants": [
          7
        ],
        "participant_types": [
          "Person"
        ]
      },
      {
        "activity_id": 98,
        "type": "activity_standing",
        "duration_frames": 83,
        "participants": [
          7
        ],
        "participant_types": [
          "Person"
        ]
      },
      {
        "activity_id": 99,
        "type": "activity_standing",
        "duration_frames": 954,
        "participants": [
          7
        ],
        "participant_types": [
          "Person"
        ]
      },
      {
        "activity_id": 100,
        "type": "activity_standing",
        "duration_frames": 53,
        "participants": [
          7
        ],
        "participant_types": [
          "Person"
        ]
      },
      {
        "activity_id": 101,
        "type": "activity_standing",
        "duration_frames": 129,
        "participants": [
          19
        ],
        "participant_types": [
          "Person"
        ]
      },
      {
        "activity_id": 102,
        "type": "activity_standing",
        "duration_frames": 39,
        "participants": [
          19
        ],
        "participant_types": [
          "Person"
        ]
      },
      {
        "activity_id": 103,
        "type": "activity_standing",
        "duration_frames": 321,
        "participants": [
          19
        ],
        "participant_types": [
          "Person"
        ]
      },
      {
        "activity_id": 104,
        "type": "activity_standing",
        "duration_frames": 412,
        "participants": [
          19
        ],
        "participant_types": [
          "Person"
        ]
      },
      {
        "activity_id": 105,
        "type": "activity_standing",
        "duration_frames": 2048,
        "participants": [
          19
        ],
        "participant_types": [
          "Person"
        ]
      },
      {
        "activity_id": 106,
        "type": "activity_standing",
        "duration_frames": 142,
        "participants": [
          19
        ],
        "participant_types": [
          "Person"
        ]
      },
      {
        "activity_id": 107,
        "type": "activity_standing",
        "duration_frames": 64,
        "participants": [
          19
        ],
        "participant_types": [
          "Person"
        ]
      },
      {
        "activity_id": 108,
        "type": "activity_standing",
        "duration_frames": 186,
        "participants": [
          10
        ],
        "participant_types": [
          "Person"
        ]
      },
      {
        "activity_id": 109,
        "type": "activity_standing",
        "duration_frames": 216,
        "participants": [
          10
        ],
        "participant_types": [
          "Person"
        ]
      },
      {
        "activity_id": 110,
        "type": "activity_standing",
        "duration_frames": 93,
        "participants": [
          10
        ],
        "participant_types": [
          "Person"
        ]
      },
      {
        "activity_id": 111,
        "type": "activity_standing",
        "duration_frames": 83,
        "participants": [
          10
        ],
        "participant_types": [
          "Person"
        ]
      },
      {
        "activity_id": 112,
        "type": "activity_standing",
        "duration_frames": 424,
        "participants": [
          10
        ],
        "participant_types": [
          "Person"
        ]
      },
      {
        "activity_id": 113,
        "type": "activity_standing",
        "duration_frames": 49,
        "participants": [
          10
        ],
        "participant_types": [
          "Person"
        ]
      },
      {
        "activity_id": 114,
        "type": "activity_standing",
        "duration_frames": 74,
        "participants": [
          10
        ],
        "participant_types": [
          "Person"
        ]
      },
      {
        "activity_id": 115,
        "type": "activity_standing",
        "duration_frames": 79,
        "participants": [
          23
        ],
        "participant_types": [
          "Person"
        ]
      },
      {
        "activity_id": 116,
        "type": "activity_standing",
        "duration_frames": 290,
        "participants": [
          30
        ],
        "participant_types": [
          "Person"
        ]
      },
      {
        "activity_id": 117,
        "type": "activity_standing",
        "duration_frames": 35,
        "participants": [
          30
        ],
        "participant_types": [
          "Person"
        ]
      },
      {
        "activity_id": 118,
        "type": "activity_standing",
        "duration_frames": 35,
        "participants": [
          30
        ],
        "participant_types": [
          "Person"
        ]
      },
      {
        "activity_id": 119,
        "type": "activity_standing",
        "duration_frames": 34,
        "participants": [
          30
        ],
        "participant_types": [
          "Person"
        ]
      },
      {
        "activity_id": 120,
        "type": "activity_standing",
        "duration_frames": 494,
        "participants": [
          12
        ],
        "participant_types": [
          "Person"
        ]
      },
      {
        "activity_id": 121,
        "type": "activity_standing",
        "duration_frames": 152,
        "participants": [
          12
        ],
        "participant_types": [
          "Person"
        ]
      },
      {
        "activity_id": 122,
        "type": "activity_standing",
        "duration_frames": 35,
        "participants": [
          12
        ],
        "participant_types": [
          "Person"
        ]
      },
      {
        "activity_id": 123,
        "type": "activity_standing",
        "duration_frames": 554,
        "participants": [
          12
        ],
        "participant_types": [
          "Person"
        ]
      },
      {
        "activity_id": 124,
        "type": "activity_standing",
        "duration_frames": 412,
        "participants": [
          12
        ],
        "participant_types": [
          "Person"
        ]
      },
      {
        "activity_id": 125,
        "type": "activity_standing",
        "duration_frames": 897,
        "participants": [
          12
        ],
        "participant_types": [
          "Person"
        ]
      },
      {
        "activity_id": 126,
        "type": "activity_standing",
        "duration_frames": 1358,
        "participants": [
          12
        ],
        "participant_types": [
          "Person"
        ]
      },
      {
        "activity_id": 127,
        "type": "activity_standing",
        "duration_frames": 1515,
        "participants": [
          12
        ],
        "participant_types": [
          "Person"
        ]
      },
      {
        "activity_id": 128,
        "type": "activity_standing",
        "duration_frames": 1469,
        "participants": [
          12
        ],
        "participant_types": [
          "Person"
        ]
      },
      {
        "activity_id": 129,
        "type": "activity_standing",
        "duration_frames": 141,
        "participants": [
          12
        ],
        "participant_types": [
          "Person"
        ]
      },
      {
        "activity_id": 130,
        "type": "activity_standing",
        "duration_frames": 297,
        "participants": [
          12
        ],
        "participant_types": [
          "Person"
        ]
      },
      {
        "activity_id": 131,
        "type": "activity_standing",
        "duration_frames": 833,
        "participants": [
          12
        ],
        "participant_types": [
          "Person"
        ]
      },
      {
        "activity_id": 132,
        "type": "activity_standing",
        "duration_frames": 91,
        "participants": [
          12
        ],
        "participant_types": [
          "Person"
        ]
      },
      {
        "activity_id": 133,
        "type": "activity_standing",
        "duration_frames": 2293,
        "participants": [
          12
        ],
        "participant_types": [
          "Person"
        ]
      },
      {
        "activity_id": 134,
        "type": "activity_standing",
        "duration_frames": 732,
        "participants": [
          0
        ],
        "participant_types": [
          "Person"
        ]
      },
      {
        "activity_id": 135,
        "type": "activity_standing",
        "duration_frames": 756,
        "participants": [
          11
        ],
        "participant_types": [
          "Person"
        ]
      },
      {
        "activity_id": 136,
        "type": "activity_standing",
        "duration_frames": 2099,
        "participants": [
          11
        ],
        "participant_types": [
          "Person"
        ]
      },
      {
        "activity_id": 137,
        "type": "activity_standing",
        "duration_frames": 1552,
        "participants": [
          11
        ],
        "participant_types": [
          "Person"
        ]
      },
      {
        "activity_id": 138,
        "type": "activity_standing",
        "duration_frames": 115,
        "participants": [
          11
        ],
        "participant_types": [
          "Person"
        ]
      },
      {
        "activity_id": 139,
        "type": "activity_standing",
        "duration_frames": 3375,
        "participants": [
          11
        ],
        "participant_types": [
          "Person"
        ]
      },
      {
        "activity_id": 140,
        "type": "activity_standing",
        "duration_frames": 298,
        "participants": [
          13
        ],
        "participant_types": [
          "Person"
        ]
      },
      {
        "activity_id": 141,
        "type": "activity_standing",
        "duration_frames": 494,
        "participants": [
          13
        ],
        "participant_types": [
          "Person"
        ]
      },
      {
        "activity_id": 142,
        "type": "activity_standing",
        "duration_frames": 25,
        "participants": [
          13
        ],
        "participant_types": [
          "Person"
        ]
      },
      {
        "activity_id": 143,
        "type": "activity_standing",
        "duration_frames": 95,
        "participants": [
          13
        ],
        "participant_types": [
          "Person"
        ]
      },
      {
        "activity_id": 144,
        "type": "activity_standing",
        "duration_frames": 2180,
        "participants": [
          13
        ],
        "participant_types": [
          "Person"
        ]
      },
      {
        "activity_id": 145,
        "type": "activity_standing",
        "duration_frames": 61,
        "participants": [
          17
        ],
        "participant_types": [
          "Person"
        ]
      },
      {
        "activity_id": 146,
        "type": "activity_standing",
        "duration_frames": 516,
        "participants": [
          17
        ],
        "participant_types": [
          "Person"
        ]
      },
      {
        "activity_id": 147,
        "type": "activity_standing",
        "duration_frames": 19,
        "participants": [
          46
        ],
        "participant_types": [
          "Person"
        ]
      },
      {
        "activity_id": 148,
        "type": "activity_standing",
        "duration_frames": 771,
        "participants": [
          1
        ],
        "participant_types": [
          "Person"
        ]
      },
      {
        "activity_id": 149,
        "type": "activity_standing",
        "duration_frames": 1913,
        "participants": [
          3
        ],
        "participant_types": [
          "Person"
        ]
      },
      {
        "activity_id": 150,
        "type": "activity_standing",
        "duration_frames": 253,
        "participants": [
          3
        ],
        "participant_types": [
          "Person"
        ]
      },
      {
        "activity_id": 151,
        "type": "activity_standing",
        "duration_frames": 29,
        "participants": [
          26
        ],
        "participant_types": [
          "Person"
        ]
      },
      {
        "activity_id": 152,
        "type": "activity_standing",
        "duration_frames": 478,
        "participants": [
          26
        ],
        "participant_types": [
          "Person"
        ]
      },
      {
        "activity_id": 153,
        "type": "vehicle_starting",
        "duration_frames": 40,
        "participants": [
          18
        ],
        "participant_types": [
          "Vehicle"
        ]
      },
      {
        "activity_id": 154,
        "type": "vehicle_starting",
        "duration_frames": 69,
        "participants": [
          18
        ],
        "participant_types": [
          "Vehicle"
        ]
      },
      {
        "activity_id": 155,
        "type": "vehicle_starting",
        "duration_frames": 46,
        "participants": [
          18
        ],
        "participant_types": [
          "Vehicle"
        ]
      },
      {
        "activity_id": 156,
        "type": "vehicle_starting",
        "duration_frames": 146,
        "participants": [
          9
        ],
        "participant_types": [
          "Vehicle"
        ]
      },
      {
        "activity_id": 157,
        "type": "vehicle_starting",
        "duration_frames": 183,
        "participants": [
          6
        ],
        "participant_types": [
          "Vehicle"
        ]
      },
      {
        "activity_id": 158,
        "type": "vehicle_starting",
        "duration_frames": 102,
        "participants": [
          6
        ],
        "participant_types": [
          "Vehicle"
        ]
      },
      {
        "activity_id": 159,
        "type": "vehicle_stopping",
        "duration_frames": 56,
        "participants": [
          18
        ],
        "participant_types": [
          "Vehicle"
        ]
      },
      {
        "activity_id": 160,
        "type": "vehicle_stopping",
        "duration_frames": 60,
        "participants": [
          18
        ],
        "participant_types": [
          "Vehicle"
        ]
      },
      {
        "activity_id": 161,
        "type": "vehicle_stopping",
        "duration_frames": 81,
        "participants": [
          18
        ],
        "participant_types": [
          "Vehicle"
        ]
      },
      {
        "activity_id": 162,
        "type": "vehicle_stopping",
        "duration_frames": 92,
        "participants": [
          25
        ],
        "participant_types": [
          "Vehicle"
        ]
      },
      {
        "activity_id": 163,
        "type": "vehicle_stopping",
        "duration_frames": 155,
        "participants": [
          6
        ],
        "participant_types": [
          "Vehicle"
        ]
      },
      {
        "activity_id": 164,
        "type": "vehicle_stopping",
        "duration_frames": 44,
        "participants": [
          6
        ],
        "participant_types": [
          "Vehicle"
        ]
      },
      {
        "activity_id": 165,
        "type": "vehicle_stopping",
        "duration_frames": 85,
        "participants": [
          9
        ],
        "participant_types": [
          "Vehicle"
        ]
      },
      {
        "activity_id": 166,
        "type": "vehicle_moving",
        "duration_frames": 433,
        "participants": [
          25
        ],
        "participant_types": [
          "Vehicle"
        ]
      },
      {
        "activity_id": 167,
        "type": "vehicle_moving",
        "duration_frames": 50,
        "participants": [
          34
        ],
        "participant_types": [
          "Vehicle"
        ]
      },
      {
        "activity_id": 168,
        "type": "vehicle_moving",
        "duration_frames": 531,
        "participants": [
          6
        ],
        "participant_types": [
          "Vehicle"
        ]
      },
      {
        "activity_id": 169,
        "type": "vehicle_moving",
        "duration_frames": 643,
        "participants": [
          6
        ],
        "participant_types": [
          "Vehicle"
        ]
      },
      {
        "activity_id": 170,
        "type": "vehicle_moving",
        "duration_frames": 38,
        "participants": [
          40
        ],
        "participant_types": [
          "Vehicle"
        ]
      },
      {
        "activity_id": 171,
        "type": "vehicle_moving",
        "duration_frames": 43,
        "participants": [
          41
        ],
        "participant_types": [
          "Vehicle"
        ]
      },
      {
        "activity_id": 172,
        "type": "vehicle_moving",
        "duration_frames": 45,
        "participants": [
          44
        ],
        "participant_types": [
          "Vehicle"
        ]
      },
      {
        "activity_id": 173,
        "type": "vehicle_moving",
        "duration_frames": 39,
        "participants": [
          35
        ],
        "participant_types": [
          "Vehicle"
        ]
      },
      {
        "activity_id": 174,
        "type": "vehicle_moving",
        "duration_frames": 56,
        "participants": [
          36
        ],
        "participant_types": [
          "Vehicle"
        ]
      },
      {
        "activity_id": 175,
        "type": "vehicle_moving",
        "duration_frames": 36,
        "participants": [
          33
        ],
        "participant_types": [
          "Vehicle"
        ]
      },
      {
        "activity_id": 176,
        "type": "vehicle_moving",
        "duration_frames": 34,
        "participants": [
          37
        ],
        "participant_types": [
          "Vehicle"
        ]
      },
      {
        "activity_id": 177,
        "type": "vehicle_moving",
        "duration_frames": 38,
        "participants": [
          38
        ],
        "participant_types": [
          "Vehicle"
        ]
      },
      {
        "activity_id": 178,
        "type": "vehicle_moving",
        "duration_frames": 36,
        "participants": [
          31
        ],
        "participant_types": [
          "Vehicle"
        ]
      },
      {
        "activity_id": 179,
        "type": "vehicle_moving",
        "duration_frames": 50,
        "participants": [
          42
        ],
        "participant_types": [
          "Vehicle"
        ]
      },
      {
        "activity_id": 180,
        "type": "vehicle_moving",
        "duration_frames": 37,
        "participants": [
          32
        ],
        "participant_types": [
          "Vehicle"
        ]
      },
      {
        "activity_id": 181,
        "type": "vehicle_moving",
        "duration_frames": 34,
        "participants": [
          43
        ],
        "participant_types": [
          "Vehicle"
        ]
      },
      {
        "activity_id": 182,
        "type": "vehicle_moving",
        "duration_frames": 45,
        "participants": [
          39
        ],
        "participant_types": [
          "Vehicle"
        ]
      },
      {
        "activity_id": 183,
        "type": "vehicle_moving",
        "duration_frames": 315,
        "participants": [
          18
        ],
        "participant_types": [
          "Vehicle"
        ]
      },
      {
        "activity_id": 184,
        "type": "vehicle_moving",
        "duration_frames": 431,
        "participants": [
          18
        ],
        "participant_types": [
          "Vehicle"
        ]
      },
      {
        "activity_id": 185,
        "type": "vehicle_moving",
        "duration_frames": 144,
        "participants": [
          18
        ],
        "participant_types": [
          "Vehicle"
        ]
      },
      {
        "activity_id": 186,
        "type": "vehicle_moving",
        "duration_frames": 39,
        "participants": [
          45
        ],
        "participant_types": [
          "Vehicle"
        ]
      },
      {
        "activity_id": 187,
        "type": "vehicle_moving",
        "duration_frames": 313,
        "participants": [
          9
        ],
        "participant_types": [
          "Vehicle"
        ]
      },
      {
        "activity_id": 188,
        "type": "vehicle_moving",
        "duration_frames": 704,
        "participants": [
          9
        ],
        "participant_types": [
          "Vehicle"
        ]
      },
      {
        "activity_id": 189,
        "type": "vehicle_u_turn",
        "duration_frames": 182,
        "participants": [
          9
        ],
        "participant_types": [
          "Vehicle"
        ]
      },
      {
        "activity_id": 190,
        "type": "specialized_miscellaneous",
        "duration_frames": 83,
        "participants": [
          5
        ],
        "participant_types": [
          "Person"
        ]
      },
      {
        "activity_id": 191,
        "type": "activity_walking",
        "duration_frames": 56,
        "participants": [
          7
        ],
        "participant_types": [
          "Person"
        ]
      },
      {
        "activity_id": 192,
        "type": "activity_walking",
        "duration_frames": 32,
        "participants": [
          7
        ],
        "participant_types": [
          "Person"
        ]
      },
      {
        "activity_id": 193,
        "type": "activity_walking",
        "duration_frames": 59,
        "participants": [
          7
        ],
        "participant_types": [
          "Person"
        ]
      },
      {
        "activity_id": 194,
        "type": "activity_walking",
        "duration_frames": 59,
        "participants": [
          14
        ],
        "participant_types": [
          "Person"
        ]
      },
      {
        "activity_id": 195,
        "type": "activity_walking",
        "duration_frames": 379,
        "participants": [
          14
        ],
        "participant_types": [
          "Person"
        ]
      },
      {
        "activity_id": 196,
        "type": "activity_walking",
        "duration_frames": 41,
        "participants": [
          14
        ],
        "participant_types": [
          "Person"
        ]
      },
      {
        "activity_id": 197,
        "type": "activity_walking",
        "duration_frames": 106,
        "participants": [
          14
        ],
        "participant_types": [
          "Person"
        ]
      },
      {
        "activity_id": 198,
        "type": "activity_walking",
        "duration_frames": 79,
        "participants": [
          14
        ],
        "participant_types": [
          "Person"
        ]
      },
      {
        "activity_id": 199,
        "type": "activity_walking",
        "duration_frames": 615,
        "participants": [
          14
        ],
        "participant_types": [
          "Person"
        ]
      },
      {
        "activity_id": 200,
        "type": "activity_walking",
        "duration_frames": 177,
        "participants": [
          14
        ],
        "participant_types": [
          "Person"
        ]
      },
      {
        "activity_id": 201,
        "type": "activity_walking",
        "duration_frames": 53,
        "participants": [
          14
        ],
        "participant_types": [
          "Person"
        ]
      },
      {
        "activity_id": 202,
        "type": "activity_walking",
        "duration_frames": 913,
        "participants": [
          21
        ],
        "participant_types": [
          "Person"
        ]
      },
      {
        "activity_id": 203,
        "type": "activity_walking",
        "duration_frames": 124,
        "participants": [
          4
        ],
        "participant_types": [
          "Person"
        ]
      },
      {
        "activity_id": 204,
        "type": "activity_walking",
        "duration_frames": 93,
        "participants": [
          4
        ],
        "participant_types": [
          "Person"
        ]
      },
      {
        "activity_id": 205,
        "type": "activity_walking",
        "duration_frames": 206,
        "participants": [
          4
        ],
        "participant_types": [
          "Person"
        ]
      },
      {
        "activity_id": 206,
        "type": "activity_walking",
        "duration_frames": 166,
        "participants": [
          4
        ],
        "participant_types": [
          "Person"
        ]
      },
      {
        "activity_id": 207,
        "type": "activity_walking",
        "duration_frames": 263,
        "participants": [
          5
        ],
        "participant_types": [
          "Person"
        ]
      },
      {
        "activity_id": 208,
        "type": "activity_walking",
        "duration_frames": 733,
        "participants": [
          5
        ],
        "participant_types": [
          "Person"
        ]
      },
      {
        "activity_id": 209,
        "type": "activity_walking",
        "duration_frames": 127,
        "participants": [
          5
        ],
        "participant_types": [
          "Person"
        ]
      },
      {
        "activity_id": 210,
        "type": "activity_walking",
        "duration_frames": 519,
        "participants": [
          2
        ],
        "participant_types": [
          "Person"
        ]
      },
      {
        "activity_id": 211,
        "type": "activity_walking",
        "duration_frames": 363,
        "participants": [
          20
        ],
        "participant_types": [
          "Person"
        ]
      },
      {
        "activity_id": 212,
        "type": "activity_walking",
        "duration_frames": 176,
        "participants": [
          10
        ],
        "participant_types": [
          "Person"
        ]
      },
      {
        "activity_id": 213,
        "type": "activity_walking",
        "duration_frames": 77,
        "participants": [
          10
        ],
        "participant_types": [
          "Person"
        ]
      },
      {
        "activity_id": 214,
        "type": "activity_walking",
        "duration_frames": 56,
        "participants": [
          10
        ],
        "participant_types": [
          "Person"
        ]
      },
      {
        "activity_id": 215,
        "type": "activity_walking",
        "duration_frames": 121,
        "participants": [
          10
        ],
        "participant_types": [
          "Person"
        ]
      },
      {
        "activity_id": 216,
        "type": "activity_walking",
        "duration_frames": 68,
        "participants": [
          10
        ],
        "participant_types": [
          "Person"
        ]
      },
      {
        "activity_id": 217,
        "type": "activity_walking",
        "duration_frames": 50,
        "participants": [
          10
        ],
        "participant_types": [
          "Person"
        ]
      },
      {
        "activity_id": 218,
        "type": "activity_walking",
        "duration_frames": 104,
        "participants": [
          19
        ],
        "participant_types": [
          "Person"
        ]
      },
      {
        "activity_id": 219,
        "type": "activity_walking",
        "duration_frames": 325,
        "participants": [
          19
        ],
        "participant_types": [
          "Person"
        ]
      },
      {
        "activity_id": 220,
        "type": "activity_walking",
        "duration_frames": 43,
        "participants": [
          19
        ],
        "participant_types": [
          "Person"
        ]
      },
      {
        "activity_id": 221,
        "type": "activity_walking",
        "duration_frames": 34,
        "participants": [
          19
        ],
        "participant_types": [
          "Person"
        ]
      },
      {
        "activity_id": 222,
        "type": "activity_walking",
        "duration_frames": 70,
        "participants": [
          19
        ],
        "participant_types": [
          "Person"
        ]
      },
      {
        "activity_id": 223,
        "type": "activity_walking",
        "duration_frames": 222,
        "participants": [
          19
        ],
        "participant_types": [
          "Person"
        ]
      },
      {
        "activity_id": 224,
        "type": "activity_walking",
        "duration_frames": 1035,
        "participants": [
          22
        ],
        "participant_types": [
          "Person"
        ]
      },
      {
        "activity_id": 225,
        "type": "activity_walking",
        "duration_frames": 2242,
        "participants": [
          12
        ],
        "participant_types": [
          "Person"
        ]
      },
      {
        "activity_id": 226,
        "type": "activity_walking",
        "duration_frames": 17,
        "participants": [
          12
        ],
        "participant_types": [
          "Person"
        ]
      },
      {
        "activity_id": 227,
        "type": "activity_walking",
        "duration_frames": 125,
        "participants": [
          12
        ],
        "participant_types": [
          "Person"
        ]
      },
      {
        "activity_id": 228,
        "type": "activity_walking",
        "duration_frames": 478,
        "participants": [
          12
        ],
        "participant_types": [
          "Person"
        ]
      },
      {
        "activity_id": 229,
        "type": "activity_walking",
        "duration_frames": 76,
        "participants": [
          12
        ],
        "participant_types": [
          "Person"
        ]
      },
      {
        "activity_id": 230,
        "type": "activity_walking",
        "duration_frames": 80,
        "participants": [
          12
        ],
        "participant_types": [
          "Person"
        ]
      },
      {
        "activity_id": 231,
        "type": "activity_walking",
        "duration_frames": 52,
        "participants": [
          12
        ],
        "participant_types": [
          "Person"
        ]
      },
      {
        "activity_id": 232,
        "type": "activity_walking",
        "duration_frames": 880,
        "participants": [
          12
        ],
        "participant_types": [
          "Person"
        ]
      },
      {
        "activity_id": 233,
        "type": "activity_walking",
        "duration_frames": 111,
        "participants": [
          12
        ],
        "participant_types": [
          "Person"
        ]
      },
      {
        "activity_id": 234,
        "type": "activity_walking",
        "duration_frames": 135,
        "participants": [
          12
        ],
        "participant_types": [
          "Person"
        ]
      },
      {
        "activity_id": 235,
        "type": "activity_walking",
        "duration_frames": 223,
        "participants": [
          12
        ],
        "participant_types": [
          "Person"
        ]
      },
      {
        "activity_id": 236,
        "type": "activity_walking",
        "duration_frames": 334,
        "participants": [
          12
        ],
        "participant_types": [
          "Person"
        ]
      },
      {
        "activity_id": 237,
        "type": "activity_walking",
        "duration_frames": 288,
        "participants": [
          12
        ],
        "participant_types": [
          "Person"
        ]
      },
      {
        "activity_id": 238,
        "type": "activity_walking",
        "duration_frames": 266,
        "participants": [
          12
        ],
        "participant_types": [
          "Person"
        ]
      },
      {
        "activity_id": 239,
        "type": "activity_walking",
        "duration_frames": 174,
        "participants": [
          23
        ],
        "participant_types": [
          "Person"
        ]
      },
      {
        "activity_id": 240,
        "type": "activity_walking",
        "duration_frames": 60,
        "participants": [
          23
        ],
        "participant_types": [
          "Person"
        ]
      },
      {
        "activity_id": 241,
        "type": "activity_walking",
        "duration_frames": 386,
        "participants": [
          30
        ],
        "participant_types": [
          "Person"
        ]
      },
      {
        "activity_id": 242,
        "type": "activity_walking",
        "duration_frames": 79,
        "participants": [
          30
        ],
        "participant_types": [
          "Person"
        ]
      },
      {
        "activity_id": 243,
        "type": "activity_walking",
        "duration_frames": 43,
        "participants": [
          30
        ],
        "participant_types": [
          "Person"
        ]
      },
      {
        "activity_id": 244,
        "type": "activity_walking",
        "duration_frames": 154,
        "participants": [
          30
        ],
        "participant_types": [
          "Person"
        ]
      },
      {
        "activity_id": 245,
        "type": "activity_walking",
        "duration_frames": 41,
        "participants": [
          30
        ],
        "participant_types": [
          "Person"
        ]
      },
      {
        "activity_id": 246,
        "type": "activity_walking",
        "duration_frames": 299,
        "participants": [
          16
        ],
        "participant_types": [
          "Person"
        ]
      },
      {
        "activity_id": 247,
        "type": "activity_walking",
        "duration_frames": 152,
        "participants": [
          46
        ],
        "participant_types": [
          "Person"
        ]
      },
      {
        "activity_id": 248,
        "type": "activity_walking",
        "duration_frames": 77,
        "participants": [
          46
        ],
        "participant_types": [
          "Person"
        ]
      },
      {
        "activity_id": 249,
        "type": "activity_walking",
        "duration_frames": 530,
        "participants": [
          17
        ],
        "participant_types": [
          "Person"
        ]
      },
      {
        "activity_id": 250,
        "type": "activity_walking",
        "duration_frames": 140,
        "participants": [
          17
        ],
        "participant_types": [
          "Person"
        ]
      },
      {
        "activity_id": 251,
        "type": "activity_walking",
        "duration_frames": 1137,
        "participants": [
          17
        ],
        "participant_types": [
          "Person"
        ]
      },
      {
        "activity_id": 252,
        "type": "activity_walking",
        "duration_frames": 2047,
        "participants": [
          1
        ],
        "participant_types": [
          "Person"
        ]
      },
      {
        "activity_id": 253,
        "type": "activity_walking",
        "duration_frames": 51,
        "participants": [
          26
        ],
        "participant_types": [
          "Person"
        ]
      },
      {
        "activity_id": 254,
        "type": "activity_walking",
        "duration_frames": 26,
        "participants": [
          26
        ],
        "participant_types": [
          "Person"
        ]
      },
      {
        "activity_id": 255,
        "type": "activity_walking",
        "duration_frames": 61,
        "participants": [
          3
        ],
        "participant_types": [
          "Person"
        ]
      },
      {
        "activity_id": 256,
        "type": "activity_walking",
        "duration_frames": 471,
        "participants": [
          3
        ],
        "participant_types": [
          "Person"
        ]
      },
      {
        "activity_id": 257,
        "type": "activity_walking",
        "duration_frames": 2078,
        "participants": [
          0
        ],
        "participant_types": [
          "Person"
        ]
      },
      {
        "activity_id": 258,
        "type": "activity_walking",
        "duration_frames": 225,
        "participants": [
          13
        ],
        "participant_types": [
          "Person"
        ]
      },
      {
        "activity_id": 259,
        "type": "activity_walking",
        "duration_frames": 71,
        "participants": [
          13
        ],
        "participant_types": [
          "Person"
        ]
      },
      {
        "activity_id": 260,
        "type": "activity_walking",
        "duration_frames": 238,
        "participants": [
          13
        ],
        "participant_types": [
          "Person"
        ]
      },
      {
        "activity_id": 261,
        "type": "activity_walking",
        "duration_frames": 98,
        "participants": [
          13
        ],
        "participant_types": [
          "Person"
        ]
      },
      {
        "activity_id": 262,
        "type": "activity_walking",
        "duration_frames": 328,
        "participants": [
          13
        ],
        "participant_types": [
          "Person"
        ]
      },
      {
        "activity_id": 263,
        "type": "activity_walking",
        "duration_frames": 2217,
        "participants": [
          11
        ],
        "participant_types": [
          "Person"
        ]
      },
      {
        "activity_id": 264,
        "type": "activity_walking",
        "duration_frames": 374,
        "participants": [
          11
        ],
        "participant_types": [
          "Person"
        ]
      },
      {
        "activity_id": 265,
        "type": "activity_walking",
        "duration_frames": 69,
        "participants": [
          11
        ],
        "participant_types": [
          "Person"
        ]
      },
      {
        "activity_id": 266,
        "type": "activity_walking",
        "duration_frames": 395,
        "participants": [
          11
        ],
        "participant_types": [
          "Person"
        ]
      },
      {
        "activity_id": 267,
        "type": "activity_walking",
        "duration_frames": 134,
        "participants": [
          11
        ],
        "participant_types": [
          "Person"
        ]
      },
      {
        "activity_id": 268,
        "type": "activity_walking",
        "duration_frames": 253,
        "participants": [
          11
        ],
        "participant_types": [
          "Person"
        ]
      },
      {
        "activity_id": 269,
        "type": "activity_carrying",
        "duration_frames": 157,
        "participants": [
          20
        ],
        "participant_types": [
          "Person"
        ]
      },
      {
        "activity_id": 270,
        "type": "activity_carrying",
        "duration_frames": 1020,
        "participants": [
          22
        ],
        "participant_types": [
          "Person"
        ]
      },
      {
        "activity_id": 271,
        "type": "activity_carrying",
        "duration_frames": 248,
        "participants": [
          30
        ],
        "participant_types": [
          "Person"
        ]
      },
      {
        "activity_id": 272,
        "type": "activity_carrying",
        "duration_frames": 519,
        "participants": [
          2
        ],
        "participant_types": [
          "Person"
        ]
      },
      {
        "activity_id": 273,
        "type": "activity_gesturing",
        "duration_frames": 50,
        "participants": [
          13
        ],
        "participant_types": [
          "Person"
        ]
      },
      {
        "activity_id": 274,
        "type": "activity_gesturing",
        "duration_frames": 102,
        "participants": [
          11
        ],
        "participant_types": [
          "Person"
        ]
      },
      {
        "activity_id": 275,
        "type": "activity_gesturing",
        "duration_frames": 100,
        "participants": [
          11
        ],
        "participant_types": [
          "Person"
        ]
      },
      {
        "activity_id": 276,
        "type": "activity_gesturing",
        "duration_frames": 128,
        "participants": [
          11
        ],
        "participant_types": [
          "Person"
        ]
      },
      {
        "activity_id": 277,
        "type": "activity_gesturing",
        "duration_frames": 97,
        "participants": [
          11
        ],
        "participant_types": [
          "Person"
        ]
      },
      {
        "activity_id": 278,
        "type": "activity_gesturing",
        "duration_frames": 63,
        "participants": [
          11
        ],
        "participant_types": [
          "Person"
        ]
      },
      {
        "activity_id": 279,
        "type": "activity_gesturing",
        "duration_frames": 37,
        "participants": [
          11
        ],
        "participant_types": [
          "Person"
        ]
      },
      {
        "activity_id": 280,
        "type": "activity_gesturing",
        "duration_frames": 33,
        "participants": [
          11
        ],
        "participant_types": [
          "Person"
        ]
      },
      {
        "activity_id": 281,
        "type": "activity_gesturing",
        "duration_frames": 59,
        "participants": [
          19
        ],
        "participant_types": [
          "Person"
        ]
      },
      {
        "activity_id": 282,
        "type": "activity_gesturing",
        "duration_frames": 52,
        "participants": [
          19
        ],
        "participant_types": [
          "Person"
        ]
      },
      {
        "activity_id": 283,
        "type": "activity_gesturing",
        "duration_frames": 65,
        "participants": [
          19
        ],
        "participant_types": [
          "Person"
        ]
      },
      {
        "activity_id": 284,
        "type": "activity_gesturing",
        "duration_frames": 66,
        "participants": [
          19
        ],
        "participant_types": [
          "Person"
        ]
      },
      {
        "activity_id": 285,
        "type": "activity_gesturing",
        "duration_frames": 35,
        "participants": [
          10
        ],
        "participant_types": [
          "Person"
        ]
      },
      {
        "activity_id": 286,
        "type": "activity_gesturing",
        "duration_frames": 16,
        "participants": [
          10
        ],
        "participant_types": [
          "Person"
        ]
      },
      {
        "activity_id": 287,
        "type": "activity_gesturing",
        "duration_frames": 127,
        "participants": [
          10
        ],
        "participant_types": [
          "Person"
        ]
      },
      {
        "activity_id": 288,
        "type": "activity_gesturing",
        "duration_frames": 319,
        "participants": [
          3
        ],
        "participant_types": [
          "Person"
        ]
      },
      {
        "activity_id": 289,
        "type": "activity_gesturing",
        "duration_frames": 36,
        "participants": [
          3
        ],
        "participant_types": [
          "Person"
        ]
      },
      {
        "activity_id": 290,
        "type": "activity_gesturing",
        "duration_frames": 17,
        "participants": [
          3
        ],
        "participant_types": [
          "Person"
        ]
      },
      {
        "activity_id": 291,
        "type": "activity_gesturing",
        "duration_frames": 42,
        "participants": [
          5
        ],
        "participant_types": [
          "Person"
        ]
      },
      {
        "activity_id": 292,
        "type": "activity_gesturing",
        "duration_frames": 53,
        "participants": [
          14
        ],
        "participant_types": [
          "Person"
        ]
      },
      {
        "activity_id": 293,
        "type": "activity_gesturing",
        "duration_frames": 27,
        "participants": [
          12
        ],
        "participant_types": [
          "Person"
        ]
      },
      {
        "activity_id": 294,
        "type": "activity_gesturing",
        "duration_frames": 29,
        "participants": [
          12
        ],
        "participant_types": [
          "Person"
        ]
      },
      {
        "activity_id": 295,
        "type": "activity_gesturing",
        "duration_frames": 37,
        "participants": [
          12
        ],
        "participant_types": [
          "Person"
        ]
      },
      {
        "activity_id": 296,
        "type": "activity_gesturing",
        "duration_frames": 31,
        "participants": [
          12
        ],
        "participant_types": [
          "Person"
        ]
      },
      {
        "activity_id": 297,
        "type": "activity_gesturing",
        "duration_frames": 40,
        "participants": [
          12
        ],
        "participant_types": [
          "Person"
        ]
      },
      {
        "activity_id": 298,
        "type": "activity_gesturing",
        "duration_frames": 31,
        "participants": [
          12
        ],
        "participant_types": [
          "Person"
        ]
      },
      {
        "activity_id": 299,
        "type": "activity_gesturing",
        "duration_frames": 28,
        "participants": [
          12
        ],
        "participant_types": [
          "Person"
        ]
      },
      {
        "activity_id": 300,
        "type": "specialized_talking_phone",
        "duration_frames": 243,
        "participants": [
          10
        ],
        "participant_types": [
          "Person"
        ]
      },
      {
        "activity_id": 301,
        "type": "specialized_talking_phone",
        "duration_frames": 89,
        "participants": [
          19
        ],
        "participant_types": [
          "Person"
        ]
      },
      {
        "activity_id": 302,
        "type": "specialized_talking_phone",
        "duration_frames": 240,
        "participants": [
          2
        ],
        "participant_types": [
          "Person"
        ]
      },
      {
        "activity_id": 303,
        "type": "specialized_talking_phone",
        "duration_frames": 260,
        "participants": [
          2
        ],
        "participant_types": [
          "Person"
        ]
      }
    ],
    "alerts": []
  }
}