{
  "VIRAT_S_000000": {
    "camera_id": "VIRAT_S_000000",
    "location": "Desconocida",
    "priority": "media",
    "date": "2025-05-27",
    "activity_summary": {
      "total_activities": 12,
      "activities": [
        {
          "name": "Entering 3",
          "instances": 3,
          "participants": [
            "Person"
          ]
        },
        {
          "name": "Exiting 1",
          "instances": 1,
          "participants": [
            "Person"
          ]
        },
        {
          "name": "Loading 2",
          "instances": 2,
          "participants": [
            "Person"
          ]
        },
        {
          "name": "Opening 3",
          "instances": 3,
          "participants": [
            "Person"
          ]
        },
        {
          "name": "Riding 2",
          "instances": 2,
          "participants": [
            "Person"
          ]
        },
        {
          "name": "activity_carrying 4",
          "instances": 4,
          "participants": [
            "Person"
          ]
        },
        {
          "name": "activity_standing 5",
          "instances": 5,
          "participants": [
            "Person"
          ]
        },
        {
          "name": "activity_walking 10",
          "instances": 10,
          "participants": [
            "Person"
          ]
        },
        {
          "name": "vehicle_moving 20",
          "instances": 20,
          "participants": [
            "Vehicle"
          ]
        },
        {
          "name": "vehicle_starting 1",
          "instances": 1,
          "participants": [
            "Vehicle"
          ]
        },
        {
          "name": "vehicle_stopping 6",
          "instances": 6,
          "participants": [
            "Vehicle"
          ]
        },
        {
          "name": "vehicle_turning_right 1",
          "instances": 1,
          "participants": [
            "Vehicle"
          ]
        }
      ]
    },
    "object_counts": {
      "Bike 2": 2,
      "Door 1": 1,
      "Dumpster 1": 1,
      "Parking_Meter 1": 1,
      "Person 9": 9,
      "Tree 1": 1,
      "Vehicle 52": 52
    },
    "specific_activities": [
      {
        "activity_id": 1,
        "type": "Riding",
        "duration_frames": 69,
        "participants": [
          58,
          59
        ],
        "participant_types": [
          "Person",
          "Bike"
        ]
      },
      {
        "activity_id": 2,
        "type": "Riding",
        "duration_frames": 218,
        "participants": [
          58,
          60
        ],
        "participant_types": [
          "Person",
          "Bike"
        ]
      },
      {
        "activity_id": 3,
        "type": "Loading",
        "duration_frames": 193,
        "participants": [
          54,
          19
        ],
        "participant_types": [
          "Person",
          "Vehicle"
        ]
      },
      {
        "activity_id": 4,
        "type": "Loading",
        "duration_frames": 216,
        "participants": [
          52,
          5
        ],
        "participant_types": [
          "Person",
          "Vehicle"
        ]
      },
      {
        "activity_id": 5,
        "type": "Exiting",
        "duration_frames": 16,
        "participants": [
          62,
          5
        ],
        "participant_types": [
          "Person",
          "Vehicle"
        ]
      },
      {
        "activity_id": 6,
        "type": "Entering",
        "duration_frames": 73,
        "participants": [
          52,
          5
        ],
        "participant_types": [
          "Person",
          "Vehicle"
        ]
      },
      {
        "activity_id": 7,
        "type": "Entering",
        "duration_frames": 55,
        "participants": [
          62,
          5
        ],
        "participant_types": [
          "Person",
          "Vehicle"
        ]
      },
      {
        "activity_id": 8,
        "type": "Entering",
        "duration_frames": 18,
        "participants": [
          54,
          19
        ],
        "participant_types": [
          "Person",
          "Vehicle"
        ]
      },
      {
        "activity_id": 9,
        "type": "Opening",
        "duration_frames": 53,
        "participants": [
          52,
          5
        ],
        "participant_types": [
          "Person",
          "Vehicle"
        ]
      },
      {
        "activity_id": 10,
        "type": "Opening",
        "duration_frames": 62,
        "participants": [
          54,
          19
        ],
        "participant_types": [
          "Person",
          "Vehicle"
        ]
      },
      {
        "activity_id": 11,
        "type": "Opening",
        "duration_frames": 40,
        "participants": [
          54,
          19
        ],
        "participant_types": [
          "Person",
          "Vehicle"
        ]
      },
      {
        "activity_id": 12,
        "type": "activity_carrying",
        "duration_frames": 1083,
        "participants": [
          54
        ],
        "participant_types": [
          "Person"
        ]
      },
      {
        "activity_id": 13,
        "type": "activity_carrying",
        "duration_frames": 1274,
        "participants": [
          52
        ],
        "participant_types": [
          "Person"
        ]
      },
      {
        "activity_id": 14,
        "type": "activity_carrying",
        "duration_frames": 1479,
        "participants": [
          53
        ],
        "participant_types": [
          "Person"
        ]
      },
      {
        "activity_id": 15,
        "type": "activity_carrying",
        "duration_frames": 715,
        "participants": [
          56
        ],
        "participant_types": [
          "Person"
        ]
      },
      {
        "activity_id": 16,
        "type": "vehicle_stopping",
        "duration_frames": 220,
        "participants": [
          35
        ],
        "participant_types": [
          "Vehicle"
        ]
      },
      {
        "activity_id": 17,
        "type": "vehicle_stopping",
        "duration_frames": 103,
        "participants": [
          47
        ],
        "participant_types": [
          "Vehicle"
        ]
      },
      {
        "activity_id": 18,
        "type": "vehicle_stopping",
        "duration_frames": 112,
        "participants": [
          46
        ],
        "participant_types": [
          "Vehicle"
        ]
      },
      {
        "activity_id": 19,
        "type": "vehicle_stopping",
        "duration_frames": 144,
        "participants": [
          39
        ],
        "participant_types": [
          "Vehicle"
        ]
      },
      {
        "activity_id": 20,
        "type": "vehicle_stopping",
        "duration_frames": 89,
        "participants": [
          50
        ],
        "participant_types": [
          "Vehicle"
        ]
      },
      {
        "activity_id": 21,
        "type": "vehicle_stopping",
        "duration_frames": 38,
        "participants": [
          37
        ],
        "participant_types": [
          "Vehicle"
        ]
      },
      {
        "activity_id": 22,
        "type": "vehicle_moving",
        "duration_frames": 196,
        "participants": [
          51
        ],
        "participant_types": [
          "Vehicle"
        ]
      },
      {
        "activity_id": 23,
        "type": "vehicle_moving",
        "duration_frames": 117,
        "participants": [
          37
        ],
        "participant_types": [
          "Vehicle"
        ]
      },
      {
        "activity_id": 24,
        "type": "vehicle_moving",
        "duration_frames": 109,
        "participants": [
          48
        ],
        "participant_types": [
          "Vehicle"
        ]
      },
      {
        "activity_id": 25,
        "type": "vehicle_moving",
        "duration_frames": 34,
        "participants": [
          19
        ],
        "participant_types": [
          "Vehicle"
        ]
      },
      {
        "activity_id": 26,
        "type": "vehicle_moving",
        "duration_frames": 129,
        "participants": [
          49
        ],
        "participant_types": [
          "Vehicle"
        ]
      },
      {
        "activity_id": 27,
        "type": "vehicle_moving",
        "duration_frames": 6,
        "participants": [
          36
        ],
        "participant_types": [
          "Vehicle"
        ]
      },
      {
        "activity_id": 28,
        "type": "vehicle_moving",
        "duration_frames": 223,
        "participants": [
          60
        ],
        "participant_types": [
          "Bike"
        ]
      },
      {
        "activity_id": 29,
        "type": "vehicle_moving",
        "duration_frames": 350,
        "participants": [
          47
        ],
        "participant_types": [
          "Vehicle"
        ]
      },
      {
        "activity_id": 30,
        "type": "vehicle_moving",
        "duration_frames": 128,
        "participants": [
          40
        ],
        "participant_types": [
          "Vehicle"
        ]
      },
      {
        "activity_id": 31,
        "type": "vehicle_moving",
        "duration_frames": 274,
        "participants": [
          50
        ],
        "participant_types": [
          "Vehicle"
        ]
      },
      {
        "activity_id": 32,
        "type": "vehicle_moving",
        "duration_frames": 328,
        "participants": [
          39
        ],
        "participant_types": [
          "Vehicle"
        ]
      },
      {
        "activity_id": 33,
        "type": "vehicle_moving",
        "duration_frames": 121,
        "participants": [
          45
        ],
        "participant_types": [
          "Vehicle"
        ]
      },
      {
        "activity_id": 34,
        "type": "vehicle_moving",
        "duration_frames": 111,
        "participants": [
          43
        ],
        "participant_types": [
          "Vehicle"
        ]
      },
      {
        "activity_id": 35,
        "type": "vehicle_moving",
        "duration_frames": 127,
        "participants": [
          44
        ],
        "participant_types": [
          "Vehicle"
        ]
      },
      {
        "activity_id": 36,
        "type": "vehicle_moving",
        "duration_frames": 129,
        "participants": [
          38
        ],
        "participant_types": [
          "Vehicle"
        ]
      },
      {
        "activity_id": 37,
        "type": "vehicle_moving",
        "duration_frames": 142,
        "participants": [
          42
        ],
        "participant_types": [
          "Vehicle"
        ]
      },
      {
        "activity_id": 38,
        "type": "vehicle_moving",
        "duration_frames": 144,
        "participants": [
          41
        ],
        "participant_types": [
          "Vehicle"
        ]
      },
      {
        "activity_id": 39,
        "type": "vehicle_moving",
        "duration_frames": 69,
        "participants": [
          59
        ],
        "participant_types": [
          "Bike"
        ]
      },
      {
        "activity_id": 40,
        "type": "vehicle_moving",
        "duration_frames": 317,
        "participants": [
          46
        ],
        "participant_types": [
          "Vehicle"
        ]
      },
      {
        "activity_id": 41,
        "type": "vehicle_moving",
        "duration_frames": 405,
        "participants": [
          35
        ],
        "participant_types": [
          "Vehicle"
        ]
      },
      {
        "activity_id": 42,
        "type": "activity_standing",
        "duration_frames": 342,
        "participants": [
          62
        ],
        "participant_types": [
          "Person"
        ]
      },
      {
        "activity_id": 43,
        "type": "activity_standing",
        "duration_frames": 26,
        "participants": [
          62
        ],
        "participant_types": [
          "Person"
        ]
      },
      {
        "activity_id": 44,
        "type": "activity_standing",
        "duration_frames": 33,
        "participants": [
          62
        ],
        "participant_types": [
          "Person"
        ]
      },
      {
        "activity_id": 45,
        "type": "activity_standing",
        "duration_frames": 266,
        "participants": [
          52
        ],
        "participant_types": [
          "Person"
        ]
      },
      {
        "activity_id": 46,
        "type": "activity_standing",
        "duration_frames": 503,
        "participants": [
          54
        ],
        "participant_types": [
          "Person"
        ]
      },
      {
        "activity_id": 47,
        "type": "vehicle_turning_right",
        "duration_frames": 109,
        "participants": [
          51
        ],
        "participant_types": [
          "Vehicle"
        ]
      },
      {
        "activity_id": 48,
        "type": "activity_walking",
        "duration_frames": 304,
        "participants": [
          55
        ],
        "participant_types": [
          "Person"
        ]
      },
      {
        "activity_id": 49,
        "type": "activity_walking",
        "duration_frames": 831,
        "participants": [
          61
        ],
        "participant_types": [
          "Person"
        ]
      },
      {
        "activity_id": 50,
        "type": "activity_walking",
        "duration_frames": 897,
        "participants": [
          54
        ],
        "participant_types": [
          "Person"
        ]
      },
      {
        "activity_id": 51,
        "type": "activity_walking",
        "duration_frames": 476,
        "participants": [
          57
        ],
        "participant_types": [
          "Person"
        ]
      },
      {
        "activity_id": 52,
        "type": "activity_walking",
        "duration_frames": 160,
        "participants": [
          62
        ],
        "participant_types": [
          "Person"
        ]
      },
      {
        "activity_id": 53,
        "type": "activity_walking",
        "duration_frames": 53,
        "participants": [
          62
        ],
        "participant_types": [
          "Person"
        ]
      },
      {
        "activity_id": 54,
        "type": "activity_walking",
        "duration_frames": 185,
        "participants": [
          62
        ],
        "participant_types": [
          "Person"
        ]
      },
      {
        "activity_id": 55,
        "type": "activity_walking",
        "duration_frames": 734,
        "participants": [
          56
        ],
        "participant_types": [
          "Person"
        ]
      },
      {
        "activity_id": 56,
        "type": "activity_walking",
        "duration_frames": 1559,
        "participants": [
          53
        ],
        "participant_types": [
          "Person"
        ]
      },
      {
        "activity_id": 57,
        "type": "activity_walking",
        "duration_frames": 1034,
        "participants": [
          52
        ],
        "participant_types": [
          "Person"
        ]
      },
      {
        "activity_id": 58,
        "type": "vehicle_starting",
        "duration_frames": 34,
        "participants": [
          19
        ],
        "participant_types": [
          "Vehicle"
        ]
      }
    ],
    "alerts": []
  }
}