{
  "VIRAT_S_000000": {
    "camera_id": "VIRAT_S_000000",
    "location": "Desconocida",
    "priority": "media",
    "date": "2025-05-27",
    "activity_summary": {
      "total_activities": 26,
      "activities": [
        {
          "name": "Closing 2",
          "instances": 2,
          "participants": [
            "Person"
          ]
        },
        {
          "name": "Drop 1",
          "instances": 1,
          "participants": [
            "Person"
          ]
        },
        {
          "name": "DropOff_Person_Vehicle 1",
          "instances": 1,
          "participants": [
            "Person"
          ]
        },
        {
          "name": "Entering 1",
          "instances": 1,
          "participants": [
            "Person"
          ]
        },
        {
          "name": "Exiting 1",
          "instances": 1,
          "participants": [
            "Person"
          ]
        },
        {
          "name": "Interacts 2",
          "instances": 2,
          "participants": [
            "Person"
          ]
        },
        {
          "name": "Loading 1",
          "instances": 1,
          "participants": [
            "Person"
          ]
        },
        {
          "name": "Object_Transfer 1",
          "instances": 1,
          "participants": [
            "Person"
          ]
        },
        {
          "name": "Opening 2",
          "instances": 2,
          "participants": [
            "Person"
          ]
        },
        {
          "name": "PickUp_Person_Vehicle 1",
          "instances": 1,
          "participants": [
            "Person"
          ]
        },
        {
          "name": "Pull 3",
          "instances": 3,
          "participants": [
            "Person"
          ]
        },
        {
          "name": "Riding 1",
          "instances": 1,
          "participants": [
            "Person"
          ]
        },
        {
          "name": "Talking 1",
          "instances": 1,
          "participants": [
            "Person"
          ]
        },
        {
          "name": "Transport_HeavyCarry 2",
          "instances": 2,
          "participants": [
            "Person"
          ]
        },
        {
          "name": "Unloading 1",
          "instances": 1,
          "participants": [
            "Person"
          ]
        },
        {
          "name": "activity_carrying 2",
          "instances": 2,
          "participants": [
            "Person"
          ]
        },
        {
          "name": "activity_running 1",
          "instances": 1,
          "participants": [
            "Person"
          ]
        },
        {
          "name": "activity_sitting 2",
          "instances": 2,
          "participants": [
            "Person"
          ]
        },
        {
          "name": "activity_standing 11",
          "instances": 11,
          "participants": [
            "Person"
          ]
        },
        {
          "name": "activity_walking 20",
          "instances": 20,
          "participants": [
            "Person"
          ]
        },
        {
          "name": "vehicle_moving 9",
          "instances": 9,
          "participants": [
            "Vehicle"
          ]
        },
        {
          "name": "vehicle_starting 3",
          "instances": 3,
          "participants": [
            "Vehicle"
          ]
        },
        {
          "name": "vehicle_stopping 4",
          "instances": 4,
          "participants": [
            "Vehicle"
          ]
        },
        {
          "name": "vehicle_turning_left 7",
          "instances": 7,
          "participants": [
            "Vehicle"
          ]
        },
        {
          "name": "vehicle_turning_right 5",
          "instances": 5,
          "participants": [
            "Vehicle"
          ]
        },
        {
          "name": "vehicle_u_turn 1",
          "instances": 1,
          "participants": [
            "Vehicle"
          ]
        }
      ]
    },
    "object_counts": {
      "Bike 1": 1,
      "Person 10": 10,
      "Push_Pulled_Object 2": 2,
      "Tree 5": 5,
      "Vehicle 9": 9
    },
    "specific_activities": [
      {
        "activity_id": 1,
        "type": "Talking",
        "duration_frames": 139,
        "participants": [
          21,
          35
        ],
        "participant_types": [
          "Person",
          "Person"
        ]
      },
      {
        "activity_id": 2,
        "type": "Interacts",
        "duration_frames": 182,
        "participants": [
          35,
          54
        ],
        "participant_types": [
          "Person",
          "Push_Pulled_Object"
        ]
      },
      {
        "activity_id": 3,
        "type": "Interacts",
        "duration_frames": 260,
        "participants": [
          5,
          3
        ],
        "participant_types": [
          "Person",
          "Push_Pulled_Object"
        ]
      },
      {
        "activity_id": 4,
        "type": "Riding",
        "duration_frames": 253,
        "participants": [
          34,
          36
        ],
        "participant_types": [
          "Person",
          "Bike"
        ]
      },
      {
        "activity_id": 5,
        "type": "Loading",
        "duration_frames": 200,
        "participants": [
          3,
          5,
          15
        ],
        "participant_types": [
          "Push_Pulled_Object",
          "Person",
          "Vehicle"
        ]
      },
      {
        "activity_id": 6,
        "type": "Unloading",
        "duration_frames": 142,
        "participants": [
          54,
          35,
          0
        ],
        "participant_types": [
          "Push_Pulled_Object",
          "Person",
          "Vehicle"
        ]
      },
      {
        "activity_id": 7,
        "type": "PickUp_Person_Vehicle",
        "duration_frames": 630,
        "participants": [
          15,
          5
        ],
        "participant_types": [
          "Vehicle",
          "Person"
        ]
      },
      {
        "activity_id": 8,
        "type": "DropOff_Person_Vehicle",
        "duration_frames": 468,
        "participants": [
          0,
          35
        ],
        "participant_types": [
          "Vehicle",
          "Person"
        ]
      },
      {
        "activity_id": 9,
        "type": "Object_Transfer",
        "duration_frames": 56,
        "participants": [
          21,
          35
        ],
        "participant_types": [
          "Person",
          "Person"
        ]
      },
      {
        "activity_id": 10,
        "type": "Transport_HeavyCarry",
        "duration_frames": 124,
        "participants": [
          54,
          35
        ],
        "participant_types": [
          "Push_Pulled_Object",
          "Person"
        ]
      },
      {
        "activity_id": 11,
        "type": "Transport_HeavyCarry",
        "duration_frames": 127,
        "participants": [
          3,
          5
        ],
        "participant_types": [
          "Push_Pulled_Object",
          "Person"
        ]
      },
      {
        "activity_id": 12,
        "type": "Pull",
        "duration_frames": 363,
        "participants": [
          54,
          35
        ],
        "participant_types": [
          "Push_Pulled_Object",
          "Person"
        ]
      },
      {
        "activity_id": 13,
        "type": "Pull",
        "duration_frames": 799,
        "participants": [
          54,
          35
        ],
        "participant_types": [
          "Push_Pulled_Object",
          "Person"
        ]
      },
      {
        "activity_id": 14,
        "type": "Pull",
        "duration_frames": 1010,
        "participants": [
          5,
          3
        ],
        "participant_types": [
          "Person",
          "Push_Pulled_Object"
        ]
      },
      {
        "activity_id": 15,
        "type": "Exiting",
        "duration_frames": 146,
        "participants": [
          35,
          0
        ],
        "participant_types": [
          "Person",
          "Vehicle"
        ]
      },
      {
        "activity_id": 16,
        "type": "Entering",
        "duration_frames": 188,
        "participants": [
          5,
          15
        ],
        "participant_types": [
          "Person",
          "Vehicle"
        ]
      },
      {
        "activity_id": 17,
        "type": "Opening",
        "duration_frames": 58,
        "participants": [
          35,
          0
        ],
        "participant_types": [
          "Person",
          "Vehicle"
        ]
      },
      {
        "activity_id": 18,
        "type": "Opening",
        "duration_frames": 35,
        "participants": [
          5,
          15
        ],
        "participant_types": [
          "Person",
          "Vehicle"
        ]
      },
      {
        "activity_id": 19,
        "type": "Closing",
        "duration_frames": 33,
        "participants": [
          35,
          0
        ],
        "participant_types": [
          "Person",
          "Vehicle"
        ]
      },
      {
        "activity_id": 20,
        "type": "Closing",
        "duration_frames": 54,
        "participants": [
          5,
          15
        ],
        "participant_types": [
          "Person",
          "Vehicle"
        ]
      },
      {
        "activity_id": 21,
        "type": "Drop",
        "duration_frames": 104,
        "participants": [
          54,
          35
        ],
        "participant_types": [
          "Push_Pulled_Object",
          "Person"
        ]
      },
      {
        "activity_id": 22,
        "type": "vehicle_turning_left",
        "duration_frames": 40,
        "participants": [
          15
        ],
        "participant_types": [
          "Vehicle"
        ]
      },
      {
        "activity_id": 23,
        "type": "vehicle_turning_left",
        "duration_frames": 99,
        "participants": [
          22
        ],
        "participant_types": [
          "Vehicle"
        ]
      },
      {
        "activity_id": 24,
        "type": "vehicle_turning_left",
        "duration_frames": 27,
        "participants": [
          52
        ],
        "participant_types": [
          "Vehicle"
        ]
      },
      {
        "activity_id": 25,
        "type": "vehicle_turning_left",
        "duration_frames": 114,
        "participants": [
          52
        ],
        "participant_types": [
          "Vehicle"
        ]
      },
      {
        "activity_id": 26,
        "type": "vehicle_turning_left",
        "duration_frames": 49,
        "participants": [
          0
        ],
        "participant_types": [
          "Vehicle"
        ]
      },
      {
        "activity_id": 27,
        "type": "vehicle_turning_left",
        "duration_frames": 38,
        "participants": [
          0
        ],
        "participant_types": [
          "Vehicle"
        ]
      },
      {
        "activity_id": 28,
        "type": "vehicle_turning_left",
        "duration_frames": 66,
        "participants": [
          12
        ],
        "participant_types": [
          "Vehicle"
        ]
      },
      {
        "activity_id": 29,
        "type": "activity_standing",
        "duration_frames": 117,
        "participants": [
          35
        ],
        "participant_types": [
          "Person"
        ]
      },
      {
        "activity_id": 30,
        "type": "activity_standing",
        "duration_frames": 95,
        "participants": [
          35
        ],
        "participant_types": [
          "Person"
        ]
      },
      {
        "activity_id": 31,
        "type": "activity_standing",
        "duration_frames": 246,
        "participants": [
          35
        ],
        "participant_types": [
          "Person"
        ]
      },
      {
        "activity_id": 32,
        "type": "activity_standing",
        "duration_frames": 321,
        "participants": [
          5
        ],
        "participant_types": [
          "Person"
        ]
      },
      {
        "activity_id": 33,
        "type": "activity_standing",
        "duration_frames": 169,
        "participants": [
          5
        ],
        "participant_types": [
          "Person"
        ]
      },
      {
        "activity_id": 34,
        "type": "activity_standing",
        "duration_frames": 140,
        "participants": [
          5
        ],
        "participant_types": [
          "Person"
        ]
      },
      {
        "activity_id": 35,
        "type": "activity_standing",
        "duration_frames": 2289,
        "participants": [
          21
        ],
        "participant_types": [
          "Person"
        ]
      },
      {
        "activity_id": 36,
        "type": "activity_standing",
        "duration_frames": 151,
        "participants": [
          21
        ],
        "participant_types": [
          "Person"
        ]
      },
      {
        "activity_id": 37,
        "type": "activity_standing",
        "duration_frames": 361,
        "participants": [
          21
        ],
        "participant_types": [
          "Person"
        ]
      },
      {
        "activity_id": 38,
        "type": "activity_standing",
        "duration_frames": 67,
        "participants": [
          21
        ],
        "participant_types": [
          "Person"
        ]
      },
      {
        "activity_id": 39,
        "type": "activity_standing",
        "duration_frames": 350,
        "participants": [
          21
        ],
        "participant_types": [
          "Person"
        ]
      },
      {
        "activity_id": 40,
        "type": "activity_walking",
        "duration_frames": 1431,
        "participants": [
          27
        ],
        "participant_types": [
          "Person"
        ]
      },
      {
        "activity_id": 41,
        "type": "activity_walking",
        "duration_frames": 398,
        "participants": [
          17
        ],
        "participant_types": [
          "Person"
        ]
      },
      {
        "activity_id": 42,
        "type": "activity_walking",
        "duration_frames": 180,
        "participants": [
          21
        ],
        "participant_types": [
          "Person"
        ]
      },
      {
        "activity_id": 43,
        "type": "activity_walking",
        "duration_frames": 157,
        "participants": [
          21
        ],
        "participant_types": [
          "Person"
        ]
      },
      {
        "activity_id": 44,
        "type": "activity_walking",
        "duration_frames": 125,
        "participants": [
          21
        ],
        "participant_types": [
          "Person"
        ]
      },
      {
        "activity_id": 45,
        "type": "activity_walking",
        "duration_frames": 78,
        "participants": [
          21
        ],
        "participant_types": [
          "Person"
        ]
      },
      {
        "activity_id": 46,
        "type": "activity_walking",
        "duration_frames": 88,
        "participants": [
          21
        ],
        "participant_types": [
          "Person"
        ]
      },
      {
        "activity_id": 47,
        "type": "activity_walking",
        "duration_frames": 154,
        "participants": [
          21
        ],
        "participant_types": [
          "Person"
        ]
      },
      {
        "activity_id": 48,
        "type": "activity_walking",
        "duration_frames": 837,
        "participants": [
          21
        ],
        "participant_types": [
          "Person"
        ]
      },
      {
        "activity_id": 49,
        "type": "activity_walking",
        "duration_frames": 1008,
        "participants": [
          5
        ],
        "participant_types": [
          "Person"
        ]
      },
      {
        "activity_id": 50,
        "type": "activity_walking",
        "duration_frames": 119,
        "participants": [
          5
        ],
        "participant_types": [
          "Person"
        ]
      },
      {
        "activity_id": 51,
        "type": "activity_walking",
        "duration_frames": 43,
        "participants": [
          5
        ],
        "participant_types": [
          "Person"
        ]
      },
      {
        "activity_id": 52,
        "type": "activity_walking",
        "duration_frames": 817,
        "participants": [
          1
        ],
        "participant_types": [
          "Person"
        ]
      },
      {
        "activity_id": 53,
        "type": "activity_walking",
        "duration_frames": 1179,
        "participants": [
          20
        ],
        "participant_types": [
          "Person"
        ]
      },
      {
        "activity_id": 54,
        "type": "activity_walking",
        "duration_frames": 829,
        "participants": [
          41
        ],
        "participant_types": [
          "Person"
        ]
      },
      {
        "activity_id": 55,
        "type": "activity_walking",
        "duration_frames": 814,
        "participants": [
          2
        ],
        "participant_types": [
          "Person"
        ]
      },
      {
        "activity_id": 56,
        "type": "activity_walking",
        "duration_frames": 106,
        "participants": [
          35
        ],
        "participant_types": [
          "Person"
        ]
      },
      {
        "activity_id": 57,
        "type": "activity_walking",
        "duration_frames": 110,
        "participants": [
          35
        ],
        "participant_types": [
          "Person"
        ]
      },
      {
        "activity_id": 58,
        "type": "activity_walking",
        "duration_frames": 298,
        "participants": [
          35
        ],
        "participant_types": [
          "Person"
        ]
      },
      {
        "activity_id": 59,
        "type": "activity_walking",
        "duration_frames": 820,
        "participants": [
          35
        ],
        "participant_types": [
          "Person"
        ]
      },
      {
        "activity_id": 60,
        "type": "activity_carrying",
        "duration_frames": 1156,
        "participants": [
          20
        ],
        "participant_types": [
          "Person"
        ]
      },
      {
        "activity_id": 61,
        "type": "activity_carrying",
        "duration_frames": 1431,
        "participants": [
          27
        ],
        "participant_types": [
          "Person"
        ]
      },
      {
        "activity_id": 62,
        "type": "activity_sitting",
        "duration_frames": 59,
        "participants": [
          5
        ],
        "participant_types": [
          "Person"
        ]
      },
      {
        "activity_id": 63,
        "type": "activity_sitting",
        "duration_frames": 48,
        "participants": [
          35
        ],
        "participant_types": [
          "Person"
        ]
      },
      {
        "activity_id": 64,
        "type": "vehicle_stopping",
        "duration_frames": 39,
        "participants": [
          0
        ],
        "participant_types": [
          "Vehicle"
        ]
      },
      {
        "activity_id": 65,
        "type": "vehicle_stopping",
        "duration_frames": 40,
        "participants": [
          0
        ],
        "participant_types": [
          "Vehicle"
        ]
      },
      {
        "activity_id": 66,
        "type": "vehicle_stopping",
        "duration_frames": 48,
        "participants": [
          15
        ],
        "participant_types": [
          "Vehicle"
        ]
      },
      {
        "activity_id": 67,
        "type": "vehicle_stopping",
        "duration_frames": 62,
        "participants": [
          15
        ],
        "participant_types": [
          "Vehicle"
        ]
      },
      {
        "activity_id": 68,
        "type": "vehicle_turning_right",
        "duration_frames": 36,
        "participants": [
          12
        ],
        "participant_types": [
          "Vehicle"
        ]
      },
      {
        "activity_id": 69,
        "type": "vehicle_turning_right",
        "duration_frames": 19,
        "participants": [
          0
        ],
        "participant_types": [
          "Vehicle"
        ]
      },
      {
        "activity_id": 70,
        "type": "vehicle_turning_right",
        "duration_frames": 95,
        "participants": [
          0
        ],
        "participant_types": [
          "Vehicle"
        ]
      },
      {
        "activity_id": 71,
        "type": "vehicle_turning_right",
        "duration_frames": 35,
        "participants": [
          22
        ],
        "participant_types": [
          "Vehicle"
        ]
      },
      {
        "activity_id": 72,
        "type": "vehicle_turning_right",
        "duration_frames": 120,
        "participants": [
          15
        ],
        "participant_types": [
          "Vehicle"
        ]
      },
      {
        "activity_id": 73,
        "type": "vehicle_moving",
        "duration_frames": 256,
        "participants": [
          36
        ],
        "participant_types": [
          "Bike"
        ]
      },
      {
        "activity_id": 74,
        "type": "vehicle_moving",
        "duration_frames": 1010,
        "participants": [
          3
        ],
        "participant_types": [
          "Push_Pulled_Object"
        ]
      },
      {
        "activity_id": 75,
        "type": "vehicle_moving",
        "duration_frames": 642,
        "participants": [
          0
        ],
        "participant_types": [
          "Vehicle"
        ]
      },
      {
        "activity_id": 76,
        "type": "vehicle_moving",
        "duration_frames": 543,
        "participants": [
          0
        ],
        "participant_types": [
          "Vehicle"
        ]
      },
      {
        "activity_id": 77,
        "type": "vehicle_moving",
        "duration_frames": 405,
        "participants": [
          12
        ],
        "participant_types": [
          "Vehicle"
        ]
      },
      {
        "activity_id": 78,
        "type": "vehicle_moving",
        "duration_frames": 531,
        "participants": [
          52
        ],
        "participant_types": [
          "Vehicle"
        ]
      },
      {
        "activity_id": 79,
        "type": "vehicle_moving",
        "duration_frames": 431,
        "participants": [
          15
        ],
        "participant_types": [
          "Vehicle"
        ]
      },
      {
        "activity_id": 80,
        "type": "vehicle_moving",
        "duration_frames": 487,
        "participants": [
          15
        ],
        "participant_types": [
          "Vehicle"
        ]
      },
      {
        "activity_id": 81,
        "type": "vehicle_moving",
        "duration_frames": 468,
        "participants": [
          22
        ],
        "participant_types": [
          "Vehicle"
        ]
      },
      {
        "activity_id": 82,
        "type": "vehicle_starting",
        "duration_frames": 72,
        "participants": [
          15
        ],
        "participant_types": [
          "Vehicle"
        ]
      },
      {
        "activity_id": 83,
        "type": "vehicle_starting",
        "duration_frames": 34,
        "participants": [
          15
        ],
        "participant_types": [
          "Vehicle"
        ]
      },
      {
        "activity_id": 84,
        "type": "vehicle_starting",
        "duration_frames": 29,
        "participants": [
          0
        ],
        "participant_types": [
          "Vehicle"
        ]
      },
      {
        "activity_id": 85,
        "type": "activity_running",
        "duration_frames": 74,
        "participants": [
          21
        ],
        "participant_types": [
          "Person"
        ]
      },
      {
        "activity_id": 86,
        "type": "vehicle_u_turn",
        "duration_frames": 179,
        "participants": [
          0
        ],
        "participant_types": [
          "Vehicle"
        ]
      }
    ],
    "alerts": []
  }
}