{
  "VIRAT_S_000000": {
    "camera_id": "VIRAT_S_000000",
    "location": "Desconocida",
    "priority": "media",
    "date": "2025-05-27",
    "activity_summary": {
      "total_activities": 24,
      "activities": [
        {
          "name": "Closing 1",
          "instances": 1,
          "participants": [
            "Person"
          ]
        },
        {
          "name": "Closing_Trunk 2",
          "instances": 2,
          "participants": [
            "Person"
          ]
        },
        {
          "name": "Entering 1",
          "instances": 1,
          "participants": [
            "Person"
          ]
        },
        {
          "name": "Exiting 1",
          "instances": 1,
          "participants": [
            "Person"
          ]
        },
        {
          "name": "Interacts 2",
          "instances": 2,
          "participants": [
            "Person"
          ]
        },
        {
          "name": "Open_Trunk 1",
          "instances": 1,
          "participants": [
            "Person"
          ]
        },
        {
          "name": "Opening 1",
          "instances": 1,
          "participants": [
            "Person"
          ]
        },
        {
          "name": "Person_Person_Interaction 2",
          "instances": 2,
          "participants": [
            "Person"
          ]
        },
        {
          "name": "Push 2",
          "instances": 2,
          "participants": [
            "Person"
          ]
        },
        {
          "name": "Talking 4",
          "instances": 4,
          "participants": [
            "Person"
          ]
        },
        {
          "name": "Unloading 1",
          "instances": 1,
          "participants": [
            "Person"
          ]
        },
        {
          "name": "activity_carrying 8",
          "instances": 8,
          "participants": [
            "Person"
          ]
        },
        {
          "name": "activity_crouching 1",
          "instances": 1,
          "participants": [
            "Person"
          ]
        },
        {
          "name": "activity_gesturing 38",
          "instances": 38,
          "participants": [
            "Person"
          ]
        },
        {
          "name": "activity_standing 27",
          "instances": 27,
          "participants": [
            "Person"
          ]
        },
        {
          "name": "activity_walking 26",
          "instances": 26,
          "participants": [
            "Person"
          ]
        },
        {
          "name": "specialized_talking_phone 1",
          "instances": 1,
          "participants": [
            "Person"
          ]
        },
        {
          "name": "specialized_texting_phone 1",
          "instances": 1,
          "participants": [
            "Person"
          ]
        },
        {
          "name": "vehicle_moving 2",
          "instances": 2,
          "participants": [
            "Vehicle"
          ]
        },
        {
          "name": "vehicle_starting 2",
          "instances": 2,
          "participants": [
            "Vehicle"
          ]
        },
        {
          "name": "vehicle_stopping 3",
          "instances": 3,
          "participants": [
            "Vehicle"
          ]
        },
        {
          "name": "vehicle_turning_left 2",
          "instances": 2,
          "participants": [
            "Vehicle"
          ]
        },
        {
          "name": "vehicle_turning_right 2",
          "instances": 2,
          "participants": [
            "Vehicle"
          ]
        },
        {
          "name": "vehicle_u_turn 1",
          "instances": 1,
          "participants": [
            "Vehicle"
          ]
        }
      ]
    },
    "object_counts": {
      "Other 5": 5,
      "Person 7": 7,
      "Prop 1": 1,
      "Push_Pulled_Object 2": 2,
      "Vehicle 1": 1
    },
    "specific_activities": [
      {
        "activity_id": 1,
        "type": "Talking",
        "duration_frames": 4536,
        "participants": [
          4,
          8,
          7
        ],
        "participant_types": [
          "Person",
          "Person",
          "Person"
        ]
      },
      {
        "activity_id": 2,
        "type": "Talking",
        "duration_frames": 1137,
        "participants": [
          3,
          4,
          2
        ],
        "participant_types": [
          "Person",
          "Person",
          "Person"
        ]
      },
      {
        "activity_id": 3,
        "type": "Talking",
        "duration_frames": 360,
        "participants": [
          2,
          3
        ],
        "participant_types": [
          "Person",
          "Person"
        ]
      },
      {
        "activity_id": 4,
        "type": "Talking",
        "duration_frames": 5317,
        "participants": [
          3,
          2
        ],
        "participant_types": [
          "Person",
          "Person"
        ]
      },
      {
        "activity_id": 5,
        "type": "Person_Person_Interaction",
        "duration_frames": 27,
        "participants": [
          4,
          7
        ],
        "participant_types": [
          "Person",
          "Person"
        ]
      },
      {
        "activity_id": 6,
        "type": "Person_Person_Interaction",
        "duration_frames": 41,
        "participants": [
          4,
          8
        ],
        "participant_types": [
          "Person",
          "Person"
        ]
      },
      {
        "activity_id": 7,
        "type": "Interacts",
        "duration_frames": 105,
        "participants": [
          5,
          6
        ],
        "participant_types": [
          "Vehicle",
          "Person"
        ]
      },
      {
        "activity_id": 8,
        "type": "Interacts",
        "duration_frames": 2244,
        "participants": [
          3,
          5005
        ],
        "participant_types": [
          "Person",
          "Other"
        ]
      },
      {
        "activity_id": 9,
        "type": "Open_Trunk",
        "duration_frames": 63,
        "participants": [
          9,
          5
        ],
        "participant_types": [
          "Person",
          "Vehicle"
        ]
      },
      {
        "activity_id": 10,
        "type": "Closing_Trunk",
        "duration_frames": 76,
        "participants": [
          9,
          5
        ],
        "participant_types": [
          "Person",
          "Vehicle"
        ]
      },
      {
        "activity_id": 11,
        "type": "Closing_Trunk",
        "duration_frames": 49,
        "participants": [
          5,
          6
        ],
        "participant_types": [
          "Vehicle",
          "Person"
        ]
      },
      {
        "activity_id": 12,
        "type": "Unloading",
        "duration_frames": 103,
        "participants": [
          5,
          9,
          13
        ],
        "participant_types": [
          "Vehicle",
          "Person",
          "Prop"
        ]
      },
      {
        "activity_id": 13,
        "type": "Push",
        "duration_frames": 617,
        "participants": [
          9,
          12
        ],
        "participant_types": [
          "Person",
          "Push_Pulled_Object"
        ]
      },
      {
        "activity_id": 14,
        "type": "Push",
        "duration_frames": 555,
        "participants": [
          9,
          14
        ],
        "participant_types": [
          "Person",
          "Push_Pulled_Object"
        ]
      },
      {
        "activity_id": 15,
        "type": "Exiting",
        "duration_frames": 117,
        "participants": [
          6,
          5
        ],
        "participant_types": [
          "Person",
          "Vehicle"
        ]
      },
      {
        "activity_id": 16,
        "type": "Entering",
        "duration_frames": 163,
        "participants": [
          5,
          6
        ],
        "participant_types": [
          "Vehicle",
          "Person"
        ]
      },
      {
        "activity_id": 17,
        "type": "Opening",
        "duration_frames": 55,
        "participants": [
          6,
          5
        ],
        "participant_types": [
          "Person",
          "Vehicle"
        ]
      },
      {
        "activity_id": 18,
        "type": "Closing",
        "duration_frames": 25,
        "participants": [
          6,
          5
        ],
        "participant_types": [
          "Person",
          "Vehicle"
        ]
      },
      {
        "activity_id": 19,
        "type": "specialized_talking_phone",
        "duration_frames": 454,
        "participants": [
          6
        ],
        "participant_types": [
          "Person"
        ]
      },
      {
        "activity_id": 20,
        "type": "vehicle_turning_right",
        "duration_frames": 206,
        "participants": [
          5
        ],
        "participant_types": [
          "Vehicle"
        ]
      },
      {
        "activity_id": 21,
        "type": "vehicle_turning_right",
        "duration_frames": 127,
        "participants": [
          5
        ],
        "participant_types": [
          "Vehicle"
        ]
      },
      {
        "activity_id": 22,
        "type": "activity_gesturing",
        "duration_frames": 60,
        "participants": [
          2
        ],
        "participant_types": [
          "Person"
        ]
      },
      {
        "activity_id": 23,
        "type": "activity_gesturing",
        "duration_frames": 34,
        "participants": [
          2
        ],
        "participant_types": [
          "Person"
        ]
      },
      {
        "activity_id": 24,
        "type": "activity_gesturing",
        "duration_frames": 239,
        "participants": [
          2
        ],
        "participant_types": [
          "Person"
        ]
      },
      {
        "activity_id": 25,
        "type": "activity_gesturing",
        "duration_frames": 62,
        "participants": [
          2
        ],
        "participant_types": [
          "Person"
        ]
      },
      {
        "activity_id": 26,
        "type": "activity_gesturing",
        "duration_frames": 243,
        "participants": [
          2
        ],
        "participant_types": [
          "Person"
        ]
      },
      {
        "activity_id": 27,
        "type": "activity_gesturing",
        "duration_frames": 156,
        "participants": [
          2
        ],
        "participant_types": [
          "Person"
        ]
      },
      {
        "activity_id": 28,
        "type": "activity_gesturing",
        "duration_frames": 113,
        "participants": [
          2
        ],
        "participant_types": [
          "Person"
        ]
      },
      {
        "activity_id": 29,
        "type": "activity_gesturing",
        "duration_frames": 112,
        "participants": [
          2
        ],
        "participant_types": [
          "Person"
        ]
      },
      {
        "activity_id": 30,
        "type": "activity_gesturing",
        "duration_frames": 60,
        "participants": [
          2
        ],
        "participant_types": [
          "Person"
        ]
      },
      {
        "activity_id": 31,
        "type": "activity_gesturing",
        "duration_frames": 19,
        "participants": [
          6
        ],
        "participant_types": [
          "Person"
        ]
      },
      {
        "activity_id": 32,
        "type": "activity_gesturing",
        "duration_frames": 20,
        "participants": [
          6
        ],
        "participant_types": [
          "Person"
        ]
      },
      {
        "activity_id": 33,
        "type": "activity_gesturing",
        "duration_frames": 156,
        "participants": [
          4
        ],
        "participant_types": [
          "Person"
        ]
      },
      {
        "activity_id": 34,
        "type": "activity_gesturing",
        "duration_frames": 38,
        "participants": [
          4
        ],
        "participant_types": [
          "Person"
        ]
      },
      {
        "activity_id": 35,
        "type": "activity_gesturing",
        "duration_frames": 37,
        "participants": [
          4
        ],
        "participant_types": [
          "Person"
        ]
      },
      {
        "activity_id": 36,
        "type": "activity_gesturing",
        "duration_frames": 14,
        "participants": [
          4
        ],
        "participant_types": [
          "Person"
        ]
      },
      {
        "activity_id": 37,
        "type": "activity_gesturing",
        "duration_frames": 83,
        "participants": [
          4
        ],
        "participant_types": [
          "Person"
        ]
      },
      {
        "activity_id": 38,
        "type": "activity_gesturing",
        "duration_frames": 26,
        "participants": [
          4
        ],
        "participant_types": [
          "Person"
        ]
      },
      {
        "activity_id": 39,
        "type": "activity_gesturing",
        "duration_frames": 38,
        "participants": [
          4
        ],
        "participant_types": [
          "Person"
        ]
      },
      {
        "activity_id": 40,
        "type": "activity_gesturing",
        "duration_frames": 60,
        "participants": [
          4
        ],
        "participant_types": [
          "Person"
        ]
      },
      {
        "activity_id": 41,
        "type": "activity_gesturing",
        "duration_frames": 26,
        "participants": [
          4
        ],
        "participant_types": [
          "Person"
        ]
      },
      {
        "activity_id": 42,
        "type": "activity_gesturing",
        "duration_frames": 59,
        "participants": [
          4
        ],
        "participant_types": [
          "Person"
        ]
      },
      {
        "activity_id": 43,
        "type": "activity_gesturing",
        "duration_frames": 47,
        "participants": [
          4
        ],
        "participant_types": [
          "Person"
        ]
      },
      {
        "activity_id": 44,
        "type": "activity_gesturing",
        "duration_frames": 182,
        "participants": [
          4
        ],
        "participant_types": [
          "Person"
        ]
      },
      {
        "activity_id": 45,
        "type": "activity_gesturing",
        "duration_frames": 31,
        "participants": [
          4
        ],
        "participant_types": [
          "Person"
        ]
      },
      {
        "activity_id": 46,
        "type": "activity_gesturing",
        "duration_frames": 25,
        "participants": [
          4
        ],
        "participant_types": [
          "Person"
        ]
      },
      {
        "activity_id": 47,
        "type": "activity_gesturing",
        "duration_frames": 27,
        "participants": [
          4
        ],
        "participant_types": [
          "Person"
        ]
      },
      {
        "activity_id": 48,
        "type": "activity_gesturing",
        "duration_frames": 46,
        "participants": [
          4
        ],
        "participant_types": [
          "Person"
        ]
      },
      {
        "activity_id": 49,
        "type": "activity_gesturing",
        "duration_frames": 67,
        "participants": [
          4
        ],
        "participant_types": [
          "Person"
        ]
      },
      {
        "activity_id": 50,
        "type": "activity_gesturing",
        "duration_frames": 23,
        "participants": [
          4
        ],
        "participant_types": [
          "Person"
        ]
      },
      {
        "activity_id": 51,
        "type": "activity_gesturing",
        "duration_frames": 23,
        "participants": [
          4
        ],
        "participant_types": [
          "Person"
        ]
      },
      {
        "activity_id": 52,
        "type": "activity_gesturing",
        "duration_frames": 16,
        "participants": [
          9
        ],
        "participant_types": [
          "Person"
        ]
      },
      {
        "activity_id": 53,
        "type": "activity_gesturing",
        "duration_frames": 21,
        "participants": [
          8
        ],
        "participant_types": [
          "Person"
        ]
      },
      {
        "activity_id": 54,
        "type": "activity_gesturing",
        "duration_frames": 368,
        "participants": [
          7
        ],
        "participant_types": [
          "Person"
        ]
      },
      {
        "activity_id": 55,
        "type": "activity_gesturing",
        "duration_frames": 26,
        "participants": [
          3
        ],
        "participant_types": [
          "Person"
        ]
      },
      {
        "activity_id": 56,
        "type": "activity_gesturing",
        "duration_frames": 36,
        "participants": [
          3
        ],
        "participant_types": [
          "Person"
        ]
      },
      {
        "activity_id": 57,
        "type": "activity_gesturing",
        "duration_frames": 154,
        "participants": [
          3
        ],
        "participant_types": [
          "Person"
        ]
      },
      {
        "activity_id": 58,
        "type": "activity_gesturing",
        "duration_frames": 48,
        "participants": [
          3
        ],
        "participant_types": [
          "Person"
        ]
      },
      {
        "activity_id": 59,
        "type": "activity_gesturing",
        "duration_frames": 507,
        "participants": [
          3
        ],
        "participant_types": [
          "Person"
        ]
      },
      {
        "activity_id": 60,
        "type": "vehicle_turning_left",
        "duration_frames": 40,
        "participants": [
          5
        ],
        "participant_types": [
          "Vehicle"
        ]
      },
      {
        "activity_id": 61,
        "type": "vehicle_turning_left",
        "duration_frames": 155,
        "participants": [
          5
        ],
        "participant_types": [
          "Vehicle"
        ]
      },
      {
        "activity_id": 62,
        "type": "activity_crouching",
        "duration_frames": 5,
        "participants": [
          6
        ],
        "participant_types": [
          "Person"
        ]
      },
      {
        "activity_id": 63,
        "type": "specialized_texting_phone",
        "duration_frames": 69,
        "participants": [
          6
        ],
        "participant_types": [
          "Person"
        ]
      },
      {
        "activity_id": 64,
        "type": "vehicle_moving",
        "duration_frames": 324,
        "participants": [
          5
        ],
        "participant_types": [
          "Vehicle"
        ]
      },
      {
        "activity_id": 65,
        "type": "vehicle_moving",
        "duration_frames": 644,
        "participants": [
          5
        ],
        "participant_types": [
          "Vehicle"
        ]
      },
      {
        "activity_id": 66,
        "type": "vehicle_starting",
        "duration_frames": 49,
        "participants": [
          5
        ],
        "participant_types": [
          "Vehicle"
        ]
      },
      {
        "activity_id": 67,
        "type": "vehicle_starting",
        "duration_frames": 88,
        "participants": [
          5
        ],
        "participant_types": [
          "Vehicle"
        ]
      },
      {
        "activity_id": 68,
        "type": "activity_walking",
        "duration_frames": 889,
        "participants": [
          4
        ],
        "participant_types": [
          "Person"
        ]
      },
      {
        "activity_id": 69,
        "type": "activity_walking",
        "duration_frames": 304,
        "participants": [
          4
        ],
        "participant_types": [
          "Person"
        ]
      },
      {
        "activity_id": 70,
        "type": "activity_walking",
        "duration_frames": 247,
        "participants": [
          4
        ],
        "participant_types": [
          "Person"
        ]
      },
      {
        "activity_id": 71,
        "type": "activity_walking",
        "duration_frames": 206,
        "participants": [
          4
        ],
        "participant_types": [
          "Person"
        ]
      },
      {
        "activity_id": 72,
        "type": "activity_walking",
        "duration_frames": 990,
        "participants": [
          4
        ],
        "participant_types": [
          "Person"
        ]
      },
      {
        "activity_id": 73,
        "type": "activity_walking",
        "duration_frames": 1420,
        "participants": [
          8
        ],
        "participant_types": [
          "Person"
        ]
      },
      {
        "activity_id": 74,
        "type": "activity_walking",
        "duration_frames": 682,
        "participants": [
          8
        ],
        "participant_types": [
          "Person"
        ]
      },
      {
        "activity_id": 75,
        "type": "activity_walking",
        "duration_frames": 543,
        "participants": [
          9
        ],
        "participant_types": [
          "Person"
        ]
      },
      {
        "activity_id": 76,
        "type": "activity_walking",
        "duration_frames": 684,
        "participants": [
          9
        ],
        "participant_types": [
          "Person"
        ]
      },
      {
        "activity_id": 77,
        "type": "activity_walking",
        "duration_frames": 2110,
        "participants": [
          7
        ],
        "participant_types": [
          "Person"
        ]
      },
      {
        "activity_id": 78,
        "type": "activity_walking",
        "duration_frames": 93,
        "participants": [
          3
        ],
        "participant_types": [
          "Person"
        ]
      },
      {
        "activity_id": 79,
        "type": "activity_walking",
        "duration_frames": 539,
        "participants": [
          3
        ],
        "participant_types": [
          "Person"
        ]
      },
      {
        "activity_id": 80,
        "type": "activity_walking",
        "duration_frames": 223,
        "participants": [
          3
        ],
        "participant_types": [
          "Person"
        ]
      },
      {
        "activity_id": 81,
        "type": "activity_walking",
        "duration_frames": 483,
        "participants": [
          3
        ],
        "participant_types": [
          "Person"
        ]
      },
      {
        "activity_id": 82,
        "type": "activity_walking",
        "duration_frames": 128,
        "participants": [
          3
        ],
        "participant_types": [
          "Person"
        ]
      },
      {
        "activity_id": 83,
        "type": "activity_walking",
        "duration_frames": 17,
        "participants": [
          6
        ],
        "participant_types": [
          "Person"
        ]
      },
      {
        "activity_id": 84,
        "type": "activity_walking",
        "duration_frames": 231,
        "participants": [
          6
        ],
        "participant_types": [
          "Person"
        ]
      },
      {
        "activity_id": 85,
        "type": "activity_walking",
        "duration_frames": 140,
        "participants": [
          6
        ],
        "participant_types": [
          "Person"
        ]
      },
      {
        "activity_id": 86,
        "type": "activity_walking",
        "duration_frames": 68,
        "participants": [
          6
        ],
        "participant_types": [
          "Person"
        ]
      },
      {
        "activity_id": 87,
        "type": "activity_walking",
        "duration_frames": 61,
        "participants": [
          6
        ],
        "participant_types": [
          "Person"
        ]
      },
      {
        "activity_id": 88,
        "type": "activity_walking",
        "duration_frames": 66,
        "participants": [
          6
        ],
        "participant_types": [
          "Person"
        ]
      },
      {
        "activity_id": 89,
        "type": "activity_walking",
        "duration_frames": 764,
        "participants": [
          2
        ],
        "participant_types": [
          "Person"
        ]
      },
      {
        "activity_id": 90,
        "type": "activity_walking",
        "duration_frames": 117,
        "participants": [
          2
        ],
        "participant_types": [
          "Person"
        ]
      },
      {
        "activity_id": 91,
        "type": "activity_walking",
        "duration_frames": 194,
        "participants": [
          2
        ],
        "participant_types": [
          "Person"
        ]
      },
      {
        "activity_id": 92,
        "type": "activity_walking",
        "duration_frames": 485,
        "participants": [
          2
        ],
        "participant_types": [
          "Person"
        ]
      },
      {
        "activity_id": 93,
        "type": "activity_walking",
        "duration_frames": 114,
        "participants": [
          2
        ],
        "participant_types": [
          "Person"
        ]
      },
      {
        "activity_id": 94,
        "type": "vehicle_stopping",
        "duration_frames": 50,
        "participants": [
          5
        ],
        "participant_types": [
          "Vehicle"
        ]
      },
      {
        "activity_id": 95,
        "type": "vehicle_stopping",
        "duration_frames": 55,
        "participants": [
          5
        ],
        "participant_types": [
          "Vehicle"
        ]
      },
      {
        "activity_id": 96,
        "type": "vehicle_stopping",
        "duration_frames": 33,
        "participants": [
          5
        ],
        "participant_types": [
          "Vehicle"
        ]
      },
      {
        "activity_id": 97,
        "type": "activity_standing",
        "duration_frames": 1428,
        "participants": [
          2
        ],
        "participant_types": [
          "Person"
        ]
      },
      {
        "activity_id": 98,
        "type": "activity_standing",
        "duration_frames": 244,
        "participants": [
          2
        ],
        "participant_types": [
          "Person"
        ]
      },
      {
        "activity_id": 99,
        "type": "activity_standing",
        "duration_frames": 473,
        "participants": [
          2
        ],
        "participant_types": [
          "Person"
        ]
      },
      {
        "activity_id": 100,
        "type": "activity_standing",
        "duration_frames": 1967,
        "participants": [
          2
        ],
        "participant_types": [
          "Person"
        ]
      },
      {
        "activity_id": 101,
        "type": "activity_standing",
        "duration_frames": 3279,
        "participants": [
          2
        ],
        "participant_types": [
          "Person"
        ]
      },
      {
        "activity_id": 102,
        "type": "activity_standing",
        "duration_frames": 11,
        "participants": [
          6
        ],
        "participant_types": [
          "Person"
        ]
      },
      {
        "activity_id": 103,
        "type": "activity_standing",
        "duration_frames": 137,
        "participants": [
          6
        ],
        "participant_types": [
          "Person"
        ]
      },
      {
        "activity_id": 104,
        "type": "activity_standing",
        "duration_frames": 392,
        "participants": [
          6
        ],
        "participant_types": [
          "Person"
        ]
      },
      {
        "activity_id": 105,
        "type": "activity_standing",
        "duration_frames": 176,
        "participants": [
          6
        ],
        "participant_types": [
          "Person"
        ]
      },
      {
        "activity_id": 106,
        "type": "activity_standing",
        "duration_frames": 409,
        "participants": [
          6
        ],
        "participant_types": [
          "Person"
        ]
      },
      {
        "activity_id": 107,
        "type": "activity_standing",
        "duration_frames": 64,
        "participants": [
          6
        ],
        "participant_types": [
          "Person"
        ]
      },
      {
        "activity_id": 108,
        "type": "activity_standing",
        "duration_frames": 118,
        "participants": [
          6
        ],
        "participant_types": [
          "Person"
        ]
      },
      {
        "activity_id": 109,
        "type": "activity_standing",
        "duration_frames": 38,
        "participants": [
          8
        ],
        "participant_types": [
          "Person"
        ]
      },
      {
        "activity_id": 110,
        "type": "activity_standing",
        "duration_frames": 4537,
        "participants": [
          8
        ],
        "participant_types": [
          "Person"
        ]
      },
      {
        "activity_id": 111,
        "type": "activity_standing",
        "duration_frames": 272,
        "participants": [
          9
        ],
        "participant_types": [
          "Person"
        ]
      },
      {
        "activity_id": 112,
        "type": "activity_standing",
        "duration_frames": 38,
        "participants": [
          3
        ],
        "participant_types": [
          "Person"
        ]
      },
      {
        "activity_id": 113,
        "type": "activity_standing",
        "duration_frames": 46,
        "participants": [
          3
        ],
        "participant_types": [
          "Person"
        ]
      },
      {
        "activity_id": 114,
        "type": "activity_standing",
        "duration_frames": 2282,
        "participants": [
          3
        ],
        "participant_types": [
          "Person"
        ]
      },
      {
        "activity_id": 115,
        "type": "activity_standing",
        "duration_frames": 1107,
        "participants": [
          3
        ],
        "participant_types": [
          "Person"
        ]
      },
      {
        "activity_id": 116,
        "type": "activity_standing",
        "duration_frames": 285,
        "participants": [
          3
        ],
        "participant_types": [
          "Person"
        ]
      },
      {
        "activity_id": 117,
        "type": "activity_standing",
        "duration_frames": 3288,
        "participants": [
          3
        ],
        "participant_types": [
          "Person"
        ]
      },
      {
        "activity_id": 118,
        "type": "activity_standing",
        "duration_frames": 4569,
        "participants": [
          7
        ],
        "participant_types": [
          "Person"
        ]
      },
      {
        "activity_id": 119,
        "type": "activity_standing",
        "duration_frames": 1606,
        "participants": [
          4
        ],
        "participant_types": [
          "Person"
        ]
      },
      {
        "activity_id": 120,
        "type": "activity_standing",
        "duration_frames": 85,
        "participants": [
          4
        ],
        "participant_types": [
          "Person"
        ]
      },
      {
        "activity_id": 121,
        "type": "activity_standing",
        "duration_frames": 124,
        "participants": [
          4
        ],
        "participant_types": [
          "Person"
        ]
      },
      {
        "activity_id": 122,
        "type": "activity_standing",
        "duration_frames": 69,
        "participants": [
          4
        ],
        "participant_types": [
          "Person"
        ]
      },
      {
        "activity_id": 123,
        "type": "activity_standing",
        "duration_frames": 4545,
        "participants": [
          4
        ],
        "participant_types": [
          "Person"
        ]
      },
      {
        "activity_id": 124,
        "type": "vehicle_u_turn",
        "duration_frames": 362,
        "participants": [
          5
        ],
        "participant_types": [
          "Vehicle"
        ]
      },
      {
        "activity_id": 125,
        "type": "activity_carrying",
        "duration_frames": 887,
        "participants": [
          4
        ],
        "participant_types": [
          "Person"
        ]
      },
      {
        "activity_id": 126,
        "type": "activity_carrying",
        "duration_frames": 334,
        "participants": [
          4
        ],
        "participant_types": [
          "Person"
        ]
      },
      {
        "activity_id": 127,
        "type": "activity_carrying",
        "duration_frames": 559,
        "participants": [
          4
        ],
        "participant_types": [
          "Person"
        ]
      },
      {
        "activity_id": 128,
        "type": "activity_carrying",
        "duration_frames": 18,
        "participants": [
          4
        ],
        "participant_types": [
          "Person"
        ]
      },
      {
        "activity_id": 129,
        "type": "activity_carrying",
        "duration_frames": 230,
        "participants": [
          4
        ],
        "participant_types": [
          "Person"
        ]
      },
      {
        "activity_id": 130,
        "type": "activity_carrying",
        "duration_frames": 104,
        "participants": [
          4
        ],
        "participant_types": [
          "Person"
        ]
      },
      {
        "activity_id": 131,
        "type": "activity_carrying",
        "duration_frames": 4569,
        "participants": [
          4
        ],
        "participant_types": [
          "Person"
        ]
      },
      {
        "activity_id": 132,
        "type": "activity_carrying",
        "duration_frames": 46,
        "participants": [
          9
        ],
        "participant_types": [
          "Person"
        ]
      }
    ],
    "alerts": []
  }
}