{
  "VIRAT_S_000000": {
    "camera_id": "VIRAT_S_000000",
    "location": "Desconocida",
    "priority": "media",
    "date": "2025-05-27",
    "activity_summary": {
      "total_activities": 7,
      "activities": [
        {
          "name": "Entering 1",
          "instances": 1,
          "participants": [
            "Person"
          ]
        },
        {
          "name": "Opening 1",
          "instances": 1,
          "participants": [
            "Person"
          ]
        },
        {
          "name": "activity_carrying 2",
          "instances": 2,
          "participants": [
            "Person"
          ]
        },
        {
          "name": "activity_standing 1",
          "instances": 1,
          "participants": [
            "Person"
          ]
        },
        {
          "name": "activity_walking 4",
          "instances": 4,
          "participants": [
            "Person"
          ]
        },
        {
          "name": "vehicle_moving 8",
          "instances": 8,
          "participants": [
            "Vehicle"
          ]
        },
        {
          "name": "vehicle_stopping 3",
          "instances": 3,
          "participants": [
            "Vehicle"
          ]
        }
      ]
    },
    "object_counts": {
      "Door 1": 1,
      "Dumpster 1": 1,
      "Parking_Meter 1": 1,
      "Person 4": 4,
      "Tree 1": 1,
      "Vehicle 51": 51
    },
    "specific_activities": [
      {
        "activity_id": 1,
        "type": "Entering",
        "duration_frames": 60,
        "participants": [
          18,
          17
        ],
        "participant_types": [
          "Person",
          "Vehicle"
        ]
      },
      {
        "activity_id": 2,
        "type": "Opening",
        "duration_frames": 82,
        "participants": [
          17,
          18
        ],
        "participant_types": [
          "Vehicle",
          "Person"
        ]
      },
      {
        "activity_id": 3,
        "type": "activity_standing",
        "duration_frames": 853,
        "participants": [
          18
        ],
        "participant_types": [
          "Person"
        ]
      },
      {
        "activity_id": 4,
        "type": "vehicle_moving",
        "duration_frames": 81,
        "participants": [
          44
        ],
        "participant_types": [
          "Vehicle"
        ]
      },
      {
        "activity_id": 5,
        "type": "vehicle_moving",
        "duration_frames": 106,
        "participants": [
          47
        ],
        "participant_types": [
          "Vehicle"
        ]
      },
      {
        "activity_id": 6,
        "type": "vehicle_moving",
        "duration_frames": 112,
        "participants": [
          48
        ],
        "participant_types": [
          "Vehicle"
        ]
      },
      {
        "activity_id": 7,
        "type": "vehicle_moving",
        "duration_frames": 55,
        "participants": [
          51
        ],
        "participant_types": [
          "Vehicle"
        ]
      },
      {
        "activity_id": 8,
        "type": "vehicle_moving",
        "duration_frames": 322,
        "participants": [
          46
        ],
        "participant_types": [
          "Vehicle"
        ]
      },
      {
        "activity_id": 9,
        "type": "vehicle_moving",
        "duration_frames": 299,
        "participants": [
          45
        ],
        "participant_types": [
          "Vehicle"
        ]
      },
      {
        "activity_id": 10,
        "type": "vehicle_moving",
        "duration_frames": 187,
        "participants": [
          50
        ],
        "participant_types": [
          "Vehicle"
        ]
      },
      {
        "activity_id": 11,
        "type": "vehicle_moving",
        "duration_frames": 306,
        "participants": [
          49
        ],
        "participant_types": [
          "Vehicle"
        ]
      },
      {
        "activity_id": 12,
        "type": "activity_walking",
        "duration_frames": 1907,
        "participants": [
          52
        ],
        "participant_types": [
          "Person"
        ]
      },
      {
        "activity_id": 13,
        "type": "activity_walking",
        "duration_frames": 769,
        "participants": [
          54
        ],
        "participant_types": [
          "Person"
        ]
      },
      {
        "activity_id": 14,
        "type": "activity_walking",
        "duration_frames": 897,
        "participants": [
          18
        ],
        "participant_types": [
          "Person"
        ]
      },
      {
        "activity_id": 15,
        "type": "activity_walking",
        "duration_frames": 1876,
        "participants": [
          53
        ],
        "participant_types": [
          "Person"
        ]
      },
      {
        "activity_id": 16,
        "type": "activity_carrying",
        "duration_frames": 769,
        "participants": [
          54
        ],
        "participant_types": [
          "Person"
        ]
      },
      {
        "activity_id": 17,
        "type": "activity_carrying",
        "duration_frames": 1110,
        "participants": [
          18
        ],
        "participant_types": [
          "Person"
        ]
      },
      {
        "activity_id": 18,
        "type": "vehicle_stopping",
        "duration_frames": 84,
        "participants": [
          45
        ],
        "participant_types": [
          "Vehicle"
        ]
      },
      {
        "activity_id": 19,
        "type": "vehicle_stopping",
        "duration_frames": 65,
        "participants": [
          46
        ],
        "participant_types": [
          "Vehicle"
        ]
      },
      {
        "activity_id": 20,
        "type": "vehicle_stopping",
        "duration_frames": 47,
        "participants": [
          49
        ],
        "participant_types": [
          "Vehicle"
        ]
      }
    ],
    "alerts": []
  }
}