{
  "VIRAT_S_000000": {
    "camera_id": "VIRAT_S_000000",
    "location": "Desconocida",
    "priority": "media",
    "date": "2025-05-27",
    "activity_summary": {
      "total_activities": 15,
      "activities": [
        {
          "name": "Closing 2",
          "instances": 2,
          "participants": [
            "Person"
          ]
        },
        {
          "name": "Closing_Trunk 1",
          "instances": 1,
          "participants": [
            "Person"
          ]
        },
        {
          "name": "Exiting 2",
          "instances": 2,
          "participants": [
            "Person"
          ]
        },
        {
          "name": "Interacts 4",
          "instances": 4,
          "participants": [
            "Person"
          ]
        },
        {
          "name": "Open_Trunk 1",
          "instances": 1,
          "participants": [
            "Person"
          ]
        },
        {
          "name": "Opening 1",
          "instances": 1,
          "participants": [
            "Person"
          ]
        },
        {
          "name": "Talking 4",
          "instances": 4,
          "participants": [
            "Person"
          ]
        },
        {
          "name": "activity_carrying 5",
          "instances": 5,
          "participants": [
            "Person"
          ]
        },
        {
          "name": "activity_standing 10",
          "instances": 10,
          "participants": [
            "Person"
          ]
        },
        {
          "name": "activity_walking 13",
          "instances": 13,
          "participants": [
            "Person"
          ]
        },
        {
          "name": "vehicle_moving 17",
          "instances": 17,
          "participants": [
            "Vehicle"
          ]
        },
        {
          "name": "vehicle_starting 6",
          "instances": 6,
          "participants": [
            "Vehicle"
          ]
        },
        {
          "name": "vehicle_stopping 9",
          "instances": 9,
          "participants": [
            "Vehicle"
          ]
        },
        {
          "name": "vehicle_turning_left 3",
          "instances": 3,
          "participants": [
            "Vehicle"
          ]
        },
        {
          "name": "vehicle_turning_right 2",
          "instances": 2,
          "participants": [
            "Vehicle"
          ]
        }
      ]
    },
    "object_counts": {
      "Door 1": 1,
      "Dumpster 1": 1,
      "Parking_Meter 1": 1,
      "Person 10": 10,
      "Tree 1": 1,
      "Vehicle 39": 39
    },
    "specific_activities": [
      {
        "activity_id": 1,
        "type": "Talking",
        "duration_frames": 31,
        "participants": [
          42,
          41
        ],
        "participant_types": [
          "Person",
          "Person"
        ]
      },
      {
        "activity_id": 2,
        "type": "Talking",
        "duration_frames": 28,
        "participants": [
          41,
          42
        ],
        "participant_types": [
          "Person",
          "Person"
        ]
      },
      {
        "activity_id": 3,
        "type": "Talking",
        "duration_frames": 100,
        "participants": [
          41,
          42
        ],
        "participant_types": [
          "Person",
          "Person"
        ]
      },
      {
        "activity_id": 4,
        "type": "Talking",
        "duration_frames": 201,
        "participants": [
          41,
          42
        ],
        "participant_types": [
          "Person",
          "Person"
        ]
      },
      {
        "activity_id": 5,
        "type": "Interacts",
        "duration_frames": 1144,
        "participants": [
          1,
          5000
        ],
        "participant_types": [
          "Person",
          "Parking_Meter"
        ]
      },
      {
        "activity_id": 6,
        "type": "Interacts",
        "duration_frames": 327,
        "participants": [
          48,
          9
        ],
        "participant_types": [
          "Person",
          "Vehicle"
        ]
      },
      {
        "activity_id": 7,
        "type": "Interacts",
        "duration_frames": 1324,
        "participants": [
          42,
          5000
        ],
        "participant_types": [
          "Person",
          "Parking_Meter"
        ]
      },
      {
        "activity_id": 8,
        "type": "Interacts",
        "duration_frames": 49,
        "participants": [
          41,
          5000
        ],
        "participant_types": [
          "Person",
          "Parking_Meter"
        ]
      },
      {
        "activity_id": 9,
        "type": "Open_Trunk",
        "duration_frames": 24,
        "participants": [
          2,
          4
        ],
        "participant_types": [
          "Person",
          "Vehicle"
        ]
      },
      {
        "activity_id": 10,
        "type": "Closing_Trunk",
        "duration_frames": 38,
        "participants": [
          2,
          4
        ],
        "participant_types": [
          "Person",
          "Vehicle"
        ]
      },
      {
        "activity_id": 11,
        "type": "Exiting",
        "duration_frames": 81,
        "participants": [
          3,
          1
        ],
        "participant_types": [
          "Vehicle",
          "Person"
        ]
      },
      {
        "activity_id": 12,
        "type": "Exiting",
        "duration_frames": 95,
        "participants": [
          2,
          4
        ],
        "participant_types": [
          "Person",
          "Vehicle"
        ]
      },
      {
        "activity_id": 13,
        "type": "Opening",
        "duration_frames": 53,
        "participants": [
          3,
          1
        ],
        "participant_types": [
          "Vehicle",
          "Person"
        ]
      },
      {
        "activity_id": 14,
        "type": "Closing",
        "duration_frames": 36,
        "participants": [
          1,
          3
        ],
        "participant_types": [
          "Person",
          "Vehicle"
        ]
      },
      {
        "activity_id": 15,
        "type": "Closing",
        "duration_frames": 22,
        "participants": [
          2,
          4
        ],
        "participant_types": [
          "Person",
          "Vehicle"
        ]
      },
      {
        "activity_id": 16,
        "type": "activity_standing",
        "duration_frames": 322,
        "participants": [
          48
        ],
        "participant_types": [
          "Person"
        ]
      },
      {
        "activity_id": 17,
        "type": "activity_standing",
        "duration_frames": 1628,
        "participants": [
          42
        ],
        "participant_types": [
          "Person"
        ]
      },
      {
        "activity_id": 18,
        "type": "activity_standing",
        "duration_frames": 111,
        "participants": [
          1
        ],
        "participant_types": [
          "Person"
        ]
      },
      {
        "activity_id": 19,
        "type": "activity_standing",
        "duration_frames": 585,
        "participants": [
          1
        ],
        "participant_types": [
          "Person"
        ]
      },
      {
        "activity_id": 20,
        "type": "activity_standing",
        "duration_frames": 1143,
        "participants": [
          1
        ],
        "participant_types": [
          "Person"
        ]
      },
      {
        "activity_id": 21,
        "type": "activity_standing",
        "duration_frames": 18,
        "participants": [
          2
        ],
        "participant_types": [
          "Person"
        ]
      },
      {
        "activity_id": 22,
        "type": "activity_standing",
        "duration_frames": 185,
        "participants": [
          2
        ],
        "participant_types": [
          "Person"
        ]
      },
      {
        "activity_id": 23,
        "type": "activity_standing",
        "duration_frames": 673,
        "participants": [
          2
        ],
        "participant_types": [
          "Person"
        ]
      },
      {
        "activity_id": 24,
        "type": "activity_standing",
        "duration_frames": 21,
        "participants": [
          44
        ],
        "participant_types": [
          "Person"
        ]
      },
      {
        "activity_id": 25,
        "type": "activity_standing",
        "duration_frames": 1621,
        "participants": [
          41
        ],
        "participant_types": [
          "Person"
        ]
      },
      {
        "activity_id": 26,
        "type": "vehicle_stopping",
        "duration_frames": 55,
        "participants": [
          38
        ],
        "participant_types": [
          "Vehicle"
        ]
      },
      {
        "activity_id": 27,
        "type": "vehicle_stopping",
        "duration_frames": 51,
        "participants": [
          36
        ],
        "participant_types": [
          "Vehicle"
        ]
      },
      {
        "activity_id": 28,
        "type": "vehicle_stopping",
        "duration_frames": 33,
        "participants": [
          29
        ],
        "participant_types": [
          "Vehicle"
        ]
      },
      {
        "activity_id": 29,
        "type": "vehicle_stopping",
        "duration_frames": 163,
        "participants": [
          34
        ],
        "participant_types": [
          "Vehicle"
        ]
      },
      {
        "activity_id": 30,
        "type": "vehicle_stopping",
        "duration_frames": 60,
        "participants": [
          33
        ],
        "participant_types": [
          "Vehicle"
        ]
      },
      {
        "activity_id": 31,
        "type": "vehicle_stopping",
        "duration_frames": 43,
        "participants": [
          30
        ],
        "participant_types": [
          "Vehicle"
        ]
      },
      {
        "activity_id": 32,
        "type": "vehicle_stopping",
        "duration_frames": 45,
        "participants": [
          26
        ],
        "participant_types": [
          "Vehicle"
        ]
      },
      {
        "activity_id": 33,
        "type": "vehicle_stopping",
        "duration_frames": 107,
        "participants": [
          40
        ],
        "participant_types": [
          "Vehicle"
        ]
      },
      {
        "activity_id": 34,
        "type": "vehicle_stopping",
        "duration_frames": 55,
        "participants": [
          3
        ],
        "participant_types": [
          "Vehicle"
        ]
      },
      {
        "activity_id": 35,
        "type": "activity_walking",
        "duration_frames": 346,
        "participants": [
          1
        ],
        "participant_types": [
          "Person"
        ]
      },
      {
        "activity_id": 36,
        "type": "activity_walking",
        "duration_frames": 81,
        "participants": [
          1
        ],
        "participant_types": [
          "Person"
        ]
      },
      {
        "activity_id": 37,
        "type": "activity_walking",
        "duration_frames": 151,
        "participants": [
          2
        ],
        "participant_types": [
          "Person"
        ]
      },
      {
        "activity_id": 38,
        "type": "activity_walking",
        "duration_frames": 447,
        "participants": [
          2
        ],
        "participant_types": [
          "Person"
        ]
      },
      {
        "activity_id": 39,
        "type": "activity_walking",
        "duration_frames": 745,
        "participants": [
          48
        ],
        "participant_types": [
          "Person"
        ]
      },
      {
        "activity_id": 40,
        "type": "activity_walking",
        "duration_frames": 1858,
        "participants": [
          45
        ],
        "participant_types": [
          "Person"
        ]
      },
      {
        "activity_id": 41,
        "type": "activity_walking",
        "duration_frames": 805,
        "participants": [
          46
        ],
        "participant_types": [
          "Person"
        ]
      },
      {
        "activity_id": 42,
        "type": "activity_walking",
        "duration_frames": 92,
        "participants": [
          47
        ],
        "participant_types": [
          "Person"
        ]
      },
      {
        "activity_id": 43,
        "type": "activity_walking",
        "duration_frames": 277,
        "participants": [
          42
        ],
        "participant_types": [
          "Person"
        ]
      },
      {
        "activity_id": 44,
        "type": "activity_walking",
        "duration_frames": 311,
        "participants": [
          41
        ],
        "participant_types": [
          "Person"
        ]
      },
      {
        "activity_id": 45,
        "type": "activity_walking",
        "duration_frames": 837,
        "participants": [
          44
        ],
        "participant_types": [
          "Person"
        ]
      },
      {
        "activity_id": 46,
        "type": "activity_walking",
        "duration_frames": 599,
        "participants": [
          44
        ],
        "participant_types": [
          "Person"
        ]
      },
      {
        "activity_id": 47,
        "type": "activity_walking",
        "duration_frames": 1695,
        "participants": [
          43
        ],
        "participant_types": [
          "Person"
        ]
      },
      {
        "activity_id": 48,
        "type": "vehicle_turning_right",
        "duration_frames": 121,
        "participants": [
          40
        ],
        "participant_types": [
          "Vehicle"
        ]
      },
      {
        "activity_id": 49,
        "type": "vehicle_turning_right",
        "duration_frames": 70,
        "participants": [
          34
        ],
        "participant_types": [
          "Vehicle"
        ]
      },
      {
        "activity_id": 50,
        "type": "vehicle_moving",
        "duration_frames": 436,
        "participants": [
          34
        ],
        "participant_types": [
          "Vehicle"
        ]
      },
      {
        "activity_id": 51,
        "type": "vehicle_moving",
        "duration_frames": 243,
        "participants": [
          36
        ],
        "participant_types": [
          "Vehicle"
        ]
      },
      {
        "activity_id": 52,
        "type": "vehicle_moving",
        "duration_frames": 18,
        "participants": [
          37
        ],
        "participant_types": [
          "Vehicle"
        ]
      },
      {
        "activity_id": 53,
        "type": "vehicle_moving",
        "duration_frames": 214,
        "participants": [
          30
        ],
        "participant_types": [
          "Vehicle"
        ]
      },
      {
        "activity_id": 54,
        "type": "vehicle_moving",
        "duration_frames": 704,
        "participants": [
          40
        ],
        "participant_types": [
          "Vehicle"
        ]
      },
      {
        "activity_id": 55,
        "type": "vehicle_moving",
        "duration_frames": 208,
        "participants": [
          26
        ],
        "participant_types": [
          "Vehicle"
        ]
      },
      {
        "activity_id": 56,
        "type": "vehicle_moving",
        "duration_frames": 168,
        "participants": [
          28
        ],
        "participant_types": [
          "Vehicle"
        ]
      },
      {
        "activity_id": 57,
        "type": "vehicle_moving",
        "duration_frames": 175,
        "participants": [
          35
        ],
        "participant_types": [
          "Vehicle"
        ]
      },
      {
        "activity_id": 58,
        "type": "vehicle_moving",
        "duration_frames": 120,
        "participants": [
          32
        ],
        "participant_types": [
          "Vehicle"
        ]
      },
      {
        "activity_id": 59,
        "type": "vehicle_moving",
        "duration_frames": 95,
        "participants": [
          39
        ],
        "participant_types": [
          "Vehicle"
        ]
      },
      {
        "activity_id": 60,
        "type": "vehicle_moving",
        "duration_frames": 184,
        "participants": [
          38
        ],
        "participant_types": [
          "Vehicle"
        ]
      },
      {
        "activity_id": 61,
        "type": "vehicle_moving",
        "duration_frames": 280,
        "participants": [
          33
        ],
        "participant_types": [
          "Vehicle"
        ]
      },
      {
        "activity_id": 62,
        "type": "vehicle_moving",
        "duration_frames": 123,
        "participants": [
          27
        ],
        "participant_types": [
          "Vehicle"
        ]
      },
      {
        "activity_id": 63,
        "type": "vehicle_moving",
        "duration_frames": 247,
        "participants": [
          29
        ],
        "participant_types": [
          "Vehicle"
        ]
      },
      {
        "activity_id": 64,
        "type": "vehicle_moving",
        "duration_frames": 104,
        "participants": [
          49
        ],
        "participant_types": [
          "Vehicle"
        ]
      },
      {
        "activity_id": 65,
        "type": "vehicle_moving",
        "duration_frames": 163,
        "participants": [
          31
        ],
        "participant_types": [
          "Vehicle"
        ]
      },
      {
        "activity_id": 66,
        "type": "vehicle_moving",
        "duration_frames": 207,
        "participants": [
          3
        ],
        "participant_types": [
          "Vehicle"
        ]
      },
      {
        "activity_id": 67,
        "type": "activity_carrying",
        "duration_frames": 1130,
        "participants": [
          2
        ],
        "participant_types": [
          "Person"
        ]
      },
      {
        "activity_id": 68,
        "type": "activity_carrying",
        "duration_frames": 2245,
        "participants": [
          1
        ],
        "participant_types": [
          "Person"
        ]
      },
      {
        "activity_id": 69,
        "type": "activity_carrying",
        "duration_frames": 733,
        "participants": [
          48
        ],
        "participant_types": [
          "Person"
        ]
      },
      {
        "activity_id": 70,
        "type": "activity_carrying",
        "duration_frames": 38,
        "participants": [
          48
        ],
        "participant_types": [
          "Person"
        ]
      },
      {
        "activity_id": 71,
        "type": "activity_carrying",
        "duration_frames": 1858,
        "participants": [
          45
        ],
        "participant_types": [
          "Person"
        ]
      },
      {
        "activity_id": 72,
        "type": "vehicle_starting",
        "duration_frames": 46,
        "participants": [
          26
        ],
        "participant_types": [
          "Vehicle"
        ]
      },
      {
        "activity_id": 73,
        "type": "vehicle_starting",
        "duration_frames": 20,
        "participants": [
          30
        ],
        "participant_types": [
          "Vehicle"
        ]
      },
      {
        "activity_id": 74,
        "type": "vehicle_starting",
        "duration_frames": 43,
        "participants": [
          29
        ],
        "participant_types": [
          "Vehicle"
        ]
      },
      {
        "activity_id": 75,
        "type": "vehicle_starting",
        "duration_frames": 50,
        "participants": [
          36
        ],
        "participant_types": [
          "Vehicle"
        ]
      },
      {
        "activity_id": 76,
        "type": "vehicle_starting",
        "duration_frames": 52,
        "participants": [
          33
        ],
        "participant_types": [
          "Vehicle"
        ]
      },
      {
        "activity_id": 77,
        "type": "vehicle_starting",
        "duration_frames": 62,
        "participants": [
          34
        ],
        "participant_types": [
          "Vehicle"
        ]
      },
      {
        "activity_id": 78,
        "type": "vehicle_turning_left",
        "duration_frames": 90,
        "participants": [
          3
        ],
        "participant_types": [
          "Vehicle"
        ]
      },
      {
        "activity_id": 79,
        "type": "vehicle_turning_left",
        "duration_frames": 69,
        "participants": [
          40
        ],
        "participant_types": [
          "Vehicle"
        ]
      },
      {
        "activity_id": 80,
        "type": "vehicle_turning_left",
        "duration_frames": 70,
        "participants": [
          40
        ],
        "participant_types": [
          "Vehicle"
        ]
      }
    ],
    "alerts": []
  }
}