{
  "VIRAT_S_000000": {
    "camera_id": "VIRAT_S_000000",
    "location": "Desconocida",
    "priority": "media",
    "date": "2025-05-27",
    "activity_summary": {
      "total_activities": 5,
      "activities": [
        {
          "name": "Exiting 1",
          "instances": 1,
          "participants": [
            "Person"
          ]
        },
        {
          "name": "activity_standing 1",
          "instances": 1,
          "participants": [
            "Person"
          ]
        },
        {
          "name": "activity_walking 1",
          "instances": 1,
          "participants": [
            "Person"
          ]
        },
        {
          "name": "vehicle_moving 2",
          "instances": 2,
          "participants": [
            "Vehicle"
          ]
        },
        {
          "name": "vehicle_stopping 2",
          "instances": 2,
          "participants": [
            "Vehicle"
          ]
        }
      ]
    },
    "object_counts": {
      "Door 1": 1,
      "Dumpster 1": 1,
      "Parking_Meter 1": 1,
      "Person 2": 2,
      "Tree 1": 1,
      "Vehicle 48": 48
    },
    "specific_activities": [
      {
        "activity_id": 1,
        "type": "Exiting",
        "duration_frames": 56,
        "participants": [
          1,
          4
        ],
        "participant_types": [
          "Vehicle",
          "Person"
        ]
      },
      {
        "activity_id": 2,
        "type": "activity_standing",
        "duration_frames": 340,
        "participants": [
          4
        ],
        "participant_types": [
          "Person"
        ]
      },
      {
        "activity_id": 3,
        "type": "vehicle_stopping",
        "duration_frames": 78,
        "participants": [
          0
        ],
        "participant_types": [
          "Vehicle"
        ]
      },
      {
        "activity_id": 4,
        "type": "vehicle_stopping",
        "duration_frames": 22,
        "participants": [
          3
        ],
        "participant_types": [
          "Vehicle"
        ]
      },
      {
        "activity_id": 5,
        "type": "vehicle_moving",
        "duration_frames": 253,
        "participants": [
          0
        ],
        "participant_types": [
          "Vehicle"
        ]
      },
      {
        "activity_id": 6,
        "type": "vehicle_moving",
        "duration_frames": 270,
        "participants": [
          3
        ],
        "participant_types": [
          "Vehicle"
        ]
      },
      {
        "activity_id": 7,
        "type": "activity_walking",
        "duration_frames": 242,
        "participants": [
          2
        ],
        "participant_types": [
          "Person"
        ]
      }
    ],
    "alerts": []
  }
}