{
  "VIRAT_S_000000": {
    "camera_id": "VIRAT_S_000000",
    "location": "Desconocida",
    "priority": "media",
    "date": "2025-05-27",
    "activity_summary": {
      "total_activities": 5,
      "activities": [
        {
          "name": "vehicle_moving 1",
          "instances": 1,
          "participants": [
            "Vehicle"
          ]
        },
        {
          "name": "vehicle_starting 1",
          "instances": 1,
          "participants": [
            "Vehicle"
          ]
        },
        {
          "name": "vehicle_stopping 1",
          "instances": 1,
          "participants": [
            "Vehicle"
          ]
        },
        {
          "name": "vehicle_turning_left 1",
          "instances": 1,
          "participants": [
            "Vehicle"
          ]
        },
        {
          "name": "vehicle_turning_right 1",
          "instances": 1,
          "participants": [
            "Vehicle"
          ]
        }
      ]
    },
    "object_counts": {
      "Tree 5": 5,
      "Vehicle 6": 6
    },
    "specific_activities": [
      {
        "activity_id": 1,
        "type": "vehicle_starting",
        "duration_frames": 46,
        "participants": [
          1
        ],
        "participant_types": [
          "Vehicle"
        ]
      },
      {
        "activity_id": 2,
        "type": "vehicle_moving",
        "duration_frames": 405,
        "participants": [
          1
        ],
        "participant_types": [
          "Vehicle"
        ]
      },
      {
        "activity_id": 3,
        "type": "vehicle_turning_left",
        "duration_frames": 46,
        "participants": [
          1
        ],
        "participant_types": [
          "Vehicle"
        ]
      },
      {
        "activity_id": 4,
        "type": "vehicle_stopping",
        "duration_frames": 65,
        "participants": [
          1
        ],
        "participant_types": [
          "Vehicle"
        ]
      },
      {
        "activity_id": 5,
        "type": "vehicle_turning_right",
        "duration_frames": 61,
        "participants": [
          1
        ],
        "participant_types": [
          "Vehicle"
        ]
      }
    ],
    "alerts": []
  }
}