{
  "VIRAT_S_000000": {
    "camera_id": "VIRAT_S_000000",
    "location": "Desconocida",
    "priority": "media",
    "date": "2025-05-27",
    "activity_summary": {
      "total_activities": 5,
      "activities": [
        {
          "name": "activity_running 1",
          "instances": 1,
          "participants": [
            "Person"
          ]
        },
        {
          "name": "activity_walking 3",
          "instances": 3,
          "participants": [
            "Person"
          ]
        },
        {
          "name": "vehicle_moving 7",
          "instances": 7,
          "participants": [
            "Vehicle"
          ]
        },
        {
          "name": "vehicle_turning_left 1",
          "instances": 1,
          "participants": [
            "Vehicle"
          ]
        },
        {
          "name": "vehicle_turning_right 1",
          "instances": 1,
          "participants": [
            "Vehicle"
          ]
        }
      ]
    },
    "object_counts": {
      "Door 1": 1,
      "Dumpster 1": 1,
      "Parking_Meter 1": 1,
      "Person 3": 3,
      "Tree 1": 1,
      "Vehicle 12": 12
    },
    "specific_activities": [
      {
        "activity_id": 1,
        "type": "vehicle_turning_right",
        "duration_frames": 106,
        "participants": [
          8
        ],
        "participant_types": [
          "Vehicle"
        ]
      },
      {
        "activity_id": 2,
        "type": "activity_running",
        "duration_frames": 713,
        "participants": [
          5
        ],
        "participant_types": [
          "Person"
        ]
      },
      {
        "activity_id": 3,
        "type": "activity_walking",
        "duration_frames": 581,
        "participants": [
          5
        ],
        "participant_types": [
          "Person"
        ]
      },
      {
        "activity_id": 4,
        "type": "activity_walking",
        "duration_frames": 173,
        "participants": [
          14
        ],
        "participant_types": [
          "Person"
        ]
      },
      {
        "activity_id": 5,
        "type": "activity_walking",
        "duration_frames": 142,
        "participants": [
          13
        ],
        "participant_types": [
          "Person"
        ]
      },
      {
        "activity_id": 6,
        "type": "vehicle_turning_left",
        "duration_frames": 96,
        "participants": [
          9
        ],
        "participant_types": [
          "Vehicle"
        ]
      },
      {
        "activity_id": 7,
        "type": "vehicle_moving",
        "duration_frames": 179,
        "participants": [
          9
        ],
        "participant_types": [
          "Vehicle"
        ]
      },
      {
        "activity_id": 8,
        "type": "vehicle_moving",
        "duration_frames": 310,
        "participants": [
          7
        ],
        "participant_types": [
          "Vehicle"
        ]
      },
      {
        "activity_id": 9,
        "type": "vehicle_moving",
        "duration_frames": 131,
        "participants": [
          12
        ],
        "participant_types": [
          "Vehicle"
        ]
      },
      {
        "activity_id": 10,
        "type": "vehicle_moving",
        "duration_frames": 450,
        "participants": [
          8
        ],
        "participant_types": [
          "Vehicle"
        ]
      },
      {
        "activity_id": 11,
        "type": "vehicle_moving",
        "duration_frames": 127,
        "participants": [
          6
        ],
        "participant_types": [
          "Vehicle"
        ]
      },
      {
        "activity_id": 12,
        "type": "vehicle_moving",
        "duration_frames": 78,
        "participants": [
          11
        ],
        "participant_types": [
          "Vehicle"
        ]
      },
      {
        "activity_id": 13,
        "type": "vehicle_moving",
        "duration_frames": 141,
        "participants": [
          10
        ],
        "participant_types": [
          "Vehicle"
        ]
      }
    ],
    "alerts": []
  }
}