{
  "VIRAT_S_000000": {
    "camera_id": "VIRAT_S_000000",
    "location": "Desconocida",
    "priority": "media",
    "date": "2025-05-27",
    "activity_summary": {
      "total_activities": 4,
      "activities": [
        {
          "name": "activity_walking 1",
          "instances": 1,
          "participants": [
            "Person"
          ]
        },
        {
          "name": "vehicle_moving 1",
          "instances": 1,
          "participants": [
            "Vehicle"
          ]
        },
        {
          "name": "vehicle_turning_left 2",
          "instances": 2,
          "participants": [
            "Vehicle"
          ]
        },
        {
          "name": "vehicle_turning_right 2",
          "instances": 2,
          "participants": [
            "Vehicle"
          ]
        }
      ]
    },
    "object_counts": {
      "Person 1": 1,
      "Tree 5": 5,
      "Vehicle 5": 5
    },
    "specific_activities": [
      {
        "activity_id": 1,
        "type": "vehicle_turning_left",
        "duration_frames": 82,
        "participants": [
          2
        ],
        "participant_types": [
          "Vehicle"
        ]
      },
      {
        "activity_id": 2,
        "type": "vehicle_turning_left",
        "duration_frames": 51,
        "participants": [
          2
        ],
        "participant_types": [
          "Vehicle"
        ]
      },
      {
        "activity_id": 3,
        "type": "vehicle_moving",
        "duration_frames": 682,
        "participants": [
          2
        ],
        "participant_types": [
          "Vehicle"
        ]
      },
      {
        "activity_id": 4,
        "type": "vehicle_turning_right",
        "duration_frames": 68,
        "participants": [
          2
        ],
        "participant_types": [
          "Vehicle"
        ]
      },
      {
        "activity_id": 5,
        "type": "vehicle_turning_right",
        "duration_frames": 90,
        "participants": [
          2
        ],
        "participant_types": [
          "Vehicle"
        ]
      },
      {
        "activity_id": 6,
        "type": "activity_walking",
        "duration_frames": 345,
        "participants": [
          4
        ],
        "participant_types": [
          "Person"
        ]
      }
    ],
    "alerts": []
  }
}