{
  "VIRAT_S_000000": {
    "camera_id": "VIRAT_S_000000",
    "location": "Desconocida",
    "priority": "media",
    "date": "2025-05-27",
    "activity_summary": {
      "total_activities": 11,
      "activities": [
        {
          "name": "Closing 2",
          "instances": 2,
          "participants": [
            "Person"
          ]
        },
        {
          "name": "Exiting 2",
          "instances": 2,
          "participants": [
            "Person"
          ]
        },
        {
          "name": "Interacts 5",
          "instances": 5,
          "participants": [
            "Person"
          ]
        },
        {
          "name": "Opening 2",
          "instances": 2,
          "participants": [
            "Person"
          ]
        },
        {
          "name": "activity_carrying 2",
          "instances": 2,
          "participants": [
            "Person"
          ]
        },
        {
          "name": "activity_standing 4",
          "instances": 4,
          "participants": [
            "Person"
          ]
        },
        {
          "name": "activity_walking 7",
          "instances": 7,
          "participants": [
            "Person"
          ]
        },
        {
          "name": "specialized_miscellaneous 1",
          "instances": 1,
          "participants": [
            "Person"
          ]
        },
        {
          "name": "vehicle_moving 11",
          "instances": 11,
          "participants": [
            "Vehicle"
          ]
        },
        {
          "name": "vehicle_starting 6",
          "instances": 6,
          "participants": [
            "Vehicle"
          ]
        },
        {
          "name": "vehicle_stopping 7",
          "instances": 7,
          "participants": [
            "Vehicle"
          ]
        }
      ]
    },
    "object_counts": {
      "Door 1": 1,
      "Dumpster 1": 1,
      "Parking_Meter 1": 1,
      "Person 6": 6,
      "Tree 1": 1,
      "Vehicle 63": 63
    },
    "specific_activities": [
      {
        "activity_id": 1,
        "type": "Interacts",
        "duration_frames": 576,
        "participants": [
          57,
          68
        ],
        "participant_types": [
          "Vehicle",
          "Person"
        ]
      },
      {
        "activity_id": 2,
        "type": "Interacts",
        "duration_frames": 164,
        "participants": [
          69,
          5000
        ],
        "participant_types": [
          "Person",
          "Parking_Meter"
        ]
      },
      {
        "activity_id": 3,
        "type": "Interacts",
        "duration_frames": 139,
        "participants": [
          69,
          5000
        ],
        "participant_types": [
          "Person",
          "Parking_Meter"
        ]
      },
      {
        "activity_id": 4,
        "type": "Interacts",
        "duration_frames": 71,
        "participants": [
          69,
          5000
        ],
        "participant_types": [
          "Person",
          "Parking_Meter"
        ]
      },
      {
        "activity_id": 5,
        "type": "Interacts",
        "duration_frames": 150,
        "participants": [
          69,
          5000
        ],
        "participant_types": [
          "Person",
          "Parking_Meter"
        ]
      },
      {
        "activity_id": 6,
        "type": "Exiting",
        "duration_frames": 81,
        "participants": [
          68,
          57
        ],
        "participant_types": [
          "Person",
          "Vehicle"
        ]
      },
      {
        "activity_id": 7,
        "type": "Exiting",
        "duration_frames": 100,
        "participants": [
          69,
          57
        ],
        "participant_types": [
          "Person",
          "Vehicle"
        ]
      },
      {
        "activity_id": 8,
        "type": "Opening",
        "duration_frames": 56,
        "participants": [
          69,
          57
        ],
        "participant_types": [
          "Person",
          "Vehicle"
        ]
      },
      {
        "activity_id": 9,
        "type": "Opening",
        "duration_frames": 46,
        "participants": [
          57,
          68
        ],
        "participant_types": [
          "Vehicle",
          "Person"
        ]
      },
      {
        "activity_id": 10,
        "type": "Closing",
        "duration_frames": 25,
        "participants": [
          68,
          57
        ],
        "participant_types": [
          "Person",
          "Vehicle"
        ]
      },
      {
        "activity_id": 11,
        "type": "Closing",
        "duration_frames": 39,
        "participants": [
          69,
          57
        ],
        "participant_types": [
          "Person",
          "Vehicle"
        ]
      },
      {
        "activity_id": 12,
        "type": "specialized_miscellaneous",
        "duration_frames": 23,
        "participants": [
          69
        ],
        "participant_types": [
          "Person"
        ]
      },
      {
        "activity_id": 13,
        "type": "vehicle_moving",
        "duration_frames": 283,
        "participants": [
          63
        ],
        "participant_types": [
          "Vehicle"
        ]
      },
      {
        "activity_id": 14,
        "type": "vehicle_moving",
        "duration_frames": 132,
        "participants": [
          53
        ],
        "participant_types": [
          "Vehicle"
        ]
      },
      {
        "activity_id": 15,
        "type": "vehicle_moving",
        "duration_frames": 242,
        "participants": [
          61
        ],
        "participant_types": [
          "Vehicle"
        ]
      },
      {
        "activity_id": 16,
        "type": "vehicle_moving",
        "duration_frames": 323,
        "participants": [
          51
        ],
        "participant_types": [
          "Vehicle"
        ]
      },
      {
        "activity_id": 17,
        "type": "vehicle_moving",
        "duration_frames": 23,
        "participants": [
          1
        ],
        "participant_types": [
          "Vehicle"
        ]
      },
      {
        "activity_id": 18,
        "type": "vehicle_moving",
        "duration_frames": 150,
        "participants": [
          54
        ],
        "participant_types": [
          "Vehicle"
        ]
      },
      {
        "activity_id": 19,
        "type": "vehicle_moving",
        "duration_frames": 279,
        "participants": [
          62
        ],
        "participant_types": [
          "Vehicle"
        ]
      },
      {
        "activity_id": 20,
        "type": "vehicle_moving",
        "duration_frames": 317,
        "participants": [
          65
        ],
        "participant_types": [
          "Vehicle"
        ]
      },
      {
        "activity_id": 21,
        "type": "vehicle_moving",
        "duration_frames": 306,
        "participants": [
          52
        ],
        "participant_types": [
          "Vehicle"
        ]
      },
      {
        "activity_id": 22,
        "type": "vehicle_moving",
        "duration_frames": 121,
        "participants": [
          64
        ],
        "participant_types": [
          "Vehicle"
        ]
      },
      {
        "activity_id": 23,
        "type": "vehicle_moving",
        "duration_frames": 224,
        "participants": [
          66
        ],
        "participant_types": [
          "Vehicle"
        ]
      },
      {
        "activity_id": 24,
        "type": "vehicle_starting",
        "duration_frames": 15,
        "participants": [
          63
        ],
        "participant_types": [
          "Vehicle"
        ]
      },
      {
        "activity_id": 25,
        "type": "vehicle_starting",
        "duration_frames": 47,
        "participants": [
          65
        ],
        "participant_types": [
          "Vehicle"
        ]
      },
      {
        "activity_id": 26,
        "type": "vehicle_starting",
        "duration_frames": 16,
        "participants": [
          62
        ],
        "participant_types": [
          "Vehicle"
        ]
      },
      {
        "activity_id": 27,
        "type": "vehicle_starting",
        "duration_frames": 21,
        "participants": [
          52
        ],
        "participant_types": [
          "Vehicle"
        ]
      },
      {
        "activity_id": 28,
        "type": "vehicle_starting",
        "duration_frames": 15,
        "participants": [
          61
        ],
        "participant_types": [
          "Vehicle"
        ]
      },
      {
        "activity_id": 29,
        "type": "vehicle_starting",
        "duration_frames": 21,
        "participants": [
          51
        ],
        "participant_types": [
          "Vehicle"
        ]
      },
      {
        "activity_id": 30,
        "type": "activity_standing",
        "duration_frames": 53,
        "participants": [
          69
        ],
        "participant_types": [
          "Person"
        ]
      },
      {
        "activity_id": 31,
        "type": "activity_standing",
        "duration_frames": 529,
        "participants": [
          69
        ],
        "participant_types": [
          "Person"
        ]
      },
      {
        "activity_id": 32,
        "type": "activity_standing",
        "duration_frames": 23,
        "participants": [
          69
        ],
        "participant_types": [
          "Person"
        ]
      },
      {
        "activity_id": 33,
        "type": "activity_standing",
        "duration_frames": 640,
        "participants": [
          68
        ],
        "participant_types": [
          "Person"
        ]
      },
      {
        "activity_id": 34,
        "type": "activity_walking",
        "duration_frames": 752,
        "participants": [
          67
        ],
        "participant_types": [
          "Person"
        ]
      },
      {
        "activity_id": 35,
        "type": "activity_walking",
        "duration_frames": 209,
        "participants": [
          68
        ],
        "participant_types": [
          "Person"
        ]
      },
      {
        "activity_id": 36,
        "type": "activity_walking",
        "duration_frames": 1442,
        "participants": [
          55
        ],
        "participant_types": [
          "Person"
        ]
      },
      {
        "activity_id": 37,
        "type": "activity_walking",
        "duration_frames": 79,
        "participants": [
          69
        ],
        "participant_types": [
          "Person"
        ]
      },
      {
        "activity_id": 38,
        "type": "activity_walking",
        "duration_frames": 77,
        "participants": [
          69
        ],
        "participant_types": [
          "Person"
        ]
      },
      {
        "activity_id": 39,
        "type": "activity_walking",
        "duration_frames": 876,
        "participants": [
          60
        ],
        "participant_types": [
          "Person"
        ]
      },
      {
        "activity_id": 40,
        "type": "activity_walking",
        "duration_frames": 1467,
        "participants": [
          56
        ],
        "participant_types": [
          "Person"
        ]
      },
      {
        "activity_id": 41,
        "type": "activity_carrying",
        "duration_frames": 1467,
        "participants": [
          56
        ],
        "participant_types": [
          "Person"
        ]
      },
      {
        "activity_id": 42,
        "type": "activity_carrying",
        "duration_frames": 1442,
        "participants": [
          55
        ],
        "participant_types": [
          "Person"
        ]
      },
      {
        "activity_id": 43,
        "type": "vehicle_stopping",
        "duration_frames": 23,
        "participants": [
          65
        ],
        "participant_types": [
          "Vehicle"
        ]
      },
      {
        "activity_id": 44,
        "type": "vehicle_stopping",
        "duration_frames": 70,
        "participants": [
          62
        ],
        "participant_types": [
          "Vehicle"
        ]
      },
      {
        "activity_id": 45,
        "type": "vehicle_stopping",
        "duration_frames": 69,
        "participants": [
          52
        ],
        "participant_types": [
          "Vehicle"
        ]
      },
      {
        "activity_id": 46,
        "type": "vehicle_stopping",
        "duration_frames": 47,
        "participants": [
          61
        ],
        "participant_types": [
          "Vehicle"
        ]
      },
      {
        "activity_id": 47,
        "type": "vehicle_stopping",
        "duration_frames": 82,
        "participants": [
          51
        ],
        "participant_types": [
          "Vehicle"
        ]
      },
      {
        "activity_id": 48,
        "type": "vehicle_stopping",
        "duration_frames": 81,
        "participants": [
          63
        ],
        "participant_types": [
          "Vehicle"
        ]
      },
      {
        "activity_id": 49,
        "type": "vehicle_stopping",
        "duration_frames": 23,
        "participants": [
          1
        ],
        "participant_types": [
          "Vehicle"
        ]
      }
    ],
    "alerts": []
  }
}