{
  "VIRAT_S_000000": {
    "camera_id": "VIRAT_S_000000",
    "location": "Desconocida",
    "priority": "media",
    "date": "2025-05-27",
    "activity_summary": {
      "total_activities": 12,
      "activities": [
        {
          "name": "Closing 3",
          "instances": 3,
          "participants": [
            "Person"
          ]
        },
        {
          "name": "Exiting 4",
          "instances": 4,
          "participants": [
            "Person"
          ]
        },
        {
          "name": "Interacts 2",
          "instances": 2,
          "participants": [
            "Person"
          ]
        },
        {
          "name": "Opening 2",
          "instances": 2,
          "participants": [
            "Person"
          ]
        },
        {
          "name": "Talking 2",
          "instances": 2,
          "participants": [
            "Person"
          ]
        },
        {
          "name": "activity_carrying 2",
          "instances": 2,
          "participants": [
            "Person"
          ]
        },
        {
          "name": "activity_running 1",
          "instances": 1,
          "participants": [
            "Person"
          ]
        },
        {
          "name": "activity_standing 12",
          "instances": 12,
          "participants": [
            "Person"
          ]
        },
        {
          "name": "activity_walking 13",
          "instances": 13,
          "participants": [
            "Person"
          ]
        },
        {
          "name": "vehicle_moving 12",
          "instances": 12,
          "participants": [
            "Vehicle"
          ]
        },
        {
          "name": "vehicle_stopping 5",
          "instances": 5,
          "participants": [
            "Vehicle"
          ]
        },
        {
          "name": "vehicle_turning_right 1",
          "instances": 1,
          "participants": [
            "Vehicle"
          ]
        }
      ]
    },
    "object_counts": {
      "Door 1": 1,
      "Dumpster 1": 1,
      "Parking_Meter 1": 1,
      "Person 12": 12,
      "Tree 1": 1,
      "Vehicle 31": 31
    },
    "specific_activities": [
      {
        "activity_id": 1,
        "type": "Talking",
        "duration_frames": 660,
        "participants": [
          43,
          41,
          42
        ],
        "participant_types": [
          "Person",
          "Person",
          "Person"
        ]
      },
      {
        "activity_id": 2,
        "type": "Talking",
        "duration_frames": 186,
        "participants": [
          46,
          4,
          45
        ],
        "participant_types": [
          "Person",
          "Person",
          "Person"
        ]
      },
      {
        "activity_id": 3,
        "type": "Interacts",
        "duration_frames": 1758,
        "participants": [
          42,
          5000
        ],
        "participant_types": [
          "Person",
          "Parking_Meter"
        ]
      },
      {
        "activity_id": 4,
        "type": "Interacts",
        "duration_frames": 1520,
        "participants": [
          41,
          5000
        ],
        "participant_types": [
          "Person",
          "Parking_Meter"
        ]
      },
      {
        "activity_id": 5,
        "type": "Exiting",
        "duration_frames": 139,
        "participants": [
          1,
          2
        ],
        "participant_types": [
          "Vehicle",
          "Person"
        ]
      },
      {
        "activity_id": 6,
        "type": "Exiting",
        "duration_frames": 80,
        "participants": [
          5,
          6
        ],
        "participant_types": [
          "Vehicle",
          "Person"
        ]
      },
      {
        "activity_id": 7,
        "type": "Exiting",
        "duration_frames": 61,
        "participants": [
          5,
          6
        ],
        "participant_types": [
          "Vehicle",
          "Person"
        ]
      },
      {
        "activity_id": 8,
        "type": "Exiting",
        "duration_frames": 171,
        "participants": [
          3,
          4
        ],
        "participant_types": [
          "Vehicle",
          "Person"
        ]
      },
      {
        "activity_id": 9,
        "type": "Opening",
        "duration_frames": 51,
        "participants": [
          3,
          4
        ],
        "participant_types": [
          "Vehicle",
          "Person"
        ]
      },
      {
        "activity_id": 10,
        "type": "Opening",
        "duration_frames": 27,
        "participants": [
          42,
          25
        ],
        "participant_types": [
          "Person",
          "Vehicle"
        ]
      },
      {
        "activity_id": 11,
        "type": "Closing",
        "duration_frames": 53,
        "participants": [
          2,
          1
        ],
        "participant_types": [
          "Person",
          "Vehicle"
        ]
      },
      {
        "activity_id": 12,
        "type": "Closing",
        "duration_frames": 31,
        "participants": [
          4,
          3
        ],
        "participant_types": [
          "Person",
          "Vehicle"
        ]
      },
      {
        "activity_id": 13,
        "type": "Closing",
        "duration_frames": 20,
        "participants": [
          25,
          42
        ],
        "participant_types": [
          "Vehicle",
          "Person"
        ]
      },
      {
        "activity_id": 14,
        "type": "vehicle_turning_right",
        "duration_frames": 121,
        "participants": [
          5
        ],
        "participant_types": [
          "Vehicle"
        ]
      },
      {
        "activity_id": 15,
        "type": "vehicle_stopping",
        "duration_frames": 125,
        "participants": [
          5
        ],
        "participant_types": [
          "Vehicle"
        ]
      },
      {
        "activity_id": 16,
        "type": "vehicle_stopping",
        "duration_frames": 63,
        "participants": [
          33
        ],
        "participant_types": [
          "Vehicle"
        ]
      },
      {
        "activity_id": 17,
        "type": "vehicle_stopping",
        "duration_frames": 63,
        "participants": [
          29
        ],
        "participant_types": [
          "Vehicle"
        ]
      },
      {
        "activity_id": 18,
        "type": "vehicle_stopping",
        "duration_frames": 49,
        "participants": [
          1
        ],
        "participant_types": [
          "Vehicle"
        ]
      },
      {
        "activity_id": 19,
        "type": "vehicle_stopping",
        "duration_frames": 82,
        "participants": [
          32
        ],
        "participant_types": [
          "Vehicle"
        ]
      },
      {
        "activity_id": 20,
        "type": "activity_walking",
        "duration_frames": 329,
        "participants": [
          46
        ],
        "participant_types": [
          "Person"
        ]
      },
      {
        "activity_id": 21,
        "type": "activity_walking",
        "duration_frames": 305,
        "participants": [
          42
        ],
        "participant_types": [
          "Person"
        ]
      },
      {
        "activity_id": 22,
        "type": "activity_walking",
        "duration_frames": 145,
        "participants": [
          42
        ],
        "participant_types": [
          "Person"
        ]
      },
      {
        "activity_id": 23,
        "type": "activity_walking",
        "duration_frames": 16,
        "participants": [
          42
        ],
        "participant_types": [
          "Person"
        ]
      },
      {
        "activity_id": 24,
        "type": "activity_walking",
        "duration_frames": 913,
        "participants": [
          4
        ],
        "participant_types": [
          "Person"
        ]
      },
      {
        "activity_id": 25,
        "type": "activity_walking",
        "duration_frames": 543,
        "participants": [
          40
        ],
        "participant_types": [
          "Person"
        ]
      },
      {
        "activity_id": 26,
        "type": "activity_walking",
        "duration_frames": 195,
        "participants": [
          44
        ],
        "participant_types": [
          "Person"
        ]
      },
      {
        "activity_id": 27,
        "type": "activity_walking",
        "duration_frames": 198,
        "participants": [
          44
        ],
        "participant_types": [
          "Person"
        ]
      },
      {
        "activity_id": 28,
        "type": "activity_walking",
        "duration_frames": 808,
        "participants": [
          43
        ],
        "participant_types": [
          "Person"
        ]
      },
      {
        "activity_id": 29,
        "type": "activity_walking",
        "duration_frames": 274,
        "participants": [
          45
        ],
        "participant_types": [
          "Person"
        ]
      },
      {
        "activity_id": 30,
        "type": "activity_walking",
        "duration_frames": 1147,
        "participants": [
          2
        ],
        "participant_types": [
          "Person"
        ]
      },
      {
        "activity_id": 31,
        "type": "activity_walking",
        "duration_frames": 988,
        "participants": [
          6
        ],
        "participant_types": [
          "Person"
        ]
      },
      {
        "activity_id": 32,
        "type": "activity_walking",
        "duration_frames": 1366,
        "participants": [
          38
        ],
        "participant_types": [
          "Person"
        ]
      },
      {
        "activity_id": 33,
        "type": "activity_running",
        "duration_frames": 19,
        "participants": [
          36
        ],
        "participant_types": [
          "Person"
        ]
      },
      {
        "activity_id": 34,
        "type": "activity_standing",
        "duration_frames": 1693,
        "participants": [
          44
        ],
        "participant_types": [
          "Person"
        ]
      },
      {
        "activity_id": 35,
        "type": "activity_standing",
        "duration_frames": 20,
        "participants": [
          4
        ],
        "participant_types": [
          "Person"
        ]
      },
      {
        "activity_id": 36,
        "type": "activity_standing",
        "duration_frames": 269,
        "participants": [
          4
        ],
        "participant_types": [
          "Person"
        ]
      },
      {
        "activity_id": 37,
        "type": "activity_standing",
        "duration_frames": 1010,
        "participants": [
          46
        ],
        "participant_types": [
          "Person"
        ]
      },
      {
        "activity_id": 38,
        "type": "activity_standing",
        "duration_frames": 2487,
        "participants": [
          42
        ],
        "participant_types": [
          "Person"
        ]
      },
      {
        "activity_id": 39,
        "type": "activity_standing",
        "duration_frames": 779,
        "participants": [
          42
        ],
        "participant_types": [
          "Person"
        ]
      },
      {
        "activity_id": 40,
        "type": "activity_standing",
        "duration_frames": 257,
        "participants": [
          42
        ],
        "participant_types": [
          "Person"
        ]
      },
      {
        "activity_id": 41,
        "type": "activity_standing",
        "duration_frames": 69,
        "participants": [
          2
        ],
        "participant_types": [
          "Person"
        ]
      },
      {
        "activity_id": 42,
        "type": "activity_standing",
        "duration_frames": 1068,
        "participants": [
          45
        ],
        "participant_types": [
          "Person"
        ]
      },
      {
        "activity_id": 43,
        "type": "activity_standing",
        "duration_frames": 1037,
        "participants": [
          43
        ],
        "participant_types": [
          "Person"
        ]
      },
      {
        "activity_id": 44,
        "type": "activity_standing",
        "duration_frames": 2147,
        "participants": [
          43
        ],
        "participant_types": [
          "Person"
        ]
      },
      {
        "activity_id": 45,
        "type": "activity_standing",
        "duration_frames": 3994,
        "participants": [
          41
        ],
        "participant_types": [
          "Person"
        ]
      },
      {
        "activity_id": 46,
        "type": "vehicle_moving",
        "duration_frames": 487,
        "participants": [
          5
        ],
        "participant_types": [
          "Vehicle"
        ]
      },
      {
        "activity_id": 47,
        "type": "vehicle_moving",
        "duration_frames": 170,
        "participants": [
          31
        ],
        "participant_types": [
          "Vehicle"
        ]
      },
      {
        "activity_id": 48,
        "type": "vehicle_moving",
        "duration_frames": 50,
        "participants": [
          35
        ],
        "participant_types": [
          "Vehicle"
        ]
      },
      {
        "activity_id": 49,
        "type": "vehicle_moving",
        "duration_frames": 90,
        "participants": [
          27
        ],
        "participant_types": [
          "Vehicle"
        ]
      },
      {
        "activity_id": 50,
        "type": "vehicle_moving",
        "duration_frames": 246,
        "participants": [
          33
        ],
        "participant_types": [
          "Vehicle"
        ]
      },
      {
        "activity_id": 51,
        "type": "vehicle_moving",
        "duration_frames": 179,
        "participants": [
          34
        ],
        "participant_types": [
          "Vehicle"
        ]
      },
      {
        "activity_id": 52,
        "type": "vehicle_moving",
        "duration_frames": 93,
        "participants": [
          37
        ],
        "participant_types": [
          "Vehicle"
        ]
      },
      {
        "activity_id": 53,
        "type": "vehicle_moving",
        "duration_frames": 304,
        "participants": [
          29
        ],
        "participant_types": [
          "Vehicle"
        ]
      },
      {
        "activity_id": 54,
        "type": "vehicle_moving",
        "duration_frames": 110,
        "participants": [
          30
        ],
        "participant_types": [
          "Vehicle"
        ]
      },
      {
        "activity_id": 55,
        "type": "vehicle_moving",
        "duration_frames": 61,
        "participants": [
          1
        ],
        "participant_types": [
          "Vehicle"
        ]
      },
      {
        "activity_id": 56,
        "type": "vehicle_moving",
        "duration_frames": 268,
        "participants": [
          32
        ],
        "participant_types": [
          "Vehicle"
        ]
      },
      {
        "activity_id": 57,
        "type": "vehicle_moving",
        "duration_frames": 168,
        "participants": [
          28
        ],
        "participant_types": [
          "Vehicle"
        ]
      },
      {
        "activity_id": 58,
        "type": "activity_carrying",
        "duration_frames": 1179,
        "participants": [
          4
        ],
        "participant_types": [
          "Person"
        ]
      },
      {
        "activity_id": 59,
        "type": "activity_carrying",
        "duration_frames": 1238,
        "participants": [
          2
        ],
        "participant_types": [
          "Person"
        ]
      }
    ],
    "alerts": []
  }
}