{
  "VIRAT_S_000000": {
    "camera_id": "VIRAT_S_000000",
    "location": "Desconocida",
    "priority": "media",
    "date": "2025-05-27",
    "activity_summary": {
      "total_activities": 12,
      "activities": [
        {
          "name": "Entering 1",
          "instances": 1,
          "participants": [
            "Person"
          ]
        },
        {
          "name": "Interacts 5",
          "instances": 5,
          "participants": [
            "Person"
          ]
        },
        {
          "name": "Opening 1",
          "instances": 1,
          "participants": [
            "Person"
          ]
        },
        {
          "name": "Riding 1",
          "instances": 1,
          "participants": [
            "Person"
          ]
        },
        {
          "name": "activity_carrying 1",
          "instances": 1,
          "participants": [
            "Person"
          ]
        },
        {
          "name": "activity_standing 2",
          "instances": 2,
          "participants": [
            "Person"
          ]
        },
        {
          "name": "activity_walking 10",
          "instances": 10,
          "participants": [
            "Person"
          ]
        },
        {
          "name": "vehicle_moving 21",
          "instances": 21,
          "participants": [
            "Vehicle"
          ]
        },
        {
          "name": "vehicle_starting 15",
          "instances": 15,
          "participants": [
            "Vehicle"
          ]
        },
        {
          "name": "vehicle_stopping 16",
          "instances": 16,
          "participants": [
            "Vehicle"
          ]
        },
        {
          "name": "vehicle_turning_left 2",
          "instances": 2,
          "participants": [
            "Vehicle"
          ]
        },
        {
          "name": "vehicle_turning_right 5",
          "instances": 5,
          "participants": [
            "Vehicle"
          ]
        }
      ]
    },
    "object_counts": {
      "Bike 1": 1,
      "Door 1": 1,
      "Dumpster 1": 1,
      "Parking_Meter 1": 1,
      "Person 10": 10,
      "Tree 1": 1,
      "Vehicle 76": 76
    },
    "specific_activities": [
      {
        "activity_id": 1,
        "type": "Interacts",
        "duration_frames": 41,
        "participants": [
          0,
          5000
        ],
        "participant_types": [
          "Person",
          "Parking_Meter"
        ]
      },
      {
        "activity_id": 2,
        "type": "Interacts",
        "duration_frames": 83,
        "participants": [
          0,
          5000
        ],
        "participant_types": [
          "Person",
          "Parking_Meter"
        ]
      },
      {
        "activity_id": 3,
        "type": "Interacts",
        "duration_frames": 58,
        "participants": [
          0,
          5000
        ],
        "participant_types": [
          "Person",
          "Parking_Meter"
        ]
      },
      {
        "activity_id": 4,
        "type": "Interacts",
        "duration_frames": 495,
        "participants": [
          0,
          5000
        ],
        "participant_types": [
          "Person",
          "Parking_Meter"
        ]
      },
      {
        "activity_id": 5,
        "type": "Interacts",
        "duration_frames": 96,
        "participants": [
          35,
          0
        ],
        "participant_types": [
          "Vehicle",
          "Person"
        ]
      },
      {
        "activity_id": 6,
        "type": "Riding",
        "duration_frames": 243,
        "participants": [
          77,
          78
        ],
        "participant_types": [
          "Person",
          "Bike"
        ]
      },
      {
        "activity_id": 7,
        "type": "Entering",
        "duration_frames": 51,
        "participants": [
          35,
          0
        ],
        "participant_types": [
          "Vehicle",
          "Person"
        ]
      },
      {
        "activity_id": 8,
        "type": "Opening",
        "duration_frames": 74,
        "participants": [
          0,
          35
        ],
        "participant_types": [
          "Person",
          "Vehicle"
        ]
      },
      {
        "activity_id": 9,
        "type": "vehicle_starting",
        "duration_frames": 52,
        "participants": [
          71
        ],
        "participant_types": [
          "Vehicle"
        ]
      },
      {
        "activity_id": 10,
        "type": "vehicle_starting",
        "duration_frames": 92,
        "participants": [
          65
        ],
        "participant_types": [
          "Vehicle"
        ]
      },
      {
        "activity_id": 11,
        "type": "vehicle_starting",
        "duration_frames": 42,
        "participants": [
          1
        ],
        "participant_types": [
          "Vehicle"
        ]
      },
      {
        "activity_id": 12,
        "type": "vehicle_starting",
        "duration_frames": 15,
        "participants": [
          64
        ],
        "participant_types": [
          "Vehicle"
        ]
      },
      {
        "activity_id": 13,
        "type": "vehicle_starting",
        "duration_frames": 47,
        "participants": [
          70
        ],
        "participant_types": [
          "Vehicle"
        ]
      },
      {
        "activity_id": 14,
        "type": "vehicle_starting",
        "duration_frames": 72,
        "participants": [
          2
        ],
        "participant_types": [
          "Vehicle"
        ]
      },
      {
        "activity_id": 15,
        "type": "vehicle_starting",
        "duration_frames": 34,
        "participants": [
          68
        ],
        "participant_types": [
          "Vehicle"
        ]
      },
      {
        "activity_id": 16,
        "type": "vehicle_starting",
        "duration_frames": 16,
        "participants": [
          3
        ],
        "participant_types": [
          "Vehicle"
        ]
      },
      {
        "activity_id": 17,
        "type": "vehicle_starting",
        "duration_frames": 121,
        "participants": [
          3
        ],
        "participant_types": [
          "Vehicle"
        ]
      },
      {
        "activity_id": 18,
        "type": "vehicle_starting",
        "duration_frames": 111,
        "participants": [
          3
        ],
        "participant_types": [
          "Vehicle"
        ]
      },
      {
        "activity_id": 19,
        "type": "vehicle_starting",
        "duration_frames": 129,
        "participants": [
          3
        ],
        "participant_types": [
          "Vehicle"
        ]
      },
      {
        "activity_id": 20,
        "type": "vehicle_starting",
        "duration_frames": 146,
        "participants": [
          3
        ],
        "participant_types": [
          "Vehicle"
        ]
      },
      {
        "activity_id": 21,
        "type": "vehicle_starting",
        "duration_frames": 100,
        "participants": [
          3
        ],
        "participant_types": [
          "Vehicle"
        ]
      },
      {
        "activity_id": 22,
        "type": "vehicle_starting",
        "duration_frames": 72,
        "participants": [
          3
        ],
        "participant_types": [
          "Vehicle"
        ]
      },
      {
        "activity_id": 23,
        "type": "vehicle_starting",
        "duration_frames": 108,
        "participants": [
          3
        ],
        "participant_types": [
          "Vehicle"
        ]
      },
      {
        "activity_id": 24,
        "type": "vehicle_turning_left",
        "duration_frames": 29,
        "participants": [
          64
        ],
        "participant_types": [
          "Vehicle"
        ]
      },
      {
        "activity_id": 25,
        "type": "vehicle_turning_left",
        "duration_frames": 269,
        "participants": [
          3
        ],
        "participant_types": [
          "Vehicle"
        ]
      },
      {
        "activity_id": 26,
        "type": "activity_standing",
        "duration_frames": 1603,
        "participants": [
          0
        ],
        "participant_types": [
          "Person"
        ]
      },
      {
        "activity_id": 27,
        "type": "activity_standing",
        "duration_frames": 1040,
        "participants": [
          0
        ],
        "participant_types": [
          "Person"
        ]
      },
      {
        "activity_id": 28,
        "type": "activity_walking",
        "duration_frames": 93,
        "participants": [
          83
        ],
        "participant_types": [
          "Person"
        ]
      },
      {
        "activity_id": 29,
        "type": "activity_walking",
        "duration_frames": 896,
        "participants": [
          84
        ],
        "participant_types": [
          "Person"
        ]
      },
      {
        "activity_id": 30,
        "type": "activity_walking",
        "duration_frames": 1091,
        "participants": [
          85
        ],
        "participant_types": [
          "Person"
        ]
      },
      {
        "activity_id": 31,
        "type": "activity_walking",
        "duration_frames": 492,
        "participants": [
          81
        ],
        "participant_types": [
          "Person"
        ]
      },
      {
        "activity_id": 32,
        "type": "activity_walking",
        "duration_frames": 146,
        "participants": [
          0
        ],
        "participant_types": [
          "Person"
        ]
      },
      {
        "activity_id": 33,
        "type": "activity_walking",
        "duration_frames": 477,
        "participants": [
          0
        ],
        "participant_types": [
          "Person"
        ]
      },
      {
        "activity_id": 34,
        "type": "activity_walking",
        "duration_frames": 761,
        "participants": [
          79
        ],
        "participant_types": [
          "Person"
        ]
      },
      {
        "activity_id": 35,
        "type": "activity_walking",
        "duration_frames": 77,
        "participants": [
          80
        ],
        "participant_types": [
          "Person"
        ]
      },
      {
        "activity_id": 36,
        "type": "activity_walking",
        "duration_frames": 624,
        "participants": [
          86
        ],
        "participant_types": [
          "Person"
        ]
      },
      {
        "activity_id": 37,
        "type": "activity_walking",
        "duration_frames": 1026,
        "participants": [
          82
        ],
        "participant_types": [
          "Person"
        ]
      },
      {
        "activity_id": 38,
        "type": "vehicle_moving",
        "duration_frames": 326,
        "participants": [
          65
        ],
        "participant_types": [
          "Vehicle"
        ]
      },
      {
        "activity_id": 39,
        "type": "vehicle_moving",
        "duration_frames": 248,
        "participants": [
          72
        ],
        "participant_types": [
          "Vehicle"
        ]
      },
      {
        "activity_id": 40,
        "type": "vehicle_moving",
        "duration_frames": 285,
        "participants": [
          1
        ],
        "participant_types": [
          "Vehicle"
        ]
      },
      {
        "activity_id": 41,
        "type": "vehicle_moving",
        "duration_frames": 248,
        "participants": [
          78
        ],
        "participant_types": [
          "Bike"
        ]
      },
      {
        "activity_id": 42,
        "type": "vehicle_moving",
        "duration_frames": 1062,
        "participants": [
          2
        ],
        "participant_types": [
          "Vehicle"
        ]
      },
      {
        "activity_id": 43,
        "type": "vehicle_moving",
        "duration_frames": 126,
        "participants": [
          74
        ],
        "participant_types": [
          "Vehicle"
        ]
      },
      {
        "activity_id": 44,
        "type": "vehicle_moving",
        "duration_frames": 263,
        "participants": [
          68
        ],
        "participant_types": [
          "Vehicle"
        ]
      },
      {
        "activity_id": 45,
        "type": "vehicle_moving",
        "duration_frames": 1013,
        "participants": [
          3
        ],
        "participant_types": [
          "Vehicle"
        ]
      },
      {
        "activity_id": 46,
        "type": "vehicle_moving",
        "duration_frames": 730,
        "participants": [
          3
        ],
        "participant_types": [
          "Vehicle"
        ]
      },
      {
        "activity_id": 47,
        "type": "vehicle_moving",
        "duration_frames": 499,
        "participants": [
          3
        ],
        "participant_types": [
          "Vehicle"
        ]
      },
      {
        "activity_id": 48,
        "type": "vehicle_moving",
        "duration_frames": 461,
        "participants": [
          3
        ],
        "participant_types": [
          "Vehicle"
        ]
      },
      {
        "activity_id": 49,
        "type": "vehicle_moving",
        "duration_frames": 71,
        "participants": [
          75
        ],
        "participant_types": [
          "Vehicle"
        ]
      },
      {
        "activity_id": 50,
        "type": "vehicle_moving",
        "duration_frames": 169,
        "participants": [
          69
        ],
        "participant_types": [
          "Vehicle"
        ]
      },
      {
        "activity_id": 51,
        "type": "vehicle_moving",
        "duration_frames": 155,
        "participants": [
          67
        ],
        "participant_types": [
          "Vehicle"
        ]
      },
      {
        "activity_id": 52,
        "type": "vehicle_moving",
        "duration_frames": 159,
        "participants": [
          73
        ],
        "participant_types": [
          "Vehicle"
        ]
      },
      {
        "activity_id": 53,
        "type": "vehicle_moving",
        "duration_frames": 236,
        "participants": [
          66
        ],
        "participant_types": [
          "Vehicle"
        ]
      },
      {
        "activity_id": 54,
        "type": "vehicle_moving",
        "duration_frames": 316,
        "participants": [
          71
        ],
        "participant_types": [
          "Vehicle"
        ]
      },
      {
        "activity_id": 55,
        "type": "vehicle_moving",
        "duration_frames": 124,
        "participants": [
          76
        ],
        "participant_types": [
          "Vehicle"
        ]
      },
      {
        "activity_id": 56,
        "type": "vehicle_moving",
        "duration_frames": 251,
        "participants": [
          63
        ],
        "participant_types": [
          "Vehicle"
        ]
      },
      {
        "activity_id": 57,
        "type": "vehicle_moving",
        "duration_frames": 237,
        "participants": [
          64
        ],
        "participant_types": [
          "Vehicle"
        ]
      },
      {
        "activity_id": 58,
        "type": "vehicle_moving",
        "duration_frames": 292,
        "participants": [
          70
        ],
        "participant_types": [
          "Vehicle"
        ]
      },
      {
        "activity_id": 59,
        "type": "vehicle_turning_right",
        "duration_frames": 48,
        "participants": [
          76
        ],
        "participant_types": [
          "Vehicle"
        ]
      },
      {
        "activity_id": 60,
        "type": "vehicle_turning_right",
        "duration_frames": 96,
        "participants": [
          3
        ],
        "participant_types": [
          "Vehicle"
        ]
      },
      {
        "activity_id": 61,
        "type": "vehicle_turning_right",
        "duration_frames": 122,
        "participants": [
          2
        ],
        "participant_types": [
          "Vehicle"
        ]
      },
      {
        "activity_id": 62,
        "type": "vehicle_turning_right",
        "duration_frames": 83,
        "participants": [
          2
        ],
        "participant_types": [
          "Vehicle"
        ]
      },
      {
        "activity_id": 63,
        "type": "vehicle_turning_right",
        "duration_frames": 108,
        "participants": [
          2
        ],
        "participant_types": [
          "Vehicle"
        ]
      },
      {
        "activity_id": 64,
        "type": "activity_carrying",
        "duration_frames": 549,
        "participants": [
          86
        ],
        "participant_types": [
          "Person"
        ]
      },
      {
        "activity_id": 65,
        "type": "vehicle_stopping",
        "duration_frames": 40,
        "participants": [
          68
        ],
        "participant_types": [
          "Vehicle"
        ]
      },
      {
        "activity_id": 66,
        "type": "vehicle_stopping",
        "duration_frames": 103,
        "participants": [
          3
        ],
        "participant_types": [
          "Vehicle"
        ]
      },
      {
        "activity_id": 67,
        "type": "vehicle_stopping",
        "duration_frames": 121,
        "participants": [
          3
        ],
        "participant_types": [
          "Vehicle"
        ]
      },
      {
        "activity_id": 68,
        "type": "vehicle_stopping",
        "duration_frames": 73,
        "participants": [
          3
        ],
        "participant_types": [
          "Vehicle"
        ]
      },
      {
        "activity_id": 69,
        "type": "vehicle_stopping",
        "duration_frames": 56,
        "participants": [
          3
        ],
        "participant_types": [
          "Vehicle"
        ]
      },
      {
        "activity_id": 70,
        "type": "vehicle_stopping",
        "duration_frames": 64,
        "participants": [
          3
        ],
        "participant_types": [
          "Vehicle"
        ]
      },
      {
        "activity_id": 71,
        "type": "vehicle_stopping",
        "duration_frames": 179,
        "participants": [
          3
        ],
        "participant_types": [
          "Vehicle"
        ]
      },
      {
        "activity_id": 72,
        "type": "vehicle_stopping",
        "duration_frames": 69,
        "participants": [
          3
        ],
        "participant_types": [
          "Vehicle"
        ]
      },
      {
        "activity_id": 73,
        "type": "vehicle_stopping",
        "duration_frames": 95,
        "participants": [
          3
        ],
        "participant_types": [
          "Vehicle"
        ]
      },
      {
        "activity_id": 74,
        "type": "vehicle_stopping",
        "duration_frames": 47,
        "participants": [
          2
        ],
        "participant_types": [
          "Vehicle"
        ]
      },
      {
        "activity_id": 75,
        "type": "vehicle_stopping",
        "duration_frames": 66,
        "participants": [
          2
        ],
        "participant_types": [
          "Vehicle"
        ]
      },
      {
        "activity_id": 76,
        "type": "vehicle_stopping",
        "duration_frames": 53,
        "participants": [
          70
        ],
        "participant_types": [
          "Vehicle"
        ]
      },
      {
        "activity_id": 77,
        "type": "vehicle_stopping",
        "duration_frames": 47,
        "participants": [
          64
        ],
        "participant_types": [
          "Vehicle"
        ]
      },
      {
        "activity_id": 78,
        "type": "vehicle_stopping",
        "duration_frames": 59,
        "participants": [
          1
        ],
        "participant_types": [
          "Vehicle"
        ]
      },
      {
        "activity_id": 79,
        "type": "vehicle_stopping",
        "duration_frames": 66,
        "participants": [
          65
        ],
        "participant_types": [
          "Vehicle"
        ]
      },
      {
        "activity_id": 80,
        "type": "vehicle_stopping",
        "duration_frames": 72,
        "participants": [
          71
        ],
        "participant_types": [
          "Vehicle"
        ]
      }
    ],
    "alerts": []
  }
}