{
  "VIRAT_S_000000": {
    "camera_id": "VIRAT_S_000000",
    "location": "Desconocida",
    "priority": "media",
    "date": "2025-05-27",
    "activity_summary": {
      "total_activities": 19,
      "activities": [
        {
          "name": "Closing 3",
          "instances": 3,
          "participants": [
            "Person"
          ]
        },
        {
          "name": "Closing_Trunk 2",
          "instances": 2,
          "participants": [
            "Person"
          ]
        },
        {
          "name": "Entering 1",
          "instances": 1,
          "participants": [
            "Person"
          ]
        },
        {
          "name": "Exiting 2",
          "instances": 2,
          "participants": [
            "Person"
          ]
        },
        {
          "name": "Interacts 2",
          "instances": 2,
          "participants": [
            "Person"
          ]
        },
        {
          "name": "Loading 1",
          "instances": 1,
          "participants": [
            "Person"
          ]
        },
        {
          "name": "Open_Trunk 2",
          "instances": 2,
          "participants": [
            "Person"
          ]
        },
        {
          "name": "Opening 3",
          "instances": 3,
          "participants": [
            "Person"
          ]
        },
        {
          "name": "PickUp 2",
          "instances": 2,
          "participants": [
            "Person"
          ]
        },
        {
          "name": "Pull 2",
          "instances": 2,
          "participants": [
            "Person"
          ]
        },
        {
          "name": "SetDown 1",
          "instances": 1,
          "participants": [
            "Person"
          ]
        },
        {
          "name": "Transport_HeavyCarry 4",
          "instances": 4,
          "participants": [
            "Person"
          ]
        },
        {
          "name": "Unloading 1",
          "instances": 1,
          "participants": [
            "Person"
          ]
        },
        {
          "name": "activity_carrying 1",
          "instances": 1,
          "participants": [
            "Person"
          ]
        },
        {
          "name": "activity_standing 6",
          "instances": 6,
          "participants": [
            "Person"
          ]
        },
        {
          "name": "activity_walking 10",
          "instances": 10,
          "participants": [
            "Person"
          ]
        },
        {
          "name": "vehicle_moving 6",
          "instances": 6,
          "participants": [
            "Vehicle"
          ]
        },
        {
          "name": "vehicle_starting 3",
          "instances": 3,
          "participants": [
            "Vehicle"
          ]
        },
        {
          "name": "vehicle_stopping 2",
          "instances": 2,
          "participants": [
            "Vehicle"
          ]
        }
      ]
    },
    "object_counts": {
      "Door 1": 1,
      "Person 6": 6,
      "Prop 1": 1,
      "Push_Pulled_Object 1": 1,
      "Tree 10": 10,
      "Vehicle 12": 12
    },
    "specific_activities": [
      {
        "activity_id": 1,
        "type": "Interacts",
        "duration_frames": 128,
        "participants": [
          21,
          20
        ],
        "participant_types": [
          "Person",
          "Push_Pulled_Object"
        ]
      },
      {
        "activity_id": 2,
        "type": "Interacts",
        "duration_frames": 36,
        "participants": [
          21,
          20
        ],
        "participant_types": [
          "Person",
          "Push_Pulled_Object"
        ]
      },
      {
        "activity_id": 3,
        "type": "Open_Trunk",
        "duration_frames": 66,
        "participants": [
          26,
          30
        ],
        "participant_types": [
          "Vehicle",
          "Person"
        ]
      },
      {
        "activity_id": 4,
        "type": "Open_Trunk",
        "duration_frames": 93,
        "participants": [
          21,
          17
        ],
        "participant_types": [
          "Person",
          "Vehicle"
        ]
      },
      {
        "activity_id": 5,
        "type": "Closing_Trunk",
        "duration_frames": 56,
        "participants": [
          30,
          26
        ],
        "participant_types": [
          "Person",
          "Vehicle"
        ]
      },
      {
        "activity_id": 6,
        "type": "Closing_Trunk",
        "duration_frames": 102,
        "participants": [
          17,
          21
        ],
        "participant_types": [
          "Vehicle",
          "Person"
        ]
      },
      {
        "activity_id": 7,
        "type": "Loading",
        "duration_frames": 69,
        "participants": [
          26,
          18,
          30
        ],
        "participant_types": [
          "Vehicle",
          "Prop",
          "Person"
        ]
      },
      {
        "activity_id": 8,
        "type": "Unloading",
        "duration_frames": 190,
        "participants": [
          21,
          17,
          20
        ],
        "participant_types": [
          "Person",
          "Vehicle",
          "Push_Pulled_Object"
        ]
      },
      {
        "activity_id": 9,
        "type": "Transport_HeavyCarry",
        "duration_frames": 176,
        "participants": [
          30,
          18
        ],
        "participant_types": [
          "Person",
          "Prop"
        ]
      },
      {
        "activity_id": 10,
        "type": "Transport_HeavyCarry",
        "duration_frames": 93,
        "participants": [
          30,
          18
        ],
        "participant_types": [
          "Person",
          "Prop"
        ]
      },
      {
        "activity_id": 11,
        "type": "Transport_HeavyCarry",
        "duration_frames": 99,
        "participants": [
          20,
          21
        ],
        "participant_types": [
          "Push_Pulled_Object",
          "Person"
        ]
      },
      {
        "activity_id": 12,
        "type": "Transport_HeavyCarry",
        "duration_frames": 275,
        "participants": [
          20,
          21
        ],
        "participant_types": [
          "Push_Pulled_Object",
          "Person"
        ]
      },
      {
        "activity_id": 13,
        "type": "Pull",
        "duration_frames": 532,
        "participants": [
          21,
          20
        ],
        "participant_types": [
          "Person",
          "Push_Pulled_Object"
        ]
      },
      {
        "activity_id": 14,
        "type": "Pull",
        "duration_frames": 1111,
        "participants": [
          20,
          21
        ],
        "participant_types": [
          "Push_Pulled_Object",
          "Person"
        ]
      },
      {
        "activity_id": 15,
        "type": "Exiting",
        "duration_frames": 134,
        "participants": [
          17,
          21
        ],
        "participant_types": [
          "Vehicle",
          "Person"
        ]
      },
      {
        "activity_id": 16,
        "type": "Exiting",
        "duration_frames": 68,
        "participants": [
          5005,
          10
        ],
        "participant_types": [
          "Door",
          "Person"
        ]
      },
      {
        "activity_id": 17,
        "type": "Entering",
        "duration_frames": 106,
        "participants": [
          30,
          26
        ],
        "participant_types": [
          "Person",
          "Vehicle"
        ]
      },
      {
        "activity_id": 18,
        "type": "Opening",
        "duration_frames": 47,
        "participants": [
          30,
          26
        ],
        "participant_types": [
          "Person",
          "Vehicle"
        ]
      },
      {
        "activity_id": 19,
        "type": "Opening",
        "duration_frames": 63,
        "participants": [
          21,
          17
        ],
        "participant_types": [
          "Person",
          "Vehicle"
        ]
      },
      {
        "activity_id": 20,
        "type": "Opening",
        "duration_frames": 33,
        "participants": [
          5005,
          10
        ],
        "participant_types": [
          "Door",
          "Person"
        ]
      },
      {
        "activity_id": 21,
        "type": "Closing",
        "duration_frames": 26,
        "participants": [
          30,
          26
        ],
        "participant_types": [
          "Person",
          "Vehicle"
        ]
      },
      {
        "activity_id": 22,
        "type": "Closing",
        "duration_frames": 51,
        "participants": [
          21,
          17
        ],
        "participant_types": [
          "Person",
          "Vehicle"
        ]
      },
      {
        "activity_id": 23,
        "type": "Closing",
        "duration_frames": 89,
        "participants": [
          5005,
          10
        ],
        "participant_types": [
          "Door",
          "Person"
        ]
      },
      {
        "activity_id": 24,
        "type": "PickUp",
        "duration_frames": 27,
        "participants": [
          20,
          21
        ],
        "participant_types": [
          "Push_Pulled_Object",
          "Person"
        ]
      },
      {
        "activity_id": 25,
        "type": "PickUp",
        "duration_frames": 33,
        "participants": [
          18,
          30
        ],
        "participant_types": [
          "Prop",
          "Person"
        ]
      },
      {
        "activity_id": 26,
        "type": "SetDown",
        "duration_frames": 56,
        "participants": [
          18,
          30
        ],
        "participant_types": [
          "Prop",
          "Person"
        ]
      },
      {
        "activity_id": 27,
        "type": "activity_standing",
        "duration_frames": 370,
        "participants": [
          30
        ],
        "participant_types": [
          "Person"
        ]
      },
      {
        "activity_id": 28,
        "type": "activity_standing",
        "duration_frames": 110,
        "participants": [
          30
        ],
        "participant_types": [
          "Person"
        ]
      },
      {
        "activity_id": 29,
        "type": "activity_standing",
        "duration_frames": 69,
        "participants": [
          30
        ],
        "participant_types": [
          "Person"
        ]
      },
      {
        "activity_id": 30,
        "type": "activity_standing",
        "duration_frames": 35,
        "participants": [
          21
        ],
        "participant_types": [
          "Person"
        ]
      },
      {
        "activity_id": 31,
        "type": "activity_standing",
        "duration_frames": 355,
        "participants": [
          21
        ],
        "participant_types": [
          "Person"
        ]
      },
      {
        "activity_id": 32,
        "type": "activity_standing",
        "duration_frames": 26,
        "participants": [
          21
        ],
        "participant_types": [
          "Person"
        ]
      },
      {
        "activity_id": 33,
        "type": "vehicle_starting",
        "duration_frames": 12,
        "participants": [
          17
        ],
        "participant_types": [
          "Vehicle"
        ]
      },
      {
        "activity_id": 34,
        "type": "vehicle_starting",
        "duration_frames": 43,
        "participants": [
          17
        ],
        "participant_types": [
          "Vehicle"
        ]
      },
      {
        "activity_id": 35,
        "type": "vehicle_starting",
        "duration_frames": 33,
        "participants": [
          26
        ],
        "participant_types": [
          "Vehicle"
        ]
      },
      {
        "activity_id": 36,
        "type": "activity_walking",
        "duration_frames": 287,
        "participants": [
          10
        ],
        "participant_types": [
          "Person"
        ]
      },
      {
        "activity_id": 37,
        "type": "activity_walking",
        "duration_frames": 1098,
        "participants": [
          14
        ],
        "participant_types": [
          "Person"
        ]
      },
      {
        "activity_id": 38,
        "type": "activity_walking",
        "duration_frames": 200,
        "participants": [
          30
        ],
        "participant_types": [
          "Person"
        ]
      },
      {
        "activity_id": 39,
        "type": "activity_walking",
        "duration_frames": 87,
        "participants": [
          30
        ],
        "participant_types": [
          "Person"
        ]
      },
      {
        "activity_id": 40,
        "type": "activity_walking",
        "duration_frames": 68,
        "participants": [
          30
        ],
        "participant_types": [
          "Person"
        ]
      },
      {
        "activity_id": 41,
        "type": "activity_walking",
        "duration_frames": 1129,
        "participants": [
          23
        ],
        "participant_types": [
          "Person"
        ]
      },
      {
        "activity_id": 42,
        "type": "activity_walking",
        "duration_frames": 102,
        "participants": [
          21
        ],
        "participant_types": [
          "Person"
        ]
      },
      {
        "activity_id": 43,
        "type": "activity_walking",
        "duration_frames": 610,
        "participants": [
          21
        ],
        "participant_types": [
          "Person"
        ]
      },
      {
        "activity_id": 44,
        "type": "activity_walking",
        "duration_frames": 1404,
        "participants": [
          21
        ],
        "participant_types": [
          "Person"
        ]
      },
      {
        "activity_id": 45,
        "type": "activity_walking",
        "duration_frames": 1160,
        "participants": [
          12
        ],
        "participant_types": [
          "Person"
        ]
      },
      {
        "activity_id": 46,
        "type": "activity_carrying",
        "duration_frames": 1129,
        "participants": [
          23
        ],
        "participant_types": [
          "Person"
        ]
      },
      {
        "activity_id": 47,
        "type": "vehicle_moving",
        "duration_frames": 39,
        "participants": [
          25
        ],
        "participant_types": [
          "Vehicle"
        ]
      },
      {
        "activity_id": 48,
        "type": "vehicle_moving",
        "duration_frames": 98,
        "participants": [
          26
        ],
        "participant_types": [
          "Vehicle"
        ]
      },
      {
        "activity_id": 49,
        "type": "vehicle_moving",
        "duration_frames": 125,
        "participants": [
          26
        ],
        "participant_types": [
          "Vehicle"
        ]
      },
      {
        "activity_id": 50,
        "type": "vehicle_moving",
        "duration_frames": 118,
        "participants": [
          17
        ],
        "participant_types": [
          "Vehicle"
        ]
      },
      {
        "activity_id": 51,
        "type": "vehicle_moving",
        "duration_frames": 12,
        "participants": [
          17
        ],
        "participant_types": [
          "Vehicle"
        ]
      },
      {
        "activity_id": 52,
        "type": "vehicle_moving",
        "duration_frames": 113,
        "participants": [
          17
        ],
        "participant_types": [
          "Vehicle"
        ]
      },
      {
        "activity_id": 53,
        "type": "vehicle_stopping",
        "duration_frames": 31,
        "participants": [
          17
        ],
        "participant_types": [
          "Vehicle"
        ]
      },
      {
        "activity_id": 54,
        "type": "vehicle_stopping",
        "duration_frames": 30,
        "participants": [
          26
        ],
        "participant_types": [
          "Vehicle"
        ]
      }
    ],
    "alerts": []
  }
}