{
  "VIRAT_S_000000": {
    "camera_id": "VIRAT_S_000000",
    "location": "Desconocida",
    "priority": "media",
    "date": "2025-05-27",
    "activity_summary": {
      "total_activities": 12,
      "activities": [
        {
          "name": "Closing 1",
          "instances": 1,
          "participants": [
            "Person"
          ]
        },
        {
          "name": "Entering 1",
          "instances": 1,
          "participants": [
            "Person"
          ]
        },
        {
          "name": "Opening 2",
          "instances": 2,
          "participants": [
            "Person"
          ]
        },
        {
          "name": "Riding 1",
          "instances": 1,
          "participants": [
            "Person"
          ]
        },
        {
          "name": "activity_carrying 3",
          "instances": 3,
          "participants": [
            "Person"
          ]
        },
        {
          "name": "activity_standing 2",
          "instances": 2,
          "participants": [
            "Person"
          ]
        },
        {
          "name": "activity_walking 7",
          "instances": 7,
          "participants": [
            "Person"
          ]
        },
        {
          "name": "specialized_miscellaneous 3",
          "instances": 3,
          "participants": [
            "Person"
          ]
        },
        {
          "name": "vehicle_moving 14",
          "instances": 14,
          "participants": [
            "Vehicle"
          ]
        },
        {
          "name": "vehicle_starting 2",
          "instances": 2,
          "participants": [
            "Vehicle"
          ]
        },
        {
          "name": "vehicle_stopping 2",
          "instances": 2,
          "participants": [
            "Vehicle"
          ]
        },
        {
          "name": "vehicle_turning_right 2",
          "instances": 2,
          "participants": [
            "Vehicle"
          ]
        }
      ]
    },
    "object_counts": {
      "Bike 1": 1,
      "Door 1": 1,
      "Dumpster 1": 1,
      "Parking_Meter 1": 1,
      "Person 7": 7,
      "Tree 1": 1,
      "Vehicle 35": 35
    },
    "specific_activities": [
      {
        "activity_id": 1,
        "type": "Riding",
        "duration_frames": 153,
        "participants": [
          4,
          41
        ],
        "participant_types": [
          "Person",
          "Bike"
        ]
      },
      {
        "activity_id": 2,
        "type": "Entering",
        "duration_frames": 50,
        "participants": [
          0,
          1
        ],
        "participant_types": [
          "Person",
          "Vehicle"
        ]
      },
      {
        "activity_id": 3,
        "type": "Opening",
        "duration_frames": 31,
        "participants": [
          0,
          1
        ],
        "participant_types": [
          "Person",
          "Vehicle"
        ]
      },
      {
        "activity_id": 4,
        "type": "Opening",
        "duration_frames": 75,
        "participants": [
          0,
          1
        ],
        "participant_types": [
          "Person",
          "Vehicle"
        ]
      },
      {
        "activity_id": 5,
        "type": "Closing",
        "duration_frames": 28,
        "participants": [
          0,
          1
        ],
        "participant_types": [
          "Person",
          "Vehicle"
        ]
      },
      {
        "activity_id": 6,
        "type": "vehicle_moving",
        "duration_frames": 215,
        "participants": [
          5
        ],
        "participant_types": [
          "Vehicle"
        ]
      },
      {
        "activity_id": 7,
        "type": "vehicle_moving",
        "duration_frames": 67,
        "participants": [
          18
        ],
        "participant_types": [
          "Vehicle"
        ]
      },
      {
        "activity_id": 8,
        "type": "vehicle_moving",
        "duration_frames": 157,
        "participants": [
          3
        ],
        "participant_types": [
          "Vehicle"
        ]
      },
      {
        "activity_id": 9,
        "type": "vehicle_moving",
        "duration_frames": 120,
        "participants": [
          17
        ],
        "participant_types": [
          "Vehicle"
        ]
      },
      {
        "activity_id": 10,
        "type": "vehicle_moving",
        "duration_frames": 164,
        "participants": [
          8
        ],
        "participant_types": [
          "Vehicle"
        ]
      },
      {
        "activity_id": 11,
        "type": "vehicle_moving",
        "duration_frames": 153,
        "participants": [
          41
        ],
        "participant_types": [
          "Bike"
        ]
      },
      {
        "activity_id": 12,
        "type": "vehicle_moving",
        "duration_frames": 48,
        "participants": [
          19
        ],
        "participant_types": [
          "Vehicle"
        ]
      },
      {
        "activity_id": 13,
        "type": "vehicle_moving",
        "duration_frames": 150,
        "participants": [
          16
        ],
        "participant_types": [
          "Vehicle"
        ]
      },
      {
        "activity_id": 14,
        "type": "vehicle_moving",
        "duration_frames": 157,
        "participants": [
          9
        ],
        "participant_types": [
          "Vehicle"
        ]
      },
      {
        "activity_id": 15,
        "type": "vehicle_moving",
        "duration_frames": 282,
        "participants": [
          15
        ],
        "participant_types": [
          "Vehicle"
        ]
      },
      {
        "activity_id": 16,
        "type": "vehicle_moving",
        "duration_frames": 159,
        "participants": [
          13
        ],
        "participant_types": [
          "Vehicle"
        ]
      },
      {
        "activity_id": 17,
        "type": "vehicle_moving",
        "duration_frames": 120,
        "participants": [
          14
        ],
        "participant_types": [
          "Vehicle"
        ]
      },
      {
        "activity_id": 18,
        "type": "vehicle_moving",
        "duration_frames": 297,
        "participants": [
          12
        ],
        "participant_types": [
          "Vehicle"
        ]
      },
      {
        "activity_id": 19,
        "type": "vehicle_moving",
        "duration_frames": 185,
        "participants": [
          7
        ],
        "participant_types": [
          "Vehicle"
        ]
      },
      {
        "activity_id": 20,
        "type": "activity_carrying",
        "duration_frames": 1166,
        "participants": [
          6
        ],
        "participant_types": [
          "Person"
        ]
      },
      {
        "activity_id": 21,
        "type": "activity_carrying",
        "duration_frames": 789,
        "participants": [
          2
        ],
        "participant_types": [
          "Person"
        ]
      },
      {
        "activity_id": 22,
        "type": "activity_carrying",
        "duration_frames": 428,
        "participants": [
          11
        ],
        "participant_types": [
          "Person"
        ]
      },
      {
        "activity_id": 23,
        "type": "activity_standing",
        "duration_frames": 375,
        "participants": [
          0
        ],
        "participant_types": [
          "Person"
        ]
      },
      {
        "activity_id": 24,
        "type": "activity_standing",
        "duration_frames": 135,
        "participants": [
          0
        ],
        "participant_types": [
          "Person"
        ]
      },
      {
        "activity_id": 25,
        "type": "vehicle_starting",
        "duration_frames": 25,
        "participants": [
          15
        ],
        "participant_types": [
          "Vehicle"
        ]
      },
      {
        "activity_id": 26,
        "type": "vehicle_starting",
        "duration_frames": 48,
        "participants": [
          12
        ],
        "participant_types": [
          "Vehicle"
        ]
      },
      {
        "activity_id": 27,
        "type": "vehicle_stopping",
        "duration_frames": 61,
        "participants": [
          12
        ],
        "participant_types": [
          "Vehicle"
        ]
      },
      {
        "activity_id": 28,
        "type": "vehicle_stopping",
        "duration_frames": 19,
        "participants": [
          15
        ],
        "participant_types": [
          "Vehicle"
        ]
      },
      {
        "activity_id": 29,
        "type": "activity_walking",
        "duration_frames": 1166,
        "participants": [
          6
        ],
        "participant_types": [
          "Person"
        ]
      },
      {
        "activity_id": 30,
        "type": "activity_walking",
        "duration_frames": 789,
        "participants": [
          2
        ],
        "participant_types": [
          "Person"
        ]
      },
      {
        "activity_id": 31,
        "type": "activity_walking",
        "duration_frames": 404,
        "participants": [
          0
        ],
        "participant_types": [
          "Person"
        ]
      },
      {
        "activity_id": 32,
        "type": "activity_walking",
        "duration_frames": 418,
        "participants": [
          0
        ],
        "participant_types": [
          "Person"
        ]
      },
      {
        "activity_id": 33,
        "type": "activity_walking",
        "duration_frames": 92,
        "participants": [
          42
        ],
        "participant_types": [
          "Person"
        ]
      },
      {
        "activity_id": 34,
        "type": "activity_walking",
        "duration_frames": 428,
        "participants": [
          11
        ],
        "participant_types": [
          "Person"
        ]
      },
      {
        "activity_id": 35,
        "type": "activity_walking",
        "duration_frames": 884,
        "participants": [
          10
        ],
        "participant_types": [
          "Person"
        ]
      },
      {
        "activity_id": 36,
        "type": "specialized_miscellaneous",
        "duration_frames": 154,
        "participants": [
          0
        ],
        "participant_types": [
          "Person"
        ]
      },
      {
        "activity_id": 37,
        "type": "specialized_miscellaneous",
        "duration_frames": 97,
        "participants": [
          0
        ],
        "participant_types": [
          "Person"
        ]
      },
      {
        "activity_id": 38,
        "type": "specialized_miscellaneous",
        "duration_frames": 187,
        "participants": [
          0
        ],
        "participant_types": [
          "Person"
        ]
      },
      {
        "activity_id": 39,
        "type": "vehicle_turning_right",
        "duration_frames": 65,
        "participants": [
          8
        ],
        "participant_types": [
          "Vehicle"
        ]
      },
      {
        "activity_id": 40,
        "type": "vehicle_turning_right",
        "duration_frames": 66,
        "participants": [
          5
        ],
        "participant_types": [
          "Vehicle"
        ]
      }
    ],
    "alerts": []
  }
}