{
  "VIRAT_S_000000": {
    "camera_id": "VIRAT_S_000000",
    "location": "Desconocida",
    "priority": "media",
    "date": "2025-05-27",
    "activity_summary": {
      "total_activities": 10,
      "activities": [
        {
          "name": "Closing 1",
          "instances": 1,
          "participants": [
            "Person"
          ]
        },
        {
          "name": "Entering 1",
          "instances": 1,
          "participants": [
            "Person"
          ]
        },
        {
          "name": "Opening 1",
          "instances": 1,
          "participants": [
            "Person"
          ]
        },
        {
          "name": "Transport_HeavyCarry 1",
          "instances": 1,
          "participants": [
            "Person"
          ]
        },
        {
          "name": "activity_standing 1",
          "instances": 1,
          "participants": [
            "Person"
          ]
        },
        {
          "name": "activity_walking 2",
          "instances": 2,
          "participants": [
            "Person"
          ]
        },
        {
          "name": "vehicle_moving 2",
          "instances": 2,
          "participants": [
            "Vehicle"
          ]
        },
        {
          "name": "vehicle_starting 2",
          "instances": 2,
          "participants": [
            "Vehicle"
          ]
        },
        {
          "name": "vehicle_stopping 1",
          "instances": 1,
          "participants": [
            "Vehicle"
          ]
        },
        {
          "name": "vehicle_turning_right 1",
          "instances": 1,
          "participants": [
            "Vehicle"
          ]
        }
      ]
    },
    "object_counts": {
      "Person 2": 2,
      "Prop 1": 1,
      "Tree 5": 5,
      "Vehicle 6": 6
    },
    "specific_activities": [
      {
        "activity_id": 1,
        "type": "Transport_HeavyCarry",
        "duration_frames": 451,
        "participants": [
          10,
          12
        ],
        "participant_types": [
          "Prop",
          "Person"
        ]
      },
      {
        "activity_id": 2,
        "type": "Entering",
        "duration_frames": 99,
        "participants": [
          11,
          7
        ],
        "participant_types": [
          "Person",
          "Vehicle"
        ]
      },
      {
        "activity_id": 3,
        "type": "Opening",
        "duration_frames": 35,
        "participants": [
          11,
          7
        ],
        "participant_types": [
          "Person",
          "Vehicle"
        ]
      },
      {
        "activity_id": 4,
        "type": "Closing",
        "duration_frames": 38,
        "participants": [
          11,
          7
        ],
        "participant_types": [
          "Person",
          "Vehicle"
        ]
      },
      {
        "activity_id": 5,
        "type": "activity_walking",
        "duration_frames": 181,
        "participants": [
          11
        ],
        "participant_types": [
          "Person"
        ]
      },
      {
        "activity_id": 6,
        "type": "activity_walking",
        "duration_frames": 590,
        "participants": [
          12
        ],
        "participant_types": [
          "Person"
        ]
      },
      {
        "activity_id": 7,
        "type": "vehicle_starting",
        "duration_frames": 132,
        "participants": [
          7
        ],
        "participant_types": [
          "Vehicle"
        ]
      },
      {
        "activity_id": 8,
        "type": "vehicle_starting",
        "duration_frames": 139,
        "participants": [
          7
        ],
        "participant_types": [
          "Vehicle"
        ]
      },
      {
        "activity_id": 9,
        "type": "vehicle_turning_right",
        "duration_frames": 161,
        "participants": [
          7
        ],
        "participant_types": [
          "Vehicle"
        ]
      },
      {
        "activity_id": 10,
        "type": "vehicle_moving",
        "duration_frames": 354,
        "participants": [
          7
        ],
        "participant_types": [
          "Vehicle"
        ]
      },
      {
        "activity_id": 11,
        "type": "vehicle_moving",
        "duration_frames": 192,
        "participants": [
          7
        ],
        "participant_types": [
          "Vehicle"
        ]
      },
      {
        "activity_id": 12,
        "type": "activity_standing",
        "duration_frames": 64,
        "participants": [
          11
        ],
        "participant_types": [
          "Person"
        ]
      },
      {
        "activity_id": 13,
        "type": "vehicle_stopping",
        "duration_frames": 13,
        "participants": [
          7
        ],
        "participant_types": [
          "Vehicle"
        ]
      }
    ],
    "alerts": []
  }
}