{
  "VIRAT_S_000000": {
    "camera_id": "VIRAT_S_000000",
    "location": "Desconocida",
    "priority": "media",
    "date": "2025-05-27",
    "activity_summary": {
      "total_activities": 12,
      "activities": [
        {
          "name": "Closing 1",
          "instances": 1,
          "participants": [
            "Person"
          ]
        },
        {
          "name": "Closing_Trunk 1",
          "instances": 1,
          "participants": [
            "Person"
          ]
        },
        {
          "name": "Open_Trunk 1",
          "instances": 1,
          "participants": [
            "Person"
          ]
        },
        {
          "name": "Opening 1",
          "instances": 1,
          "participants": [
            "Person"
          ]
        },
        {
          "name": "activity_carrying 3",
          "instances": 3,
          "participants": [
            "Person"
          ]
        },
        {
          "name": "activity_running 2",
          "instances": 2,
          "participants": [
            "Person"
          ]
        },
        {
          "name": "activity_standing 2",
          "instances": 2,
          "participants": [
            "Person"
          ]
        },
        {
          "name": "activity_walking 7",
          "instances": 7,
          "participants": [
            "Person"
          ]
        },
        {
          "name": "vehicle_moving 7",
          "instances": 7,
          "participants": [
            "Vehicle"
          ]
        },
        {
          "name": "vehicle_stopping 2",
          "instances": 2,
          "participants": [
            "Vehicle"
          ]
        },
        {
          "name": "vehicle_turning_left 2",
          "instances": 2,
          "participants": [
            "Vehicle"
          ]
        },
        {
          "name": "vehicle_turning_right 1",
          "instances": 1,
          "participants": [
            "Vehicle"
          ]
        }
      ]
    },
    "object_counts": {
      "Door 1": 1,
      "Dumpster 1": 1,
      "Parking_Meter 1": 1,
      "Person 7": 7,
      "Tree 1": 1,
      "Vehicle 53": 53
    },
    "specific_activities": [
      {
        "activity_id": 1,
        "type": "Open_Trunk",
        "duration_frames": 39,
        "participants": [
          47,
          42
        ],
        "participant_types": [
          "Person",
          "Vehicle"
        ]
      },
      {
        "activity_id": 2,
        "type": "Closing_Trunk",
        "duration_frames": 28,
        "participants": [
          47,
          42
        ],
        "participant_types": [
          "Person",
          "Vehicle"
        ]
      },
      {
        "activity_id": 3,
        "type": "Opening",
        "duration_frames": 50,
        "participants": [
          47,
          42
        ],
        "participant_types": [
          "Person",
          "Vehicle"
        ]
      },
      {
        "activity_id": 4,
        "type": "Closing",
        "duration_frames": 26,
        "participants": [
          47,
          42
        ],
        "participant_types": [
          "Person",
          "Vehicle"
        ]
      },
      {
        "activity_id": 5,
        "type": "vehicle_stopping",
        "duration_frames": 89,
        "participants": [
          53
        ],
        "participant_types": [
          "Vehicle"
        ]
      },
      {
        "activity_id": 6,
        "type": "vehicle_stopping",
        "duration_frames": 101,
        "participants": [
          57
        ],
        "participant_types": [
          "Vehicle"
        ]
      },
      {
        "activity_id": 7,
        "type": "activity_standing",
        "duration_frames": 260,
        "participants": [
          47
        ],
        "participant_types": [
          "Person"
        ]
      },
      {
        "activity_id": 8,
        "type": "activity_standing",
        "duration_frames": 181,
        "participants": [
          47
        ],
        "participant_types": [
          "Person"
        ]
      },
      {
        "activity_id": 9,
        "type": "vehicle_moving",
        "duration_frames": 286,
        "participants": [
          57
        ],
        "participant_types": [
          "Vehicle"
        ]
      },
      {
        "activity_id": 10,
        "type": "vehicle_moving",
        "duration_frames": 279,
        "participants": [
          59
        ],
        "participant_types": [
          "Vehicle"
        ]
      },
      {
        "activity_id": 11,
        "type": "vehicle_moving",
        "duration_frames": 28,
        "participants": [
          49
        ],
        "participant_types": [
          "Vehicle"
        ]
      },
      {
        "activity_id": 12,
        "type": "vehicle_moving",
        "duration_frames": 93,
        "participants": [
          50
        ],
        "participant_types": [
          "Vehicle"
        ]
      },
      {
        "activity_id": 13,
        "type": "vehicle_moving",
        "duration_frames": 155,
        "participants": [
          52
        ],
        "participant_types": [
          "Vehicle"
        ]
      },
      {
        "activity_id": 14,
        "type": "vehicle_moving",
        "duration_frames": 158,
        "participants": [
          51
        ],
        "participant_types": [
          "Vehicle"
        ]
      },
      {
        "activity_id": 15,
        "type": "vehicle_moving",
        "duration_frames": 353,
        "participants": [
          53
        ],
        "participant_types": [
          "Vehicle"
        ]
      },
      {
        "activity_id": 16,
        "type": "activity_walking",
        "duration_frames": 1232,
        "participants": [
          46
        ],
        "participant_types": [
          "Person"
        ]
      },
      {
        "activity_id": 17,
        "type": "activity_walking",
        "duration_frames": 247,
        "participants": [
          47
        ],
        "participant_types": [
          "Person"
        ]
      },
      {
        "activity_id": 18,
        "type": "activity_walking",
        "duration_frames": 106,
        "participants": [
          47
        ],
        "participant_types": [
          "Person"
        ]
      },
      {
        "activity_id": 19,
        "type": "activity_walking",
        "duration_frames": 328,
        "participants": [
          47
        ],
        "participant_types": [
          "Person"
        ]
      },
      {
        "activity_id": 20,
        "type": "activity_walking",
        "duration_frames": 425,
        "participants": [
          56
        ],
        "participant_types": [
          "Person"
        ]
      },
      {
        "activity_id": 21,
        "type": "activity_walking",
        "duration_frames": 664,
        "participants": [
          54
        ],
        "participant_types": [
          "Person"
        ]
      },
      {
        "activity_id": 22,
        "type": "activity_walking",
        "duration_frames": 560,
        "participants": [
          55
        ],
        "participant_types": [
          "Person"
        ]
      },
      {
        "activity_id": 23,
        "type": "vehicle_turning_right",
        "duration_frames": 81,
        "participants": [
          53
        ],
        "participant_types": [
          "Vehicle"
        ]
      },
      {
        "activity_id": 24,
        "type": "vehicle_turning_left",
        "duration_frames": 93,
        "participants": [
          50
        ],
        "participant_types": [
          "Vehicle"
        ]
      },
      {
        "activity_id": 25,
        "type": "vehicle_turning_left",
        "duration_frames": 109,
        "participants": [
          59
        ],
        "participant_types": [
          "Vehicle"
        ]
      },
      {
        "activity_id": 26,
        "type": "activity_carrying",
        "duration_frames": 395,
        "participants": [
          56
        ],
        "participant_types": [
          "Person"
        ]
      },
      {
        "activity_id": 27,
        "type": "activity_carrying",
        "duration_frames": 374,
        "participants": [
          47
        ],
        "participant_types": [
          "Person"
        ]
      },
      {
        "activity_id": 28,
        "type": "activity_carrying",
        "duration_frames": 1191,
        "participants": [
          46
        ],
        "participant_types": [
          "Person"
        ]
      },
      {
        "activity_id": 29,
        "type": "activity_running",
        "duration_frames": 134,
        "participants": [
          48
        ],
        "participant_types": [
          "Person"
        ]
      },
      {
        "activity_id": 30,
        "type": "activity_running",
        "duration_frames": 333,
        "participants": [
          58
        ],
        "participant_types": [
          "Person"
        ]
      }
    ],
    "alerts": []
  }
}