{
  "VIRAT_S_000000": {
    "camera_id": "VIRAT_S_000000",
    "location": "Desconocida",
    "priority": "media",
    "date": "2025-05-27",
    "activity_summary": {
      "total_activities": 18,
      "activities": [
        {
          "name": "Closing 6",
          "instances": 6,
          "participants": [
            "Person"
          ]
        },
        {
          "name": "Entering 2",
          "instances": 2,
          "participants": [
            "Person"
          ]
        },
        {
          "name": "Exiting 1",
          "instances": 1,
          "participants": [
            "Person"
          ]
        },
        {
          "name": "Interacts 1",
          "instances": 1,
          "participants": [
            "Person"
          ]
        },
        {
          "name": "Loading 2",
          "instances": 2,
          "participants": [
            "Person"
          ]
        },
        {
          "name": "Opening 6",
          "instances": 6,
          "participants": [
            "Person"
          ]
        },
        {
          "name": "Unloading 1",
          "instances": 1,
          "participants": [
            "Person"
          ]
        },
        {
          "name": "activity_carrying 5",
          "instances": 5,
          "participants": [
            "Person"
          ]
        },
        {
          "name": "activity_gesturing 1",
          "instances": 1,
          "participants": [
            "Person"
          ]
        },
        {
          "name": "activity_standing 9",
          "instances": 9,
          "participants": [
            "Person"
          ]
        },
        {
          "name": "activity_walking 14",
          "instances": 14,
          "participants": [
            "Person"
          ]
        },
        {
          "name": "specialized_miscellaneous 1",
          "instances": 1,
          "participants": [
            "Person"
          ]
        },
        {
          "name": "vehicle_moving 15",
          "instances": 15,
          "participants": [
            "Vehicle"
          ]
        },
        {
          "name": "vehicle_starting 12",
          "instances": 12,
          "participants": [
            "Vehicle"
          ]
        },
        {
          "name": "vehicle_stopping 13",
          "instances": 13,
          "participants": [
            "Vehicle"
          ]
        },
        {
          "name": "vehicle_turning_left 12",
          "instances": 12,
          "participants": [
            "Vehicle"
          ]
        },
        {
          "name": "vehicle_turning_right 14",
          "instances": 14,
          "participants": [
            "Vehicle"
          ]
        },
        {
          "name": "vehicle_u_turn 2",
          "instances": 2,
          "participants": [
            "Vehicle"
          ]
        }
      ]
    },
    "object_counts": {
      "Person 8": 8,
      "Tree 5": 5,
      "Vehicle 13": 13
    },
    "specific_activities": [
      {
        "activity_id": 1,
        "type": "Interacts",
        "duration_frames": 47,
        "participants": [
          8,
          11
        ],
        "participant_types": [
          "Person",
          "Vehicle"
        ]
      },
      {
        "activity_id": 2,
        "type": "Loading",
        "duration_frames": 160,
        "participants": [
          3,
          31
        ],
        "participant_types": [
          "Person",
          "Vehicle"
        ]
      },
      {
        "activity_id": 3,
        "type": "Loading",
        "duration_frames": 75,
        "participants": [
          6,
          22
        ],
        "participant_types": [
          "Person",
          "Vehicle"
        ]
      },
      {
        "activity_id": 4,
        "type": "Unloading",
        "duration_frames": 88,
        "participants": [
          8,
          11
        ],
        "participant_types": [
          "Person",
          "Vehicle"
        ]
      },
      {
        "activity_id": 5,
        "type": "Exiting",
        "duration_frames": 96,
        "participants": [
          8,
          11
        ],
        "participant_types": [
          "Person",
          "Vehicle"
        ]
      },
      {
        "activity_id": 6,
        "type": "Entering",
        "duration_frames": 119,
        "participants": [
          3,
          31
        ],
        "participant_types": [
          "Person",
          "Vehicle"
        ]
      },
      {
        "activity_id": 7,
        "type": "Entering",
        "duration_frames": 97,
        "participants": [
          6,
          22
        ],
        "participant_types": [
          "Person",
          "Vehicle"
        ]
      },
      {
        "activity_id": 8,
        "type": "Opening",
        "duration_frames": 54,
        "participants": [
          3,
          31
        ],
        "participant_types": [
          "Person",
          "Vehicle"
        ]
      },
      {
        "activity_id": 9,
        "type": "Opening",
        "duration_frames": 43,
        "participants": [
          3,
          31
        ],
        "participant_types": [
          "Person",
          "Vehicle"
        ]
      },
      {
        "activity_id": 10,
        "type": "Opening",
        "duration_frames": 23,
        "participants": [
          6,
          22
        ],
        "participant_types": [
          "Person",
          "Vehicle"
        ]
      },
      {
        "activity_id": 11,
        "type": "Opening",
        "duration_frames": 51,
        "participants": [
          6,
          22
        ],
        "participant_types": [
          "Person",
          "Vehicle"
        ]
      },
      {
        "activity_id": 12,
        "type": "Opening",
        "duration_frames": 52,
        "participants": [
          8,
          11
        ],
        "participant_types": [
          "Person",
          "Vehicle"
        ]
      },
      {
        "activity_id": 13,
        "type": "Opening",
        "duration_frames": 31,
        "participants": [
          8,
          11
        ],
        "participant_types": [
          "Person",
          "Vehicle"
        ]
      },
      {
        "activity_id": 14,
        "type": "Closing",
        "duration_frames": 47,
        "participants": [
          3,
          31
        ],
        "participant_types": [
          "Person",
          "Vehicle"
        ]
      },
      {
        "activity_id": 15,
        "type": "Closing",
        "duration_frames": 59,
        "participants": [
          3,
          31
        ],
        "participant_types": [
          "Person",
          "Vehicle"
        ]
      },
      {
        "activity_id": 16,
        "type": "Closing",
        "duration_frames": 23,
        "participants": [
          6,
          22
        ],
        "participant_types": [
          "Person",
          "Vehicle"
        ]
      },
      {
        "activity_id": 17,
        "type": "Closing",
        "duration_frames": 39,
        "participants": [
          6,
          22
        ],
        "participant_types": [
          "Person",
          "Vehicle"
        ]
      },
      {
        "activity_id": 18,
        "type": "Closing",
        "duration_frames": 37,
        "participants": [
          8,
          11
        ],
        "participant_types": [
          "Person",
          "Vehicle"
        ]
      },
      {
        "activity_id": 19,
        "type": "Closing",
        "duration_frames": 35,
        "participants": [
          8,
          11
        ],
        "participant_types": [
          "Person",
          "Vehicle"
        ]
      },
      {
        "activity_id": 20,
        "type": "vehicle_stopping",
        "duration_frames": 65,
        "participants": [
          20
        ],
        "participant_types": [
          "Vehicle"
        ]
      },
      {
        "activity_id": 21,
        "type": "vehicle_stopping",
        "duration_frames": 50,
        "participants": [
          15
        ],
        "participant_types": [
          "Vehicle"
        ]
      },
      {
        "activity_id": 22,
        "type": "vehicle_stopping",
        "duration_frames": 139,
        "participants": [
          15
        ],
        "participant_types": [
          "Vehicle"
        ]
      },
      {
        "activity_id": 23,
        "type": "vehicle_stopping",
        "duration_frames": 86,
        "participants": [
          22
        ],
        "participant_types": [
          "Vehicle"
        ]
      },
      {
        "activity_id": 24,
        "type": "vehicle_stopping",
        "duration_frames": 75,
        "participants": [
          22
        ],
        "participant_types": [
          "Vehicle"
        ]
      },
      {
        "activity_id": 25,
        "type": "vehicle_stopping",
        "duration_frames": 63,
        "participants": [
          31
        ],
        "participant_types": [
          "Vehicle"
        ]
      },
      {
        "activity_id": 26,
        "type": "vehicle_stopping",
        "duration_frames": 77,
        "participants": [
          31
        ],
        "participant_types": [
          "Vehicle"
        ]
      },
      {
        "activity_id": 27,
        "type": "vehicle_stopping",
        "duration_frames": 47,
        "participants": [
          14
        ],
        "participant_types": [
          "Vehicle"
        ]
      },
      {
        "activity_id": 28,
        "type": "vehicle_stopping",
        "duration_frames": 161,
        "participants": [
          14
        ],
        "participant_types": [
          "Vehicle"
        ]
      },
      {
        "activity_id": 29,
        "type": "vehicle_stopping",
        "duration_frames": 65,
        "participants": [
          24
        ],
        "participant_types": [
          "Vehicle"
        ]
      },
      {
        "activity_id": 30,
        "type": "vehicle_stopping",
        "duration_frames": 75,
        "participants": [
          11
        ],
        "participant_types": [
          "Vehicle"
        ]
      },
      {
        "activity_id": 31,
        "type": "vehicle_stopping",
        "duration_frames": 63,
        "participants": [
          11
        ],
        "participant_types": [
          "Vehicle"
        ]
      },
      {
        "activity_id": 32,
        "type": "vehicle_stopping",
        "duration_frames": 32,
        "participants": [
          10
        ],
        "participant_types": [
          "Vehicle"
        ]
      },
      {
        "activity_id": 33,
        "type": "activity_gesturing",
        "duration_frames": 22,
        "participants": [
          5
        ],
        "participant_types": [
          "Person"
        ]
      },
      {
        "activity_id": 34,
        "type": "activity_walking",
        "duration_frames": 599,
        "participants": [
          1
        ],
        "participant_types": [
          "Person"
        ]
      },
      {
        "activity_id": 35,
        "type": "activity_walking",
        "duration_frames": 87,
        "participants": [
          8
        ],
        "participant_types": [
          "Person"
        ]
      },
      {
        "activity_id": 36,
        "type": "activity_walking",
        "duration_frames": 54,
        "participants": [
          8
        ],
        "participant_types": [
          "Person"
        ]
      },
      {
        "activity_id": 37,
        "type": "activity_walking",
        "duration_frames": 1358,
        "participants": [
          8
        ],
        "participant_types": [
          "Person"
        ]
      },
      {
        "activity_id": 38,
        "type": "activity_walking",
        "duration_frames": 505,
        "participants": [
          4
        ],
        "participant_types": [
          "Person"
        ]
      },
      {
        "activity_id": 39,
        "type": "activity_walking",
        "duration_frames": 563,
        "participants": [
          3
        ],
        "participant_types": [
          "Person"
        ]
      },
      {
        "activity_id": 40,
        "type": "activity_walking",
        "duration_frames": 99,
        "participants": [
          3
        ],
        "participant_types": [
          "Person"
        ]
      },
      {
        "activity_id": 41,
        "type": "activity_walking",
        "duration_frames": 39,
        "participants": [
          3
        ],
        "participant_types": [
          "Person"
        ]
      },
      {
        "activity_id": 42,
        "type": "activity_walking",
        "duration_frames": 128,
        "participants": [
          6
        ],
        "participant_types": [
          "Person"
        ]
      },
      {
        "activity_id": 43,
        "type": "activity_walking",
        "duration_frames": 157,
        "participants": [
          6
        ],
        "participant_types": [
          "Person"
        ]
      },
      {
        "activity_id": 44,
        "type": "activity_walking",
        "duration_frames": 110,
        "participants": [
          6
        ],
        "participant_types": [
          "Person"
        ]
      },
      {
        "activity_id": 45,
        "type": "activity_walking",
        "duration_frames": 1335,
        "participants": [
          2
        ],
        "participant_types": [
          "Person"
        ]
      },
      {
        "activity_id": 46,
        "type": "activity_walking",
        "duration_frames": 1741,
        "participants": [
          5
        ],
        "participant_types": [
          "Person"
        ]
      },
      {
        "activity_id": 47,
        "type": "activity_walking",
        "duration_frames": 1817,
        "participants": [
          7
        ],
        "participant_types": [
          "Person"
        ]
      },
      {
        "activity_id": 48,
        "type": "activity_carrying",
        "duration_frames": 1358,
        "participants": [
          8
        ],
        "participant_types": [
          "Person"
        ]
      },
      {
        "activity_id": 49,
        "type": "activity_carrying",
        "duration_frames": 1052,
        "participants": [
          3
        ],
        "participant_types": [
          "Person"
        ]
      },
      {
        "activity_id": 50,
        "type": "activity_carrying",
        "duration_frames": 907,
        "participants": [
          6
        ],
        "participant_types": [
          "Person"
        ]
      },
      {
        "activity_id": 51,
        "type": "activity_carrying",
        "duration_frames": 1730,
        "participants": [
          5
        ],
        "participant_types": [
          "Person"
        ]
      },
      {
        "activity_id": 52,
        "type": "activity_carrying",
        "duration_frames": 1794,
        "participants": [
          7
        ],
        "participant_types": [
          "Person"
        ]
      },
      {
        "activity_id": 53,
        "type": "vehicle_turning_left",
        "duration_frames": 68,
        "participants": [
          20
        ],
        "participant_types": [
          "Vehicle"
        ]
      },
      {
        "activity_id": 54,
        "type": "vehicle_turning_left",
        "duration_frames": 78,
        "participants": [
          22
        ],
        "participant_types": [
          "Vehicle"
        ]
      },
      {
        "activity_id": 55,
        "type": "vehicle_turning_left",
        "duration_frames": 50,
        "participants": [
          22
        ],
        "participant_types": [
          "Vehicle"
        ]
      },
      {
        "activity_id": 56,
        "type": "vehicle_turning_left",
        "duration_frames": 34,
        "participants": [
          31
        ],
        "participant_types": [
          "Vehicle"
        ]
      },
      {
        "activity_id": 57,
        "type": "vehicle_turning_left",
        "duration_frames": 64,
        "participants": [
          31
        ],
        "participant_types": [
          "Vehicle"
        ]
      },
      {
        "activity_id": 58,
        "type": "vehicle_turning_left",
        "duration_frames": 68,
        "participants": [
          15
        ],
        "participant_types": [
          "Vehicle"
        ]
      },
      {
        "activity_id": 59,
        "type": "vehicle_turning_left",
        "duration_frames": 83,
        "participants": [
          41
        ],
        "participant_types": [
          "Vehicle"
        ]
      },
      {
        "activity_id": 60,
        "type": "vehicle_turning_left",
        "duration_frames": 77,
        "participants": [
          11
        ],
        "participant_types": [
          "Vehicle"
        ]
      },
      {
        "activity_id": 61,
        "type": "vehicle_turning_left",
        "duration_frames": 90,
        "participants": [
          11
        ],
        "participant_types": [
          "Vehicle"
        ]
      },
      {
        "activity_id": 62,
        "type": "vehicle_turning_left",
        "duration_frames": 54,
        "participants": [
          24
        ],
        "participant_types": [
          "Vehicle"
        ]
      },
      {
        "activity_id": 63,
        "type": "vehicle_turning_left",
        "duration_frames": 16,
        "participants": [
          24
        ],
        "participant_types": [
          "Vehicle"
        ]
      },
      {
        "activity_id": 64,
        "type": "vehicle_turning_left",
        "duration_frames": 64,
        "participants": [
          14
        ],
        "participant_types": [
          "Vehicle"
        ]
      },
      {
        "activity_id": 65,
        "type": "vehicle_turning_right",
        "duration_frames": 78,
        "participants": [
          20
        ],
        "participant_types": [
          "Vehicle"
        ]
      },
      {
        "activity_id": 66,
        "type": "vehicle_turning_right",
        "duration_frames": 79,
        "participants": [
          22
        ],
        "participant_types": [
          "Vehicle"
        ]
      },
      {
        "activity_id": 67,
        "type": "vehicle_turning_right",
        "duration_frames": 13,
        "participants": [
          22
        ],
        "participant_types": [
          "Vehicle"
        ]
      },
      {
        "activity_id": 68,
        "type": "vehicle_turning_right",
        "duration_frames": 19,
        "participants": [
          22
        ],
        "participant_types": [
          "Vehicle"
        ]
      },
      {
        "activity_id": 69,
        "type": "vehicle_turning_right",
        "duration_frames": 74,
        "participants": [
          22
        ],
        "participant_types": [
          "Vehicle"
        ]
      },
      {
        "activity_id": 70,
        "type": "vehicle_turning_right",
        "duration_frames": 107,
        "participants": [
          31
        ],
        "participant_types": [
          "Vehicle"
        ]
      },
      {
        "activity_id": 71,
        "type": "vehicle_turning_right",
        "duration_frames": 74,
        "participants": [
          15
        ],
        "participant_types": [
          "Vehicle"
        ]
      },
      {
        "activity_id": 72,
        "type": "vehicle_turning_right",
        "duration_frames": 50,
        "participants": [
          11
        ],
        "participant_types": [
          "Vehicle"
        ]
      },
      {
        "activity_id": 73,
        "type": "vehicle_turning_right",
        "duration_frames": 126,
        "participants": [
          11
        ],
        "participant_types": [
          "Vehicle"
        ]
      },
      {
        "activity_id": 74,
        "type": "vehicle_turning_right",
        "duration_frames": 51,
        "participants": [
          24
        ],
        "participant_types": [
          "Vehicle"
        ]
      },
      {
        "activity_id": 75,
        "type": "vehicle_turning_right",
        "duration_frames": 44,
        "participants": [
          24
        ],
        "participant_types": [
          "Vehicle"
        ]
      },
      {
        "activity_id": 76,
        "type": "vehicle_turning_right",
        "duration_frames": 111,
        "participants": [
          14
        ],
        "participant_types": [
          "Vehicle"
        ]
      },
      {
        "activity_id": 77,
        "type": "vehicle_turning_right",
        "duration_frames": 82,
        "participants": [
          10
        ],
        "participant_types": [
          "Vehicle"
        ]
      },
      {
        "activity_id": 78,
        "type": "vehicle_turning_right",
        "duration_frames": 61,
        "participants": [
          10
        ],
        "participant_types": [
          "Vehicle"
        ]
      },
      {
        "activity_id": 79,
        "type": "vehicle_starting",
        "duration_frames": 37,
        "participants": [
          24
        ],
        "participant_types": [
          "Vehicle"
        ]
      },
      {
        "activity_id": 80,
        "type": "vehicle_starting",
        "duration_frames": 109,
        "participants": [
          11
        ],
        "participant_types": [
          "Vehicle"
        ]
      },
      {
        "activity_id": 81,
        "type": "vehicle_starting",
        "duration_frames": 83,
        "participants": [
          11
        ],
        "participant_types": [
          "Vehicle"
        ]
      },
      {
        "activity_id": 82,
        "type": "vehicle_starting",
        "duration_frames": 83,
        "participants": [
          14
        ],
        "participant_types": [
          "Vehicle"
        ]
      },
      {
        "activity_id": 83,
        "type": "vehicle_starting",
        "duration_frames": 43,
        "participants": [
          10
        ],
        "participant_types": [
          "Vehicle"
        ]
      },
      {
        "activity_id": 84,
        "type": "vehicle_starting",
        "duration_frames": 68,
        "participants": [
          22
        ],
        "participant_types": [
          "Vehicle"
        ]
      },
      {
        "activity_id": 85,
        "type": "vehicle_starting",
        "duration_frames": 50,
        "participants": [
          22
        ],
        "participant_types": [
          "Vehicle"
        ]
      },
      {
        "activity_id": 86,
        "type": "vehicle_starting",
        "duration_frames": 133,
        "participants": [
          31
        ],
        "participant_types": [
          "Vehicle"
        ]
      },
      {
        "activity_id": 87,
        "type": "vehicle_starting",
        "duration_frames": 64,
        "participants": [
          31
        ],
        "participant_types": [
          "Vehicle"
        ]
      },
      {
        "activity_id": 88,
        "type": "vehicle_starting",
        "duration_frames": 41,
        "participants": [
          15
        ],
        "participant_types": [
          "Vehicle"
        ]
      },
      {
        "activity_id": 89,
        "type": "vehicle_starting",
        "duration_frames": 68,
        "participants": [
          15
        ],
        "participant_types": [
          "Vehicle"
        ]
      },
      {
        "activity_id": 90,
        "type": "vehicle_starting",
        "duration_frames": 61,
        "participants": [
          20
        ],
        "participant_types": [
          "Vehicle"
        ]
      },
      {
        "activity_id": 91,
        "type": "vehicle_u_turn",
        "duration_frames": 191,
        "participants": [
          11
        ],
        "participant_types": [
          "Vehicle"
        ]
      },
      {
        "activity_id": 92,
        "type": "vehicle_u_turn",
        "duration_frames": 241,
        "participants": [
          22
        ],
        "participant_types": [
          "Vehicle"
        ]
      },
      {
        "activity_id": 93,
        "type": "activity_standing",
        "duration_frames": 278,
        "participants": [
          6
        ],
        "participant_types": [
          "Person"
        ]
      },
      {
        "activity_id": 94,
        "type": "activity_standing",
        "duration_frames": 202,
        "participants": [
          6
        ],
        "participant_types": [
          "Person"
        ]
      },
      {
        "activity_id": 95,
        "type": "activity_standing",
        "duration_frames": 179,
        "participants": [
          6
        ],
        "participant_types": [
          "Person"
        ]
      },
      {
        "activity_id": 96,
        "type": "activity_standing",
        "duration_frames": 61,
        "participants": [
          8
        ],
        "participant_types": [
          "Person"
        ]
      },
      {
        "activity_id": 97,
        "type": "activity_standing",
        "duration_frames": 46,
        "participants": [
          8
        ],
        "participant_types": [
          "Person"
        ]
      },
      {
        "activity_id": 98,
        "type": "activity_standing",
        "duration_frames": 76,
        "participants": [
          8
        ],
        "participant_types": [
          "Person"
        ]
      },
      {
        "activity_id": 99,
        "type": "activity_standing",
        "duration_frames": 305,
        "participants": [
          3
        ],
        "participant_types": [
          "Person"
        ]
      },
      {
        "activity_id": 100,
        "type": "activity_standing",
        "duration_frames": 210,
        "participants": [
          3
        ],
        "participant_types": [
          "Person"
        ]
      },
      {
        "activity_id": 101,
        "type": "activity_standing",
        "duration_frames": 56,
        "participants": [
          3
        ],
        "participant_types": [
          "Person"
        ]
      },
      {
        "activity_id": 102,
        "type": "specialized_miscellaneous",
        "duration_frames": 61,
        "participants": [
          2
        ],
        "participant_types": [
          "Person"
        ]
      },
      {
        "activity_id": 103,
        "type": "vehicle_moving",
        "duration_frames": 616,
        "participants": [
          14
        ],
        "participant_types": [
          "Vehicle"
        ]
      },
      {
        "activity_id": 104,
        "type": "vehicle_moving",
        "duration_frames": 483,
        "participants": [
          24
        ],
        "participant_types": [
          "Vehicle"
        ]
      },
      {
        "activity_id": 105,
        "type": "vehicle_moving",
        "duration_frames": 677,
        "participants": [
          11
        ],
        "participant_types": [
          "Vehicle"
        ]
      },
      {
        "activity_id": 106,
        "type": "vehicle_moving",
        "duration_frames": 378,
        "participants": [
          11
        ],
        "participant_types": [
          "Vehicle"
        ]
      },
      {
        "activity_id": 107,
        "type": "vehicle_moving",
        "duration_frames": 90,
        "participants": [
          11
        ],
        "participant_types": [
          "Vehicle"
        ]
      },
      {
        "activity_id": 108,
        "type": "vehicle_moving",
        "duration_frames": 460,
        "participants": [
          41
        ],
        "participant_types": [
          "Vehicle"
        ]
      },
      {
        "activity_id": 109,
        "type": "vehicle_moving",
        "duration_frames": 399,
        "participants": [
          10
        ],
        "participant_types": [
          "Vehicle"
        ]
      },
      {
        "activity_id": 110,
        "type": "vehicle_moving",
        "duration_frames": 593,
        "participants": [
          15
        ],
        "participant_types": [
          "Vehicle"
        ]
      },
      {
        "activity_id": 111,
        "type": "vehicle_moving",
        "duration_frames": 68,
        "participants": [
          15
        ],
        "participant_types": [
          "Vehicle"
        ]
      },
      {
        "activity_id": 112,
        "type": "vehicle_moving",
        "duration_frames": 610,
        "participants": [
          22
        ],
        "participant_types": [
          "Vehicle"
        ]
      },
      {
        "activity_id": 113,
        "type": "vehicle_moving",
        "duration_frames": 567,
        "participants": [
          22
        ],
        "participant_types": [
          "Vehicle"
        ]
      },
      {
        "activity_id": 114,
        "type": "vehicle_moving",
        "duration_frames": 252,
        "participants": [
          31
        ],
        "participant_types": [
          "Vehicle"
        ]
      },
      {
        "activity_id": 115,
        "type": "vehicle_moving",
        "duration_frames": 411,
        "participants": [
          31
        ],
        "participant_types": [
          "Vehicle"
        ]
      },
      {
        "activity_id": 116,
        "type": "vehicle_moving",
        "duration_frames": 64,
        "participants": [
          31
        ],
        "participant_types": [
          "Vehicle"
        ]
      },
      {
        "activity_id": 117,
        "type": "vehicle_moving",
        "duration_frames": 542,
        "participants": [
          20
        ],
        "participant_types": [
          "Vehicle"
        ]
      }
    ],
    "alerts": []
  }
}