{
  "VIRAT_S_000000": {
    "camera_id": "VIRAT_S_000000",
    "location": "Desconocida",
    "priority": "media",
    "date": "2025-05-27",
    "activity_summary": {
      "total_activities": 17,
      "activities": [
        {
          "name": "Closing 1",
          "instances": 1,
          "participants": [
            "Person"
          ]
        },
        {
          "name": "Closing_Trunk 1",
          "instances": 1,
          "participants": [
            "Person"
          ]
        },
        {
          "name": "Exiting 1",
          "instances": 1,
          "participants": [
            "Person"
          ]
        },
        {
          "name": "Open_Trunk 2",
          "instances": 2,
          "participants": [
            "Person"
          ]
        },
        {
          "name": "Opening 1",
          "instances": 1,
          "participants": [
            "Person"
          ]
        },
        {
          "name": "Pull 1",
          "instances": 1,
          "participants": [
            "Person"
          ]
        },
        {
          "name": "SetDown 1",
          "instances": 1,
          "participants": [
            "Person"
          ]
        },
        {
          "name": "Transport_HeavyCarry 1",
          "instances": 1,
          "participants": [
            "Person"
          ]
        },
        {
          "name": "Unloading 4",
          "instances": 4,
          "participants": [
            "Person"
          ]
        },
        {
          "name": "activity_sitting 1",
          "instances": 1,
          "participants": [
            "Person"
          ]
        },
        {
          "name": "activity_standing 9",
          "instances": 9,
          "participants": [
            "Person"
          ]
        },
        {
          "name": "activity_walking 8",
          "instances": 8,
          "participants": [
            "Person"
          ]
        },
        {
          "name": "vehicle_moving 7",
          "instances": 7,
          "participants": [
            "Vehicle"
          ]
        },
        {
          "name": "vehicle_starting 3",
          "instances": 3,
          "participants": [
            "Vehicle"
          ]
        },
        {
          "name": "vehicle_stopping 3",
          "instances": 3,
          "participants": [
            "Vehicle"
          ]
        },
        {
          "name": "vehicle_turning_left 4",
          "instances": 4,
          "participants": [
            "Vehicle"
          ]
        },
        {
          "name": "vehicle_turning_right 6",
          "instances": 6,
          "participants": [
            "Vehicle"
          ]
        }
      ]
    },
    "object_counts": {
      "Person 8": 8,
      "Prop 3": 3,
      "Push_Pulled_Object 1": 1,
      "Tree 5": 5,
      "Vehicle 9": 9
    },
    "specific_activities": [
      {
        "activity_id": 1,
        "type": "Open_Trunk",
        "duration_frames": 36,
        "participants": [
          5,
          10
        ],
        "participant_types": [
          "Person",
          "Vehicle"
        ]
      },
      {
        "activity_id": 2,
        "type": "Open_Trunk",
        "duration_frames": 39,
        "participants": [
          36,
          10
        ],
        "participant_types": [
          "Person",
          "Vehicle"
        ]
      },
      {
        "activity_id": 3,
        "type": "Closing_Trunk",
        "duration_frames": 29,
        "participants": [
          1,
          10
        ],
        "participant_types": [
          "Person",
          "Vehicle"
        ]
      },
      {
        "activity_id": 4,
        "type": "Unloading",
        "duration_frames": 96,
        "participants": [
          5,
          10
        ],
        "participant_types": [
          "Person",
          "Vehicle"
        ]
      },
      {
        "activity_id": 5,
        "type": "Unloading",
        "duration_frames": 172,
        "participants": [
          22,
          10,
          34
        ],
        "participant_types": [
          "Person",
          "Vehicle",
          "Prop"
        ]
      },
      {
        "activity_id": 6,
        "type": "Unloading",
        "duration_frames": 153,
        "participants": [
          10,
          35,
          31
        ],
        "participant_types": [
          "Vehicle",
          "Prop",
          "Person"
        ]
      },
      {
        "activity_id": 7,
        "type": "Unloading",
        "duration_frames": 189,
        "participants": [
          1,
          10,
          33
        ],
        "participant_types": [
          "Person",
          "Vehicle",
          "Prop"
        ]
      },
      {
        "activity_id": 8,
        "type": "Transport_HeavyCarry",
        "duration_frames": 69,
        "participants": [
          9,
          22,
          34
        ],
        "participant_types": [
          "Person",
          "Person",
          "Prop"
        ]
      },
      {
        "activity_id": 9,
        "type": "Pull",
        "duration_frames": 118,
        "participants": [
          31,
          32
        ],
        "participant_types": [
          "Person",
          "Push_Pulled_Object"
        ]
      },
      {
        "activity_id": 10,
        "type": "Exiting",
        "duration_frames": 115,
        "participants": [
          0,
          10
        ],
        "participant_types": [
          "Person",
          "Vehicle"
        ]
      },
      {
        "activity_id": 11,
        "type": "Opening",
        "duration_frames": 64,
        "participants": [
          0,
          10
        ],
        "participant_types": [
          "Person",
          "Vehicle"
        ]
      },
      {
        "activity_id": 12,
        "type": "Closing",
        "duration_frames": 22,
        "participants": [
          0,
          10
        ],
        "participant_types": [
          "Person",
          "Vehicle"
        ]
      },
      {
        "activity_id": 13,
        "type": "SetDown",
        "duration_frames": 52,
        "participants": [
          35,
          31
        ],
        "participant_types": [
          "Prop",
          "Person"
        ]
      },
      {
        "activity_id": 14,
        "type": "activity_sitting",
        "duration_frames": 35,
        "participants": [
          0
        ],
        "participant_types": [
          "Person"
        ]
      },
      {
        "activity_id": 15,
        "type": "vehicle_starting",
        "duration_frames": 15,
        "participants": [
          12
        ],
        "participant_types": [
          "Vehicle"
        ]
      },
      {
        "activity_id": 16,
        "type": "vehicle_starting",
        "duration_frames": 30,
        "participants": [
          10
        ],
        "participant_types": [
          "Vehicle"
        ]
      },
      {
        "activity_id": 17,
        "type": "vehicle_starting",
        "duration_frames": 64,
        "participants": [
          13
        ],
        "participant_types": [
          "Vehicle"
        ]
      },
      {
        "activity_id": 18,
        "type": "vehicle_stopping",
        "duration_frames": 74,
        "participants": [
          12
        ],
        "participant_types": [
          "Vehicle"
        ]
      },
      {
        "activity_id": 19,
        "type": "vehicle_stopping",
        "duration_frames": 114,
        "participants": [
          13
        ],
        "participant_types": [
          "Vehicle"
        ]
      },
      {
        "activity_id": 20,
        "type": "vehicle_stopping",
        "duration_frames": 12,
        "participants": [
          10
        ],
        "participant_types": [
          "Vehicle"
        ]
      },
      {
        "activity_id": 21,
        "type": "vehicle_turning_right",
        "duration_frames": 58,
        "participants": [
          6
        ],
        "participant_types": [
          "Vehicle"
        ]
      },
      {
        "activity_id": 22,
        "type": "vehicle_turning_right",
        "duration_frames": 56,
        "participants": [
          12
        ],
        "participant_types": [
          "Vehicle"
        ]
      },
      {
        "activity_id": 23,
        "type": "vehicle_turning_right",
        "duration_frames": 82,
        "participants": [
          12
        ],
        "participant_types": [
          "Vehicle"
        ]
      },
      {
        "activity_id": 24,
        "type": "vehicle_turning_right",
        "duration_frames": 42,
        "participants": [
          12
        ],
        "participant_types": [
          "Vehicle"
        ]
      },
      {
        "activity_id": 25,
        "type": "vehicle_turning_right",
        "duration_frames": 93,
        "participants": [
          13
        ],
        "participant_types": [
          "Vehicle"
        ]
      },
      {
        "activity_id": 26,
        "type": "vehicle_turning_right",
        "duration_frames": 102,
        "participants": [
          10
        ],
        "participant_types": [
          "Vehicle"
        ]
      },
      {
        "activity_id": 27,
        "type": "activity_standing",
        "duration_frames": 43,
        "participants": [
          36
        ],
        "participant_types": [
          "Person"
        ]
      },
      {
        "activity_id": 28,
        "type": "activity_standing",
        "duration_frames": 98,
        "participants": [
          9
        ],
        "participant_types": [
          "Person"
        ]
      },
      {
        "activity_id": 29,
        "type": "activity_standing",
        "duration_frames": 358,
        "participants": [
          31
        ],
        "participant_types": [
          "Person"
        ]
      },
      {
        "activity_id": 30,
        "type": "activity_standing",
        "duration_frames": 5,
        "participants": [
          22
        ],
        "participant_types": [
          "Person"
        ]
      },
      {
        "activity_id": 31,
        "type": "activity_standing",
        "duration_frames": 71,
        "participants": [
          22
        ],
        "participant_types": [
          "Person"
        ]
      },
      {
        "activity_id": 32,
        "type": "activity_standing",
        "duration_frames": 186,
        "participants": [
          22
        ],
        "participant_types": [
          "Person"
        ]
      },
      {
        "activity_id": 33,
        "type": "activity_standing",
        "duration_frames": 203,
        "participants": [
          1
        ],
        "participant_types": [
          "Person"
        ]
      },
      {
        "activity_id": 34,
        "type": "activity_standing",
        "duration_frames": 70,
        "participants": [
          0
        ],
        "participant_types": [
          "Person"
        ]
      },
      {
        "activity_id": 35,
        "type": "activity_standing",
        "duration_frames": 38,
        "participants": [
          5
        ],
        "participant_types": [
          "Person"
        ]
      },
      {
        "activity_id": 36,
        "type": "vehicle_moving",
        "duration_frames": 338,
        "participants": [
          10
        ],
        "participant_types": [
          "Vehicle"
        ]
      },
      {
        "activity_id": 37,
        "type": "vehicle_moving",
        "duration_frames": 50,
        "participants": [
          10
        ],
        "participant_types": [
          "Vehicle"
        ]
      },
      {
        "activity_id": 38,
        "type": "vehicle_moving",
        "duration_frames": 24,
        "participants": [
          10
        ],
        "participant_types": [
          "Vehicle"
        ]
      },
      {
        "activity_id": 39,
        "type": "vehicle_moving",
        "duration_frames": 60,
        "participants": [
          10
        ],
        "participant_types": [
          "Vehicle"
        ]
      },
      {
        "activity_id": 40,
        "type": "vehicle_moving",
        "duration_frames": 552,
        "participants": [
          13
        ],
        "participant_types": [
          "Vehicle"
        ]
      },
      {
        "activity_id": 41,
        "type": "vehicle_moving",
        "duration_frames": 579,
        "participants": [
          12
        ],
        "participant_types": [
          "Vehicle"
        ]
      },
      {
        "activity_id": 42,
        "type": "vehicle_moving",
        "duration_frames": 459,
        "participants": [
          6
        ],
        "participant_types": [
          "Vehicle"
        ]
      },
      {
        "activity_id": 43,
        "type": "vehicle_turning_left",
        "duration_frames": 29,
        "participants": [
          13
        ],
        "participant_types": [
          "Vehicle"
        ]
      },
      {
        "activity_id": 44,
        "type": "vehicle_turning_left",
        "duration_frames": 120,
        "participants": [
          10
        ],
        "participant_types": [
          "Vehicle"
        ]
      },
      {
        "activity_id": 45,
        "type": "vehicle_turning_left",
        "duration_frames": 85,
        "participants": [
          6
        ],
        "participant_types": [
          "Vehicle"
        ]
      },
      {
        "activity_id": 46,
        "type": "vehicle_turning_left",
        "duration_frames": 75,
        "participants": [
          12
        ],
        "participant_types": [
          "Vehicle"
        ]
      },
      {
        "activity_id": 47,
        "type": "activity_walking",
        "duration_frames": 2067,
        "participants": [
          4
        ],
        "participant_types": [
          "Person"
        ]
      },
      {
        "activity_id": 48,
        "type": "activity_walking",
        "duration_frames": 132,
        "participants": [
          31
        ],
        "participant_types": [
          "Person"
        ]
      },
      {
        "activity_id": 49,
        "type": "activity_walking",
        "duration_frames": 74,
        "participants": [
          22
        ],
        "participant_types": [
          "Person"
        ]
      },
      {
        "activity_id": 50,
        "type": "activity_walking",
        "duration_frames": 59,
        "participants": [
          22
        ],
        "participant_types": [
          "Person"
        ]
      },
      {
        "activity_id": 51,
        "type": "activity_walking",
        "duration_frames": 47,
        "participants": [
          22
        ],
        "participant_types": [
          "Person"
        ]
      },
      {
        "activity_id": 52,
        "type": "activity_walking",
        "duration_frames": 90,
        "participants": [
          0
        ],
        "participant_types": [
          "Person"
        ]
      },
      {
        "activity_id": 53,
        "type": "activity_walking",
        "duration_frames": 147,
        "participants": [
          5
        ],
        "participant_types": [
          "Person"
        ]
      },
      {
        "activity_id": 54,
        "type": "activity_walking",
        "duration_frames": 237,
        "participants": [
          5
        ],
        "participant_types": [
          "Person"
        ]
      }
    ],
    "alerts": []
  }
}