{
  "VIRAT_S_000000": {
    "camera_id": "VIRAT_S_000000",
    "location": "Desconocida",
    "priority": "media",
    "date": "2025-05-27",
    "activity_summary": {
      "total_activities": 17,
      "activities": [
        {
          "name": "Closing 5",
          "instances": 5,
          "participants": [
            "Person"
          ]
        },
        {
          "name": "Closing_Trunk 1",
          "instances": 1,
          "participants": [
            "Person"
          ]
        },
        {
          "name": "Entering 11",
          "instances": 11,
          "participants": [
            "Person"
          ]
        },
        {
          "name": "Loading 1",
          "instances": 1,
          "participants": [
            "Person"
          ]
        },
        {
          "name": "Open_Trunk 1",
          "instances": 1,
          "participants": [
            "Person"
          ]
        },
        {
          "name": "Opening 8",
          "instances": 8,
          "participants": [
            "Person"
          ]
        },
        {
          "name": "activity_carrying 12",
          "instances": 12,
          "participants": [
            "Person"
          ]
        },
        {
          "name": "activity_gesturing 3",
          "instances": 3,
          "participants": [
            "Person"
          ]
        },
        {
          "name": "activity_sitting 2",
          "instances": 2,
          "participants": [
            "Person"
          ]
        },
        {
          "name": "activity_standing 28",
          "instances": 28,
          "participants": [
            "Person"
          ]
        },
        {
          "name": "activity_walking 31",
          "instances": 31,
          "participants": [
            "Person"
          ]
        },
        {
          "name": "specialized_texting_phone 1",
          "instances": 1,
          "participants": [
            "Person"
          ]
        },
        {
          "name": "vehicle_moving 13",
          "instances": 13,
          "participants": [
            "Vehicle"
          ]
        },
        {
          "name": "vehicle_starting 6",
          "instances": 6,
          "participants": [
            "Vehicle"
          ]
        },
        {
          "name": "vehicle_stopping 7",
          "instances": 7,
          "participants": [
            "Vehicle"
          ]
        },
        {
          "name": "vehicle_turning_left 1",
          "instances": 1,
          "participants": [
            "Vehicle"
          ]
        },
        {
          "name": "vehicle_turning_right 1",
          "instances": 1,
          "participants": [
            "Vehicle"
          ]
        }
      ]
    },
    "object_counts": {
      "Door 1": 1,
      "Dumpster 1": 1,
      "Parking_Meter 1": 1,
      "Person 13": 13,
      "Tree 1": 1,
      "Vehicle 31": 31
    },
    "specific_activities": [
      {
        "activity_id": 1,
        "type": "Open_Trunk",
        "duration_frames": 54,
        "participants": [
          34,
          40
        ],
        "participant_types": [
          "Person",
          "Vehicle"
        ]
      },
      {
        "activity_id": 2,
        "type": "Closing_Trunk",
        "duration_frames": 45,
        "participants": [
          34,
          40
        ],
        "participant_types": [
          "Person",
          "Vehicle"
        ]
      },
      {
        "activity_id": 3,
        "type": "Loading",
        "duration_frames": 96,
        "participants": [
          34,
          40
        ],
        "participant_types": [
          "Person",
          "Vehicle"
        ]
      },
      {
        "activity_id": 4,
        "type": "Entering",
        "duration_frames": 48,
        "participants": [
          31,
          40
        ],
        "participant_types": [
          "Person",
          "Vehicle"
        ]
      },
      {
        "activity_id": 5,
        "type": "Entering",
        "duration_frames": 70,
        "participants": [
          37,
          40
        ],
        "participant_types": [
          "Person",
          "Vehicle"
        ]
      },
      {
        "activity_id": 6,
        "type": "Entering",
        "duration_frames": 38,
        "participants": [
          1,
          41
        ],
        "participant_types": [
          "Person",
          "Vehicle"
        ]
      },
      {
        "activity_id": 7,
        "type": "Entering",
        "duration_frames": 221,
        "participants": [
          4,
          41
        ],
        "participant_types": [
          "Person",
          "Vehicle"
        ]
      },
      {
        "activity_id": 8,
        "type": "Entering",
        "duration_frames": 238,
        "participants": [
          35,
          41
        ],
        "participant_types": [
          "Person",
          "Vehicle"
        ]
      },
      {
        "activity_id": 9,
        "type": "Entering",
        "duration_frames": 48,
        "participants": [
          38,
          41
        ],
        "participant_types": [
          "Person",
          "Vehicle"
        ]
      },
      {
        "activity_id": 10,
        "type": "Entering",
        "duration_frames": 37,
        "participants": [
          2,
          39
        ],
        "participant_types": [
          "Person",
          "Vehicle"
        ]
      },
      {
        "activity_id": 11,
        "type": "Entering",
        "duration_frames": 212,
        "participants": [
          39,
          3
        ],
        "participant_types": [
          "Vehicle",
          "Person"
        ]
      },
      {
        "activity_id": 12,
        "type": "Entering",
        "duration_frames": 15,
        "participants": [
          33,
          39
        ],
        "participant_types": [
          "Person",
          "Vehicle"
        ]
      },
      {
        "activity_id": 13,
        "type": "Entering",
        "duration_frames": 514,
        "participants": [
          36,
          39
        ],
        "participant_types": [
          "Person",
          "Vehicle"
        ]
      },
      {
        "activity_id": 14,
        "type": "Entering",
        "duration_frames": 60,
        "participants": [
          34,
          40
        ],
        "participant_types": [
          "Person",
          "Vehicle"
        ]
      },
      {
        "activity_id": 15,
        "type": "Opening",
        "duration_frames": 91,
        "participants": [
          31,
          40
        ],
        "participant_types": [
          "Person",
          "Vehicle"
        ]
      },
      {
        "activity_id": 16,
        "type": "Opening",
        "duration_frames": 85,
        "participants": [
          37,
          40
        ],
        "participant_types": [
          "Person",
          "Vehicle"
        ]
      },
      {
        "activity_id": 17,
        "type": "Opening",
        "duration_frames": 71,
        "participants": [
          4,
          41
        ],
        "participant_types": [
          "Person",
          "Vehicle"
        ]
      },
      {
        "activity_id": 18,
        "type": "Opening",
        "duration_frames": 32,
        "participants": [
          33,
          39
        ],
        "participant_types": [
          "Person",
          "Vehicle"
        ]
      },
      {
        "activity_id": 19,
        "type": "Opening",
        "duration_frames": 44,
        "participants": [
          36,
          39
        ],
        "participant_types": [
          "Person",
          "Vehicle"
        ]
      },
      {
        "activity_id": 20,
        "type": "Opening",
        "duration_frames": 49,
        "participants": [
          3,
          39
        ],
        "participant_types": [
          "Person",
          "Vehicle"
        ]
      },
      {
        "activity_id": 21,
        "type": "Opening",
        "duration_frames": 61,
        "participants": [
          34,
          40
        ],
        "participant_types": [
          "Person",
          "Vehicle"
        ]
      },
      {
        "activity_id": 22,
        "type": "Opening",
        "duration_frames": 89,
        "participants": [
          35,
          41
        ],
        "participant_types": [
          "Person",
          "Vehicle"
        ]
      },
      {
        "activity_id": 23,
        "type": "Closing",
        "duration_frames": 40,
        "participants": [
          31,
          40
        ],
        "participant_types": [
          "Person",
          "Vehicle"
        ]
      },
      {
        "activity_id": 24,
        "type": "Closing",
        "duration_frames": 23,
        "participants": [
          37,
          40
        ],
        "participant_types": [
          "Person",
          "Vehicle"
        ]
      },
      {
        "activity_id": 25,
        "type": "Closing",
        "duration_frames": 24,
        "participants": [
          35,
          41
        ],
        "participant_types": [
          "Person",
          "Vehicle"
        ]
      },
      {
        "activity_id": 26,
        "type": "Closing",
        "duration_frames": 36,
        "participants": [
          39,
          3
        ],
        "participant_types": [
          "Vehicle",
          "Person"
        ]
      },
      {
        "activity_id": 27,
        "type": "Closing",
        "duration_frames": 36,
        "participants": [
          36,
          39
        ],
        "participant_types": [
          "Person",
          "Vehicle"
        ]
      },
      {
        "activity_id": 28,
        "type": "vehicle_turning_right",
        "duration_frames": 43,
        "participants": [
          49
        ],
        "participant_types": [
          "Vehicle"
        ]
      },
      {
        "activity_id": 29,
        "type": "vehicle_starting",
        "duration_frames": 18,
        "participants": [
          46
        ],
        "participant_types": [
          "Vehicle"
        ]
      },
      {
        "activity_id": 30,
        "type": "vehicle_starting",
        "duration_frames": 22,
        "participants": [
          27
        ],
        "participant_types": [
          "Vehicle"
        ]
      },
      {
        "activity_id": 31,
        "type": "vehicle_starting",
        "duration_frames": 167,
        "participants": [
          40
        ],
        "participant_types": [
          "Vehicle"
        ]
      },
      {
        "activity_id": 32,
        "type": "vehicle_starting",
        "duration_frames": 43,
        "participants": [
          28
        ],
        "participant_types": [
          "Vehicle"
        ]
      },
      {
        "activity_id": 33,
        "type": "vehicle_starting",
        "duration_frames": 56,
        "participants": [
          42
        ],
        "participant_types": [
          "Vehicle"
        ]
      },
      {
        "activity_id": 34,
        "type": "vehicle_starting",
        "duration_frames": 51,
        "participants": [
          45
        ],
        "participant_types": [
          "Vehicle"
        ]
      },
      {
        "activity_id": 35,
        "type": "vehicle_moving",
        "duration_frames": 132,
        "participants": [
          47
        ],
        "participant_types": [
          "Vehicle"
        ]
      },
      {
        "activity_id": 36,
        "type": "vehicle_moving",
        "duration_frames": 159,
        "participants": [
          43
        ],
        "participant_types": [
          "Vehicle"
        ]
      },
      {
        "activity_id": 37,
        "type": "vehicle_moving",
        "duration_frames": 360,
        "participants": [
          28
        ],
        "participant_types": [
          "Vehicle"
        ]
      },
      {
        "activity_id": 38,
        "type": "vehicle_moving",
        "duration_frames": 84,
        "participants": [
          49
        ],
        "participant_types": [
          "Vehicle"
        ]
      },
      {
        "activity_id": 39,
        "type": "vehicle_moving",
        "duration_frames": 151,
        "participants": [
          29
        ],
        "participant_types": [
          "Vehicle"
        ]
      },
      {
        "activity_id": 40,
        "type": "vehicle_moving",
        "duration_frames": 490,
        "participants": [
          45
        ],
        "participant_types": [
          "Vehicle"
        ]
      },
      {
        "activity_id": 41,
        "type": "vehicle_moving",
        "duration_frames": 433,
        "participants": [
          42
        ],
        "participant_types": [
          "Vehicle"
        ]
      },
      {
        "activity_id": 42,
        "type": "vehicle_moving",
        "duration_frames": 308,
        "participants": [
          10
        ],
        "participant_types": [
          "Vehicle"
        ]
      },
      {
        "activity_id": 43,
        "type": "vehicle_moving",
        "duration_frames": 114,
        "participants": [
          44
        ],
        "participant_types": [
          "Vehicle"
        ]
      },
      {
        "activity_id": 44,
        "type": "vehicle_moving",
        "duration_frames": 330,
        "participants": [
          27
        ],
        "participant_types": [
          "Vehicle"
        ]
      },
      {
        "activity_id": 45,
        "type": "vehicle_moving",
        "duration_frames": 154,
        "participants": [
          48
        ],
        "participant_types": [
          "Vehicle"
        ]
      },
      {
        "activity_id": 46,
        "type": "vehicle_moving",
        "duration_frames": 167,
        "participants": [
          40
        ],
        "participant_types": [
          "Vehicle"
        ]
      },
      {
        "activity_id": 47,
        "type": "vehicle_moving",
        "duration_frames": 261,
        "participants": [
          46
        ],
        "participant_types": [
          "Vehicle"
        ]
      },
      {
        "activity_id": 48,
        "type": "activity_sitting",
        "duration_frames": 67,
        "participants": [
          36
        ],
        "participant_types": [
          "Person"
        ]
      },
      {
        "activity_id": 49,
        "type": "activity_sitting",
        "duration_frames": 146,
        "participants": [
          35
        ],
        "participant_types": [
          "Person"
        ]
      },
      {
        "activity_id": 50,
        "type": "activity_gesturing",
        "duration_frames": 30,
        "participants": [
          38
        ],
        "participant_types": [
          "Person"
        ]
      },
      {
        "activity_id": 51,
        "type": "activity_gesturing",
        "duration_frames": 15,
        "participants": [
          4
        ],
        "participant_types": [
          "Person"
        ]
      },
      {
        "activity_id": 52,
        "type": "activity_gesturing",
        "duration_frames": 13,
        "participants": [
          4
        ],
        "participant_types": [
          "Person"
        ]
      },
      {
        "activity_id": 53,
        "type": "activity_carrying",
        "duration_frames": 1611,
        "participants": [
          34
        ],
        "participant_types": [
          "Person"
        ]
      },
      {
        "activity_id": 54,
        "type": "activity_carrying",
        "duration_frames": 1740,
        "participants": [
          38
        ],
        "participant_types": [
          "Person"
        ]
      },
      {
        "activity_id": 55,
        "type": "activity_carrying",
        "duration_frames": 149,
        "participants": [
          36
        ],
        "participant_types": [
          "Person"
        ]
      },
      {
        "activity_id": 56,
        "type": "activity_carrying",
        "duration_frames": 1883,
        "participants": [
          36
        ],
        "participant_types": [
          "Person"
        ]
      },
      {
        "activity_id": 57,
        "type": "activity_carrying",
        "duration_frames": 1614,
        "participants": [
          1
        ],
        "participant_types": [
          "Person"
        ]
      },
      {
        "activity_id": 58,
        "type": "activity_carrying",
        "duration_frames": 893,
        "participants": [
          33
        ],
        "participant_types": [
          "Person"
        ]
      },
      {
        "activity_id": 59,
        "type": "activity_carrying",
        "duration_frames": 1669,
        "participants": [
          4
        ],
        "participant_types": [
          "Person"
        ]
      },
      {
        "activity_id": 60,
        "type": "activity_carrying",
        "duration_frames": 1234,
        "participants": [
          31
        ],
        "participant_types": [
          "Person"
        ]
      },
      {
        "activity_id": 61,
        "type": "activity_carrying",
        "duration_frames": 2135,
        "participants": [
          35
        ],
        "participant_types": [
          "Person"
        ]
      },
      {
        "activity_id": 62,
        "type": "activity_carrying",
        "duration_frames": 1769,
        "participants": [
          3
        ],
        "participant_types": [
          "Person"
        ]
      },
      {
        "activity_id": 63,
        "type": "activity_carrying",
        "duration_frames": 1486,
        "participants": [
          50
        ],
        "participant_types": [
          "Person"
        ]
      },
      {
        "activity_id": 64,
        "type": "activity_carrying",
        "duration_frames": 1695,
        "participants": [
          2
        ],
        "participant_types": [
          "Person"
        ]
      },
      {
        "activity_id": 65,
        "type": "activity_standing",
        "duration_frames": 86,
        "participants": [
          3
        ],
        "participant_types": [
          "Person"
        ]
      },
      {
        "activity_id": 66,
        "type": "activity_standing",
        "duration_frames": 485,
        "participants": [
          3
        ],
        "participant_types": [
          "Person"
        ]
      },
      {
        "activity_id": 67,
        "type": "activity_standing",
        "duration_frames": 155,
        "participants": [
          35
        ],
        "participant_types": [
          "Person"
        ]
      },
      {
        "activity_id": 68,
        "type": "activity_standing",
        "duration_frames": 132,
        "participants": [
          35
        ],
        "participant_types": [
          "Person"
        ]
      },
      {
        "activity_id": 69,
        "type": "activity_standing",
        "duration_frames": 107,
        "participants": [
          35
        ],
        "participant_types": [
          "Person"
        ]
      },
      {
        "activity_id": 70,
        "type": "activity_standing",
        "duration_frames": 176,
        "participants": [
          35
        ],
        "participant_types": [
          "Person"
        ]
      },
      {
        "activity_id": 71,
        "type": "activity_standing",
        "duration_frames": 146,
        "participants": [
          35
        ],
        "participant_types": [
          "Person"
        ]
      },
      {
        "activity_id": 72,
        "type": "activity_standing",
        "duration_frames": 195,
        "participants": [
          2
        ],
        "participant_types": [
          "Person"
        ]
      },
      {
        "activity_id": 73,
        "type": "activity_standing",
        "duration_frames": 43,
        "participants": [
          2
        ],
        "participant_types": [
          "Person"
        ]
      },
      {
        "activity_id": 74,
        "type": "activity_standing",
        "duration_frames": 77,
        "participants": [
          2
        ],
        "participant_types": [
          "Person"
        ]
      },
      {
        "activity_id": 75,
        "type": "activity_standing",
        "duration_frames": 45,
        "participants": [
          2
        ],
        "participant_types": [
          "Person"
        ]
      },
      {
        "activity_id": 76,
        "type": "activity_standing",
        "duration_frames": 62,
        "participants": [
          1
        ],
        "participant_types": [
          "Person"
        ]
      },
      {
        "activity_id": 77,
        "type": "activity_standing",
        "duration_frames": 110,
        "participants": [
          1
        ],
        "participant_types": [
          "Person"
        ]
      },
      {
        "activity_id": 78,
        "type": "activity_standing",
        "duration_frames": 112,
        "participants": [
          1
        ],
        "participant_types": [
          "Person"
        ]
      },
      {
        "activity_id": 79,
        "type": "activity_standing",
        "duration_frames": 1031,
        "participants": [
          36
        ],
        "participant_types": [
          "Person"
        ]
      },
      {
        "activity_id": 80,
        "type": "activity_standing",
        "duration_frames": 261,
        "participants": [
          38
        ],
        "participant_types": [
          "Person"
        ]
      },
      {
        "activity_id": 81,
        "type": "activity_standing",
        "duration_frames": 254,
        "participants": [
          38
        ],
        "participant_types": [
          "Person"
        ]
      },
      {
        "activity_id": 82,
        "type": "activity_standing",
        "duration_frames": 181,
        "participants": [
          34
        ],
        "participant_types": [
          "Person"
        ]
      },
      {
        "activity_id": 83,
        "type": "activity_standing",
        "duration_frames": 72,
        "participants": [
          34
        ],
        "participant_types": [
          "Person"
        ]
      },
      {
        "activity_id": 84,
        "type": "activity_standing",
        "duration_frames": 192,
        "participants": [
          34
        ],
        "participant_types": [
          "Person"
        ]
      },
      {
        "activity_id": 85,
        "type": "activity_standing",
        "duration_frames": 48,
        "participants": [
          34
        ],
        "participant_types": [
          "Person"
        ]
      },
      {
        "activity_id": 86,
        "type": "activity_standing",
        "duration_frames": 213,
        "participants": [
          37
        ],
        "participant_types": [
          "Person"
        ]
      },
      {
        "activity_id": 87,
        "type": "activity_standing",
        "duration_frames": 424,
        "participants": [
          37
        ],
        "participant_types": [
          "Person"
        ]
      },
      {
        "activity_id": 88,
        "type": "activity_standing",
        "duration_frames": 264,
        "participants": [
          31
        ],
        "participant_types": [
          "Person"
        ]
      },
      {
        "activity_id": 89,
        "type": "activity_standing",
        "duration_frames": 187,
        "participants": [
          33
        ],
        "participant_types": [
          "Person"
        ]
      },
      {
        "activity_id": 90,
        "type": "activity_standing",
        "duration_frames": 155,
        "participants": [
          4
        ],
        "participant_types": [
          "Person"
        ]
      },
      {
        "activity_id": 91,
        "type": "activity_standing",
        "duration_frames": 212,
        "participants": [
          4
        ],
        "participant_types": [
          "Person"
        ]
      },
      {
        "activity_id": 92,
        "type": "activity_standing",
        "duration_frames": 193,
        "participants": [
          4
        ],
        "participant_types": [
          "Person"
        ]
      },
      {
        "activity_id": 93,
        "type": "activity_walking",
        "duration_frames": 1159,
        "participants": [
          38
        ],
        "participant_types": [
          "Person"
        ]
      },
      {
        "activity_id": 94,
        "type": "activity_walking",
        "duration_frames": 63,
        "participants": [
          38
        ],
        "participant_types": [
          "Person"
        ]
      },
      {
        "activity_id": 95,
        "type": "activity_walking",
        "duration_frames": 982,
        "participants": [
          34
        ],
        "participant_types": [
          "Person"
        ]
      },
      {
        "activity_id": 96,
        "type": "activity_walking",
        "duration_frames": 159,
        "participants": [
          34
        ],
        "participant_types": [
          "Person"
        ]
      },
      {
        "activity_id": 97,
        "type": "activity_walking",
        "duration_frames": 52,
        "participants": [
          34
        ],
        "participant_types": [
          "Person"
        ]
      },
      {
        "activity_id": 98,
        "type": "activity_walking",
        "duration_frames": 76,
        "participants": [
          34
        ],
        "participant_types": [
          "Person"
        ]
      },
      {
        "activity_id": 99,
        "type": "activity_walking",
        "duration_frames": 934,
        "participants": [
          36
        ],
        "participant_types": [
          "Person"
        ]
      },
      {
        "activity_id": 100,
        "type": "activity_walking",
        "duration_frames": 720,
        "participants": [
          1
        ],
        "participant_types": [
          "Person"
        ]
      },
      {
        "activity_id": 101,
        "type": "activity_walking",
        "duration_frames": 176,
        "participants": [
          1
        ],
        "participant_types": [
          "Person"
        ]
      },
      {
        "activity_id": 102,
        "type": "activity_walking",
        "duration_frames": 84,
        "participants": [
          1
        ],
        "participant_types": [
          "Person"
        ]
      },
      {
        "activity_id": 103,
        "type": "activity_walking",
        "duration_frames": 344,
        "participants": [
          1
        ],
        "participant_types": [
          "Person"
        ]
      },
      {
        "activity_id": 104,
        "type": "activity_walking",
        "duration_frames": 912,
        "participants": [
          33
        ],
        "participant_types": [
          "Person"
        ]
      },
      {
        "activity_id": 105,
        "type": "activity_walking",
        "duration_frames": 1055,
        "participants": [
          4
        ],
        "participant_types": [
          "Person"
        ]
      },
      {
        "activity_id": 106,
        "type": "activity_walking",
        "duration_frames": 212,
        "participants": [
          4
        ],
        "participant_types": [
          "Person"
        ]
      },
      {
        "activity_id": 107,
        "type": "activity_walking",
        "duration_frames": 49,
        "participants": [
          4
        ],
        "participant_types": [
          "Person"
        ]
      },
      {
        "activity_id": 108,
        "type": "activity_walking",
        "duration_frames": 1048,
        "participants": [
          31
        ],
        "participant_types": [
          "Person"
        ]
      },
      {
        "activity_id": 109,
        "type": "activity_walking",
        "duration_frames": 833,
        "participants": [
          37
        ],
        "participant_types": [
          "Person"
        ]
      },
      {
        "activity_id": 110,
        "type": "activity_walking",
        "duration_frames": 110,
        "participants": [
          37
        ],
        "participant_types": [
          "Person"
        ]
      },
      {
        "activity_id": 111,
        "type": "activity_walking",
        "duration_frames": 765,
        "participants": [
          35
        ],
        "participant_types": [
          "Person"
        ]
      },
      {
        "activity_id": 112,
        "type": "activity_walking",
        "duration_frames": 105,
        "participants": [
          35
        ],
        "participant_types": [
          "Person"
        ]
      },
      {
        "activity_id": 113,
        "type": "activity_walking",
        "duration_frames": 148,
        "participants": [
          35
        ],
        "participant_types": [
          "Person"
        ]
      },
      {
        "activity_id": 114,
        "type": "activity_walking",
        "duration_frames": 189,
        "participants": [
          35
        ],
        "participant_types": [
          "Person"
        ]
      },
      {
        "activity_id": 115,
        "type": "activity_walking",
        "duration_frames": 56,
        "participants": [
          35
        ],
        "participant_types": [
          "Person"
        ]
      },
      {
        "activity_id": 116,
        "type": "activity_walking",
        "duration_frames": 805,
        "participants": [
          11
        ],
        "participant_types": [
          "Person"
        ]
      },
      {
        "activity_id": 117,
        "type": "activity_walking",
        "duration_frames": 897,
        "participants": [
          3
        ],
        "participant_types": [
          "Person"
        ]
      },
      {
        "activity_id": 118,
        "type": "activity_walking",
        "duration_frames": 200,
        "participants": [
          3
        ],
        "participant_types": [
          "Person"
        ]
      },
      {
        "activity_id": 119,
        "type": "activity_walking",
        "duration_frames": 1486,
        "participants": [
          50
        ],
        "participant_types": [
          "Person"
        ]
      },
      {
        "activity_id": 120,
        "type": "activity_walking",
        "duration_frames": 891,
        "participants": [
          2
        ],
        "participant_types": [
          "Person"
        ]
      },
      {
        "activity_id": 121,
        "type": "activity_walking",
        "duration_frames": 97,
        "participants": [
          2
        ],
        "participant_types": [
          "Person"
        ]
      },
      {
        "activity_id": 122,
        "type": "activity_walking",
        "duration_frames": 317,
        "participants": [
          2
        ],
        "participant_types": [
          "Person"
        ]
      },
      {
        "activity_id": 123,
        "type": "activity_walking",
        "duration_frames": 23,
        "participants": [
          2
        ],
        "participant_types": [
          "Person"
        ]
      },
      {
        "activity_id": 124,
        "type": "vehicle_turning_left",
        "duration_frames": 94,
        "participants": [
          10
        ],
        "participant_types": [
          "Vehicle"
        ]
      },
      {
        "activity_id": 125,
        "type": "vehicle_stopping",
        "duration_frames": 46,
        "participants": [
          28
        ],
        "participant_types": [
          "Vehicle"
        ]
      },
      {
        "activity_id": 126,
        "type": "vehicle_stopping",
        "duration_frames": 35,
        "participants": [
          28
        ],
        "participant_types": [
          "Vehicle"
        ]
      },
      {
        "activity_id": 127,
        "type": "vehicle_stopping",
        "duration_frames": 111,
        "participants": [
          42
        ],
        "participant_types": [
          "Vehicle"
        ]
      },
      {
        "activity_id": 128,
        "type": "vehicle_stopping",
        "duration_frames": 21,
        "participants": [
          45
        ],
        "participant_types": [
          "Vehicle"
        ]
      },
      {
        "activity_id": 129,
        "type": "vehicle_stopping",
        "duration_frames": 26,
        "participants": [
          45
        ],
        "participant_types": [
          "Vehicle"
        ]
      },
      {
        "activity_id": 130,
        "type": "vehicle_stopping",
        "duration_frames": 21,
        "participants": [
          46
        ],
        "participant_types": [
          "Vehicle"
        ]
      },
      {
        "activity_id": 131,
        "type": "vehicle_stopping",
        "duration_frames": 42,
        "participants": [
          27
        ],
        "participant_types": [
          "Vehicle"
        ]
      },
      {
        "activity_id": 132,
        "type": "specialized_texting_phone",
        "duration_frames": 115,
        "participants": [
          36
        ],
        "participant_types": [
          "Person"
        ]
      }
    ],
    "alerts": []
  }
}