{
  "VIRAT_S_000000": {
    "camera_id": "VIRAT_S_000000",
    "location": "Desconocida",
    "priority": "media",
    "date": "2025-05-27",
    "activity_summary": {
      "total_activities": 10,
      "activities": [
        {
          "name": "Closing 1",
          "instances": 1,
          "participants": [
            "Person"
          ]
        },
        {
          "name": "Exiting 1",
          "instances": 1,
          "participants": [
            "Person"
          ]
        },
        {
          "name": "Opening 1",
          "instances": 1,
          "participants": [
            "Person"
          ]
        },
        {
          "name": "activity_carrying 4",
          "instances": 4,
          "participants": [
            "Person"
          ]
        },
        {
          "name": "activity_standing 1",
          "instances": 1,
          "participants": [
            "Person"
          ]
        },
        {
          "name": "activity_walking 5",
          "instances": 5,
          "participants": [
            "Person"
          ]
        },
        {
          "name": "vehicle_moving 6",
          "instances": 6,
          "participants": [
            "Vehicle"
          ]
        },
        {
          "name": "vehicle_starting 1",
          "instances": 1,
          "participants": [
            "Vehicle"
          ]
        },
        {
          "name": "vehicle_stopping 5",
          "instances": 5,
          "participants": [
            "Vehicle"
          ]
        },
        {
          "name": "vehicle_turning_right 1",
          "instances": 1,
          "participants": [
            "Vehicle"
          ]
        }
      ]
    },
    "object_counts": {
      "Door 1": 1,
      "Dumpster 1": 1,
      "Parking_Meter 1": 1,
      "Person 5": 5,
      "Tree 1": 1,
      "Vehicle 62": 62
    },
    "specific_activities": [
      {
        "activity_id": 1,
        "type": "Exiting",
        "duration_frames": 81,
        "participants": [
          58,
          21
        ],
        "participant_types": [
          "Person",
          "Vehicle"
        ]
      },
      {
        "activity_id": 2,
        "type": "Opening",
        "duration_frames": 11,
        "participants": [
          58,
          21
        ],
        "participant_types": [
          "Person",
          "Vehicle"
        ]
      },
      {
        "activity_id": 3,
        "type": "Closing",
        "duration_frames": 26,
        "participants": [
          58,
          21
        ],
        "participant_types": [
          "Person",
          "Vehicle"
        ]
      },
      {
        "activity_id": 4,
        "type": "activity_carrying",
        "duration_frames": 543,
        "participants": [
          62
        ],
        "participant_types": [
          "Person"
        ]
      },
      {
        "activity_id": 5,
        "type": "activity_carrying",
        "duration_frames": 474,
        "participants": [
          64
        ],
        "participant_types": [
          "Person"
        ]
      },
      {
        "activity_id": 6,
        "type": "activity_carrying",
        "duration_frames": 843,
        "participants": [
          58
        ],
        "participant_types": [
          "Person"
        ]
      },
      {
        "activity_id": 7,
        "type": "activity_carrying",
        "duration_frames": 539,
        "participants": [
          63
        ],
        "participant_types": [
          "Person"
        ]
      },
      {
        "activity_id": 8,
        "type": "vehicle_starting",
        "duration_frames": 240,
        "participants": [
          55
        ],
        "participant_types": [
          "Vehicle"
        ]
      },
      {
        "activity_id": 9,
        "type": "activity_standing",
        "duration_frames": 67,
        "participants": [
          58
        ],
        "participant_types": [
          "Person"
        ]
      },
      {
        "activity_id": 10,
        "type": "vehicle_turning_right",
        "duration_frames": 82,
        "participants": [
          66
        ],
        "participant_types": [
          "Vehicle"
        ]
      },
      {
        "activity_id": 11,
        "type": "activity_walking",
        "duration_frames": 539,
        "participants": [
          63
        ],
        "participant_types": [
          "Person"
        ]
      },
      {
        "activity_id": 12,
        "type": "activity_walking",
        "duration_frames": 543,
        "participants": [
          62
        ],
        "participant_types": [
          "Person"
        ]
      },
      {
        "activity_id": 13,
        "type": "activity_walking",
        "duration_frames": 518,
        "participants": [
          64
        ],
        "participant_types": [
          "Person"
        ]
      },
      {
        "activity_id": 14,
        "type": "activity_walking",
        "duration_frames": 790,
        "participants": [
          58
        ],
        "participant_types": [
          "Person"
        ]
      },
      {
        "activity_id": 15,
        "type": "activity_walking",
        "duration_frames": 1141,
        "participants": [
          57
        ],
        "participant_types": [
          "Person"
        ]
      },
      {
        "activity_id": 16,
        "type": "vehicle_stopping",
        "duration_frames": 82,
        "participants": [
          60
        ],
        "participant_types": [
          "Vehicle"
        ]
      },
      {
        "activity_id": 17,
        "type": "vehicle_stopping",
        "duration_frames": 66,
        "participants": [
          61
        ],
        "participant_types": [
          "Vehicle"
        ]
      },
      {
        "activity_id": 18,
        "type": "vehicle_stopping",
        "duration_frames": 77,
        "participants": [
          55
        ],
        "participant_types": [
          "Vehicle"
        ]
      },
      {
        "activity_id": 19,
        "type": "vehicle_stopping",
        "duration_frames": 193,
        "participants": [
          65
        ],
        "participant_types": [
          "Vehicle"
        ]
      },
      {
        "activity_id": 20,
        "type": "vehicle_stopping",
        "duration_frames": 68,
        "participants": [
          65
        ],
        "participant_types": [
          "Vehicle"
        ]
      },
      {
        "activity_id": 21,
        "type": "vehicle_moving",
        "duration_frames": 440,
        "participants": [
          65
        ],
        "participant_types": [
          "Vehicle"
        ]
      },
      {
        "activity_id": 22,
        "type": "vehicle_moving",
        "duration_frames": 180,
        "participants": [
          66
        ],
        "participant_types": [
          "Vehicle"
        ]
      },
      {
        "activity_id": 23,
        "type": "vehicle_moving",
        "duration_frames": 163,
        "participants": [
          60
        ],
        "participant_types": [
          "Vehicle"
        ]
      },
      {
        "activity_id": 24,
        "type": "vehicle_moving",
        "duration_frames": 314,
        "participants": [
          61
        ],
        "participant_types": [
          "Vehicle"
        ]
      },
      {
        "activity_id": 25,
        "type": "vehicle_moving",
        "duration_frames": 571,
        "participants": [
          55
        ],
        "participant_types": [
          "Vehicle"
        ]
      },
      {
        "activity_id": 26,
        "type": "vehicle_moving",
        "duration_frames": 34,
        "participants": [
          59
        ],
        "participant_types": [
          "Vehicle"
        ]
      }
    ],
    "alerts": []
  }
}