{
  "VIRAT_S_000000": {
    "camera_id": "VIRAT_S_000000",
    "location": "Desconocida",
    "priority": "media",
    "date": "2025-05-27",
    "activity_summary": {
      "total_activities": 21,
      "activities": [
        {
          "name": "Closing 3",
          "instances": 3,
          "participants": [
            "Person"
          ]
        },
        {
          "name": "Closing_Trunk 1",
          "instances": 1,
          "participants": [
            "Person"
          ]
        },
        {
          "name": "DropOff_Person_Vehicle 1",
          "instances": 1,
          "participants": [
            "Person"
          ]
        },
        {
          "name": "Exiting 2",
          "instances": 2,
          "participants": [
            "Person"
          ]
        },
        {
          "name": "Loading 1",
          "instances": 1,
          "participants": [
            "Person"
          ]
        },
        {
          "name": "Open_Trunk 1",
          "instances": 1,
          "participants": [
            "Person"
          ]
        },
        {
          "name": "Opening 3",
          "instances": 3,
          "participants": [
            "Person"
          ]
        },
        {
          "name": "PickUp 1",
          "instances": 1,
          "participants": [
            "Person"
          ]
        },
        {
          "name": "PickUp_Person_Vehicle 1",
          "instances": 1,
          "participants": [
            "Person"
          ]
        },
        {
          "name": "Pull 1",
          "instances": 1,
          "participants": [
            "Person"
          ]
        },
        {
          "name": "SetDown 2",
          "instances": 2,
          "participants": [
            "Person"
          ]
        },
        {
          "name": "Transport_HeavyCarry 2",
          "instances": 2,
          "participants": [
            "Person"
          ]
        },
        {
          "name": "Unloading 1",
          "instances": 1,
          "participants": [
            "Person"
          ]
        },
        {
          "name": "activity_carrying 4",
          "instances": 4,
          "participants": [
            "Person"
          ]
        },
        {
          "name": "activity_standing 7",
          "instances": 7,
          "participants": [
            "Person"
          ]
        },
        {
          "name": "activity_walking 13",
          "instances": 13,
          "participants": [
            "Person"
          ]
        },
        {
          "name": "vehicle_moving 8",
          "instances": 8,
          "participants": [
            "Vehicle"
          ]
        },
        {
          "name": "vehicle_starting 3",
          "instances": 3,
          "participants": [
            "Vehicle"
          ]
        },
        {
          "name": "vehicle_stopping 4",
          "instances": 4,
          "participants": [
            "Vehicle"
          ]
        },
        {
          "name": "vehicle_turning_left 4",
          "instances": 4,
          "participants": [
            "Vehicle"
          ]
        },
        {
          "name": "vehicle_turning_right 7",
          "instances": 7,
          "participants": [
            "Vehicle"
          ]
        }
      ]
    },
    "object_counts": {
      "Person 7": 7,
      "Push_Pulled_Object 1": 1,
      "Tree 10": 10,
      "Vehicle 13": 13
    },
    "specific_activities": [
      {
        "activity_id": 1,
        "type": "Open_Trunk",
        "duration_frames": 77,
        "participants": [
          17,
          20
        ],
        "participant_types": [
          "Vehicle",
          "Person"
        ]
      },
      {
        "activity_id": 2,
        "type": "Closing_Trunk",
        "duration_frames": 69,
        "participants": [
          17,
          20
        ],
        "participant_types": [
          "Vehicle",
          "Person"
        ]
      },
      {
        "activity_id": 3,
        "type": "Loading",
        "duration_frames": 45,
        "participants": [
          38,
          24
        ],
        "participant_types": [
          "Person",
          "Vehicle"
        ]
      },
      {
        "activity_id": 4,
        "type": "Unloading",
        "duration_frames": 64,
        "participants": [
          20,
          17,
          11
        ],
        "participant_types": [
          "Person",
          "Vehicle",
          "Push_Pulled_Object"
        ]
      },
      {
        "activity_id": 5,
        "type": "PickUp_Person_Vehicle",
        "duration_frames": 313,
        "participants": [
          38,
          24
        ],
        "participant_types": [
          "Person",
          "Vehicle"
        ]
      },
      {
        "activity_id": 6,
        "type": "DropOff_Person_Vehicle",
        "duration_frames": 262,
        "participants": [
          17,
          20
        ],
        "participant_types": [
          "Vehicle",
          "Person"
        ]
      },
      {
        "activity_id": 7,
        "type": "Transport_HeavyCarry",
        "duration_frames": 234,
        "participants": [
          11,
          20
        ],
        "participant_types": [
          "Push_Pulled_Object",
          "Person"
        ]
      },
      {
        "activity_id": 8,
        "type": "Transport_HeavyCarry",
        "duration_frames": 35,
        "participants": [
          11,
          20
        ],
        "participant_types": [
          "Push_Pulled_Object",
          "Person"
        ]
      },
      {
        "activity_id": 9,
        "type": "Pull",
        "duration_frames": 268,
        "participants": [
          20,
          11
        ],
        "participant_types": [
          "Person",
          "Push_Pulled_Object"
        ]
      },
      {
        "activity_id": 10,
        "type": "Exiting",
        "duration_frames": 43,
        "participants": [
          17,
          20
        ],
        "participant_types": [
          "Vehicle",
          "Person"
        ]
      },
      {
        "activity_id": 11,
        "type": "Exiting",
        "duration_frames": 65,
        "participants": [
          29,
          25
        ],
        "participant_types": [
          "Vehicle",
          "Person"
        ]
      },
      {
        "activity_id": 12,
        "type": "Opening",
        "duration_frames": 16,
        "participants": [
          24,
          38
        ],
        "participant_types": [
          "Vehicle",
          "Person"
        ]
      },
      {
        "activity_id": 13,
        "type": "Opening",
        "duration_frames": 20,
        "participants": [
          24,
          38
        ],
        "participant_types": [
          "Vehicle",
          "Person"
        ]
      },
      {
        "activity_id": 14,
        "type": "Opening",
        "duration_frames": 58,
        "participants": [
          24,
          38
        ],
        "participant_types": [
          "Vehicle",
          "Person"
        ]
      },
      {
        "activity_id": 15,
        "type": "Closing",
        "duration_frames": 15,
        "participants": [
          17,
          20
        ],
        "participant_types": [
          "Vehicle",
          "Person"
        ]
      },
      {
        "activity_id": 16,
        "type": "Closing",
        "duration_frames": 17,
        "participants": [
          24,
          38
        ],
        "participant_types": [
          "Vehicle",
          "Person"
        ]
      },
      {
        "activity_id": 17,
        "type": "Closing",
        "duration_frames": 69,
        "participants": [
          25,
          29
        ],
        "participant_types": [
          "Person",
          "Vehicle"
        ]
      },
      {
        "activity_id": 18,
        "type": "PickUp",
        "duration_frames": 19,
        "participants": [
          20,
          11
        ],
        "participant_types": [
          "Person",
          "Push_Pulled_Object"
        ]
      },
      {
        "activity_id": 19,
        "type": "SetDown",
        "duration_frames": 18,
        "participants": [
          11,
          20
        ],
        "participant_types": [
          "Push_Pulled_Object",
          "Person"
        ]
      },
      {
        "activity_id": 20,
        "type": "SetDown",
        "duration_frames": 16,
        "participants": [
          11,
          20
        ],
        "participant_types": [
          "Push_Pulled_Object",
          "Person"
        ]
      },
      {
        "activity_id": 21,
        "type": "activity_standing",
        "duration_frames": 812,
        "participants": [
          38
        ],
        "participant_types": [
          "Person"
        ]
      },
      {
        "activity_id": 22,
        "type": "activity_standing",
        "duration_frames": 102,
        "participants": [
          38
        ],
        "participant_types": [
          "Person"
        ]
      },
      {
        "activity_id": 23,
        "type": "activity_standing",
        "duration_frames": 69,
        "participants": [
          38
        ],
        "participant_types": [
          "Person"
        ]
      },
      {
        "activity_id": 24,
        "type": "activity_standing",
        "duration_frames": 40,
        "participants": [
          25
        ],
        "participant_types": [
          "Person"
        ]
      },
      {
        "activity_id": 25,
        "type": "activity_standing",
        "duration_frames": 141,
        "participants": [
          20
        ],
        "participant_types": [
          "Person"
        ]
      },
      {
        "activity_id": 26,
        "type": "activity_standing",
        "duration_frames": 260,
        "participants": [
          20
        ],
        "participant_types": [
          "Person"
        ]
      },
      {
        "activity_id": 27,
        "type": "activity_standing",
        "duration_frames": 132,
        "participants": [
          20
        ],
        "participant_types": [
          "Person"
        ]
      },
      {
        "activity_id": 28,
        "type": "vehicle_turning_left",
        "duration_frames": 144,
        "participants": [
          17
        ],
        "participant_types": [
          "Vehicle"
        ]
      },
      {
        "activity_id": 29,
        "type": "vehicle_turning_left",
        "duration_frames": 64,
        "participants": [
          17
        ],
        "participant_types": [
          "Vehicle"
        ]
      },
      {
        "activity_id": 30,
        "type": "vehicle_turning_left",
        "duration_frames": 162,
        "participants": [
          24
        ],
        "participant_types": [
          "Vehicle"
        ]
      },
      {
        "activity_id": 31,
        "type": "vehicle_turning_left",
        "duration_frames": 56,
        "participants": [
          24
        ],
        "participant_types": [
          "Vehicle"
        ]
      },
      {
        "activity_id": 32,
        "type": "vehicle_starting",
        "duration_frames": 41,
        "participants": [
          24
        ],
        "participant_types": [
          "Vehicle"
        ]
      },
      {
        "activity_id": 33,
        "type": "vehicle_starting",
        "duration_frames": 51,
        "participants": [
          17
        ],
        "participant_types": [
          "Vehicle"
        ]
      },
      {
        "activity_id": 34,
        "type": "vehicle_starting",
        "duration_frames": 84,
        "participants": [
          17
        ],
        "participant_types": [
          "Vehicle"
        ]
      },
      {
        "activity_id": 35,
        "type": "vehicle_stopping",
        "duration_frames": 35,
        "participants": [
          29
        ],
        "participant_types": [
          "Vehicle"
        ]
      },
      {
        "activity_id": 36,
        "type": "vehicle_stopping",
        "duration_frames": 69,
        "participants": [
          17
        ],
        "participant_types": [
          "Vehicle"
        ]
      },
      {
        "activity_id": 37,
        "type": "vehicle_stopping",
        "duration_frames": 30,
        "participants": [
          17
        ],
        "participant_types": [
          "Vehicle"
        ]
      },
      {
        "activity_id": 38,
        "type": "vehicle_stopping",
        "duration_frames": 70,
        "participants": [
          24
        ],
        "participant_types": [
          "Vehicle"
        ]
      },
      {
        "activity_id": 39,
        "type": "vehicle_turning_right",
        "duration_frames": 99,
        "participants": [
          24
        ],
        "participant_types": [
          "Vehicle"
        ]
      },
      {
        "activity_id": 40,
        "type": "vehicle_turning_right",
        "duration_frames": 102,
        "participants": [
          24
        ],
        "participant_types": [
          "Vehicle"
        ]
      },
      {
        "activity_id": 41,
        "type": "vehicle_turning_right",
        "duration_frames": 84,
        "participants": [
          24
        ],
        "participant_types": [
          "Vehicle"
        ]
      },
      {
        "activity_id": 42,
        "type": "vehicle_turning_right",
        "duration_frames": 37,
        "participants": [
          17
        ],
        "participant_types": [
          "Vehicle"
        ]
      },
      {
        "activity_id": 43,
        "type": "vehicle_turning_right",
        "duration_frames": 146,
        "participants": [
          17
        ],
        "participant_types": [
          "Vehicle"
        ]
      },
      {
        "activity_id": 44,
        "type": "vehicle_turning_right",
        "duration_frames": 134,
        "participants": [
          17
        ],
        "participant_types": [
          "Vehicle"
        ]
      },
      {
        "activity_id": 45,
        "type": "vehicle_turning_right",
        "duration_frames": 97,
        "participants": [
          17
        ],
        "participant_types": [
          "Vehicle"
        ]
      },
      {
        "activity_id": 46,
        "type": "vehicle_moving",
        "duration_frames": 46,
        "participants": [
          16
        ],
        "participant_types": [
          "Vehicle"
        ]
      },
      {
        "activity_id": 47,
        "type": "vehicle_moving",
        "duration_frames": 370,
        "participants": [
          24
        ],
        "participant_types": [
          "Vehicle"
        ]
      },
      {
        "activity_id": 48,
        "type": "vehicle_moving",
        "duration_frames": 539,
        "participants": [
          24
        ],
        "participant_types": [
          "Vehicle"
        ]
      },
      {
        "activity_id": 49,
        "type": "vehicle_moving",
        "duration_frames": 367,
        "participants": [
          17
        ],
        "participant_types": [
          "Vehicle"
        ]
      },
      {
        "activity_id": 50,
        "type": "vehicle_moving",
        "duration_frames": 235,
        "participants": [
          17
        ],
        "participant_types": [
          "Vehicle"
        ]
      },
      {
        "activity_id": 51,
        "type": "vehicle_moving",
        "duration_frames": 406,
        "participants": [
          17
        ],
        "participant_types": [
          "Vehicle"
        ]
      },
      {
        "activity_id": 52,
        "type": "vehicle_moving",
        "duration_frames": 155,
        "participants": [
          29
        ],
        "participant_types": [
          "Vehicle"
        ]
      },
      {
        "activity_id": 53,
        "type": "vehicle_moving",
        "duration_frames": 52,
        "participants": [
          15
        ],
        "participant_types": [
          "Vehicle"
        ]
      },
      {
        "activity_id": 54,
        "type": "activity_carrying",
        "duration_frames": 1043,
        "participants": [
          38
        ],
        "participant_types": [
          "Person"
        ]
      },
      {
        "activity_id": 55,
        "type": "activity_carrying",
        "duration_frames": 143,
        "participants": [
          38
        ],
        "participant_types": [
          "Person"
        ]
      },
      {
        "activity_id": 56,
        "type": "activity_carrying",
        "duration_frames": 272,
        "participants": [
          20
        ],
        "participant_types": [
          "Person"
        ]
      },
      {
        "activity_id": 57,
        "type": "activity_carrying",
        "duration_frames": 18,
        "participants": [
          20
        ],
        "participant_types": [
          "Person"
        ]
      },
      {
        "activity_id": 58,
        "type": "activity_walking",
        "duration_frames": 858,
        "participants": [
          14
        ],
        "participant_types": [
          "Person"
        ]
      },
      {
        "activity_id": 59,
        "type": "activity_walking",
        "duration_frames": 477,
        "participants": [
          25
        ],
        "participant_types": [
          "Person"
        ]
      },
      {
        "activity_id": 60,
        "type": "activity_walking",
        "duration_frames": 82,
        "participants": [
          20
        ],
        "participant_types": [
          "Person"
        ]
      },
      {
        "activity_id": 61,
        "type": "activity_walking",
        "duration_frames": 96,
        "participants": [
          20
        ],
        "participant_types": [
          "Person"
        ]
      },
      {
        "activity_id": 62,
        "type": "activity_walking",
        "duration_frames": 277,
        "participants": [
          20
        ],
        "participant_types": [
          "Person"
        ]
      },
      {
        "activity_id": 63,
        "type": "activity_walking",
        "duration_frames": 731,
        "participants": [
          36
        ],
        "participant_types": [
          "Person"
        ]
      },
      {
        "activity_id": 64,
        "type": "activity_walking",
        "duration_frames": 102,
        "participants": [
          36
        ],
        "participant_types": [
          "Person"
        ]
      },
      {
        "activity_id": 65,
        "type": "activity_walking",
        "duration_frames": 224,
        "participants": [
          38
        ],
        "participant_types": [
          "Person"
        ]
      },
      {
        "activity_id": 66,
        "type": "activity_walking",
        "duration_frames": 136,
        "participants": [
          38
        ],
        "participant_types": [
          "Person"
        ]
      },
      {
        "activity_id": 67,
        "type": "activity_walking",
        "duration_frames": 29,
        "participants": [
          38
        ],
        "participant_types": [
          "Person"
        ]
      },
      {
        "activity_id": 68,
        "type": "activity_walking",
        "duration_frames": 367,
        "participants": [
          21
        ],
        "participant_types": [
          "Person"
        ]
      },
      {
        "activity_id": 69,
        "type": "activity_walking",
        "duration_frames": 729,
        "participants": [
          21
        ],
        "participant_types": [
          "Person"
        ]
      },
      {
        "activity_id": 70,
        "type": "activity_walking",
        "duration_frames": 681,
        "participants": [
          5
        ],
        "participant_types": [
          "Person"
        ]
      }
    ],
    "alerts": []
  }
}