{
  "VIRAT_S_000000": {
    "camera_id": "VIRAT_S_000000",
    "location": "Desconocida",
    "priority": "media",
    "date": "2025-05-27",
    "activity_summary": {
      "total_activities": 6,
      "activities": [
        {
          "name": "Interacts 1",
          "instances": 1,
          "participants": [
            "Person"
          ]
        },
        {
          "name": "activity_standing 2",
          "instances": 2,
          "participants": [
            "Person"
          ]
        },
        {
          "name": "activity_walking 2",
          "instances": 2,
          "participants": [
            "Person"
          ]
        },
        {
          "name": "vehicle_moving 5",
          "instances": 5,
          "participants": [
            "Vehicle"
          ]
        },
        {
          "name": "vehicle_stopping 2",
          "instances": 2,
          "participants": [
            "Vehicle"
          ]
        },
        {
          "name": "vehicle_turning_left 2",
          "instances": 2,
          "participants": [
            "Vehicle"
          ]
        }
      ]
    },
    "object_counts": {
      "Door 1": 1,
      "Dumpster 1": 1,
      "Parking_Meter 1": 1,
      "Person 3": 3,
      "Tree 1": 1,
      "Vehicle 37": 37
    },
    "specific_activities": [
      {
        "activity_id": 1,
        "type": "Interacts",
        "duration_frames": 427,
        "participants": [
          5000,
          0
        ],
        "participant_types": [
          "Parking_Meter",
          "Person"
        ]
      },
      {
        "activity_id": 2,
        "type": "vehicle_moving",
        "duration_frames": 307,
        "participants": [
          5
        ],
        "participant_types": [
          "Vehicle"
        ]
      },
      {
        "activity_id": 3,
        "type": "vehicle_moving",
        "duration_frames": 171,
        "participants": [
          3
        ],
        "participant_types": [
          "Vehicle"
        ]
      },
      {
        "activity_id": 4,
        "type": "vehicle_moving",
        "duration_frames": 205,
        "participants": [
          4
        ],
        "participant_types": [
          "Vehicle"
        ]
      },
      {
        "activity_id": 5,
        "type": "vehicle_moving",
        "duration_frames": 307,
        "participants": [
          1
        ],
        "participant_types": [
          "Vehicle"
        ]
      },
      {
        "activity_id": 6,
        "type": "vehicle_moving",
        "duration_frames": 102,
        "participants": [
          2
        ],
        "participant_types": [
          "Vehicle"
        ]
      },
      {
        "activity_id": 7,
        "type": "activity_walking",
        "duration_frames": 134,
        "participants": [
          6
        ],
        "participant_types": [
          "Person"
        ]
      },
      {
        "activity_id": 8,
        "type": "activity_walking",
        "duration_frames": 231,
        "participants": [
          0
        ],
        "participant_types": [
          "Person"
        ]
      },
      {
        "activity_id": 9,
        "type": "activity_standing",
        "duration_frames": 434,
        "participants": [
          0
        ],
        "participant_types": [
          "Person"
        ]
      },
      {
        "activity_id": 10,
        "type": "activity_standing",
        "duration_frames": 1286,
        "participants": [
          14
        ],
        "participant_types": [
          "Person"
        ]
      },
      {
        "activity_id": 11,
        "type": "vehicle_stopping",
        "duration_frames": 64,
        "participants": [
          4
        ],
        "participant_types": [
          "Vehicle"
        ]
      },
      {
        "activity_id": 12,
        "type": "vehicle_stopping",
        "duration_frames": 48,
        "participants": [
          1
        ],
        "participant_types": [
          "Vehicle"
        ]
      },
      {
        "activity_id": 13,
        "type": "vehicle_turning_left",
        "duration_frames": 103,
        "participants": [
          5
        ],
        "participant_types": [
          "Vehicle"
        ]
      },
      {
        "activity_id": 14,
        "type": "vehicle_turning_left",
        "duration_frames": 29,
        "participants": [
          1
        ],
        "participant_types": [
          "Vehicle"
        ]
      }
    ],
    "alerts": []
  }
}