{
  "VIRAT_S_000000": {
    "camera_id": "VIRAT_S_000000",
    "location": "Desconocida",
    "priority": "media",
    "date": "2025-05-27",
    "activity_summary": {
      "total_activities": 22,
      "activities": [
        {
          "name": "Closing 7",
          "instances": 7,
          "participants": [
            "Person"
          ]
        },
        {
          "name": "Entering 4",
          "instances": 4,
          "participants": [
            "Person"
          ]
        },
        {
          "name": "Exiting 3",
          "instances": 3,
          "participants": [
            "Person"
          ]
        },
        {
          "name": "Interacts 11",
          "instances": 11,
          "participants": [
            "Person"
          ]
        },
        {
          "name": "Object_Transfer 2",
          "instances": 2,
          "participants": [
            "Person"
          ]
        },
        {
          "name": "Opening 7",
          "instances": 7,
          "participants": [
            "Person"
          ]
        },
        {
          "name": "Person_Person_Interaction 4",
          "instances": 4,
          "participants": [
            "Person"
          ]
        },
        {
          "name": "Talking 14",
          "instances": 14,
          "participants": [
            "Person"
          ]
        },
        {
          "name": "Transport_HeavyCarry 3",
          "instances": 3,
          "participants": [
            "Person"
          ]
        },
        {
          "name": "Unloading 2",
          "instances": 2,
          "participants": [
            "Person"
          ]
        },
        {
          "name": "activity_carrying 6",
          "instances": 6,
          "participants": [
            "Person"
          ]
        },
        {
          "name": "activity_gesturing 40",
          "instances": 40,
          "participants": [
            "Person"
          ]
        },
        {
          "name": "activity_sitting 1",
          "instances": 1,
          "participants": [
            "Person"
          ]
        },
        {
          "name": "activity_standing 50",
          "instances": 50,
          "participants": [
            "Person"
          ]
        },
        {
          "name": "activity_walking 52",
          "instances": 52,
          "participants": [
            "Person"
          ]
        },
        {
          "name": "specialized_talking_phone 1",
          "instances": 1,
          "participants": [
            "Person"
          ]
        },
        {
          "name": "specialized_texting_phone 1",
          "instances": 1,
          "participants": [
            "Person"
          ]
        },
        {
          "name": "vehicle_moving 7",
          "instances": 7,
          "participants": [
            "Vehicle"
          ]
        },
        {
          "name": "vehicle_starting 6",
          "instances": 6,
          "participants": [
            "Vehicle"
          ]
        },
        {
          "name": "vehicle_stopping 6",
          "instances": 6,
          "participants": [
            "Vehicle"
          ]
        },
        {
          "name": "vehicle_turning_left 5",
          "instances": 5,
          "participants": [
            "Vehicle"
          ]
        },
        {
          "name": "vehicle_turning_right 6",
          "instances": 6,
          "participants": [
            "Vehicle"
          ]
        }
      ]
    },
    "object_counts": {
      "Other 7": 7,
      "Person 11": 11,
      "Vehicle 3": 3
    },
    "specific_activities": [
      {
        "activity_id": 1,
        "type": "Talking",
        "duration_frames": 21,
        "participants": [
          19,
          20
        ],
        "participant_types": [
          "Person",
          "Person"
        ]
      },
      {
        "activity_id": 2,
        "type": "Talking",
        "duration_frames": 278,
        "participants": [
          19,
          22,
          20
        ],
        "participant_types": [
          "Person",
          "Person",
          "Person"
        ]
      },
      {
        "activity_id": 3,
        "type": "Talking",
        "duration_frames": 290,
        "participants": [
          19,
          21,
          20,
          22
        ],
        "participant_types": [
          "Person",
          "Person",
          "Person",
          "Person"
        ]
      },
      {
        "activity_id": 4,
        "type": "Talking",
        "duration_frames": 59,
        "participants": [
          19,
          21,
          20
        ],
        "participant_types": [
          "Person",
          "Person",
          "Person"
        ]
      },
      {
        "activity_id": 5,
        "type": "Talking",
        "duration_frames": 323,
        "participants": [
          22,
          19,
          21,
          20
        ],
        "participant_types": [
          "Person",
          "Person",
          "Person",
          "Person"
        ]
      },
      {
        "activity_id": 6,
        "type": "Talking",
        "duration_frames": 116,
        "participants": [
          21,
          19,
          22
        ],
        "participant_types": [
          "Person",
          "Person",
          "Person"
        ]
      },
      {
        "activity_id": 7,
        "type": "Talking",
        "duration_frames": 590,
        "participants": [
          21,
          20,
          19,
          22
        ],
        "participant_types": [
          "Person",
          "Person",
          "Person",
          "Person"
        ]
      },
      {
        "activity_id": 8,
        "type": "Talking",
        "duration_frames": 532,
        "participants": [
          4,
          25
        ],
        "participant_types": [
          "Person",
          "Person"
        ]
      },
      {
        "activity_id": 9,
        "type": "Talking",
        "duration_frames": 6218,
        "participants": [
          20,
          21
        ],
        "participant_types": [
          "Person",
          "Person"
        ]
      },
      {
        "activity_id": 10,
        "type": "Talking",
        "duration_frames": 115,
        "participants": [
          4,
          10
        ],
        "participant_types": [
          "Person",
          "Person"
        ]
      },
      {
        "activity_id": 11,
        "type": "Talking",
        "duration_frames": 269,
        "participants": [
          25,
          19,
          22
        ],
        "participant_types": [
          "Person",
          "Person",
          "Person"
        ]
      },
      {
        "activity_id": 12,
        "type": "Talking",
        "duration_frames": 3313,
        "participants": [
          19,
          22,
          25
        ],
        "participant_types": [
          "Person",
          "Person",
          "Person"
        ]
      },
      {
        "activity_id": 13,
        "type": "Talking",
        "duration_frames": 104,
        "participants": [
          13,
          18
        ],
        "participant_types": [
          "Person",
          "Person"
        ]
      },
      {
        "activity_id": 14,
        "type": "Talking",
        "duration_frames": 275,
        "participants": [
          25,
          22,
          19
        ],
        "participant_types": [
          "Person",
          "Person",
          "Person"
        ]
      },
      {
        "activity_id": 15,
        "type": "Person_Person_Interaction",
        "duration_frames": 34,
        "participants": [
          10,
          4
        ],
        "participant_types": [
          "Person",
          "Person"
        ]
      },
      {
        "activity_id": 16,
        "type": "Person_Person_Interaction",
        "duration_frames": 97,
        "participants": [
          22,
          19
        ],
        "participant_types": [
          "Person",
          "Person"
        ]
      },
      {
        "activity_id": 17,
        "type": "Person_Person_Interaction",
        "duration_frames": 31,
        "participants": [
          10,
          4
        ],
        "participant_types": [
          "Person",
          "Person"
        ]
      },
      {
        "activity_id": 18,
        "type": "Person_Person_Interaction",
        "duration_frames": 30,
        "participants": [
          13,
          18
        ],
        "participant_types": [
          "Person",
          "Person"
        ]
      },
      {
        "activity_id": 19,
        "type": "Interacts",
        "duration_frames": 477,
        "participants": [
          19,
          5001
        ],
        "participant_types": [
          "Person",
          "Other"
        ]
      },
      {
        "activity_id": 20,
        "type": "Interacts",
        "duration_frames": 7,
        "participants": [
          21,
          5001
        ],
        "participant_types": [
          "Person",
          "Other"
        ]
      },
      {
        "activity_id": 21,
        "type": "Interacts",
        "duration_frames": 10,
        "participants": [
          21,
          5001
        ],
        "participant_types": [
          "Person",
          "Other"
        ]
      },
      {
        "activity_id": 22,
        "type": "Interacts",
        "duration_frames": 25,
        "participants": [
          20,
          5001
        ],
        "participant_types": [
          "Person",
          "Other"
        ]
      },
      {
        "activity_id": 23,
        "type": "Interacts",
        "duration_frames": 26,
        "participants": [
          20,
          5001
        ],
        "participant_types": [
          "Person",
          "Other"
        ]
      },
      {
        "activity_id": 24,
        "type": "Interacts",
        "duration_frames": 20,
        "participants": [
          20,
          5001
        ],
        "participant_types": [
          "Person",
          "Other"
        ]
      },
      {
        "activity_id": 25,
        "type": "Interacts",
        "duration_frames": 33,
        "participants": [
          5001,
          20
        ],
        "participant_types": [
          "Other",
          "Person"
        ]
      },
      {
        "activity_id": 26,
        "type": "Interacts",
        "duration_frames": 11,
        "participants": [
          20,
          5001
        ],
        "participant_types": [
          "Person",
          "Other"
        ]
      },
      {
        "activity_id": 27,
        "type": "Interacts",
        "duration_frames": 1823,
        "participants": [
          21,
          5001
        ],
        "participant_types": [
          "Person",
          "Other"
        ]
      },
      {
        "activity_id": 28,
        "type": "Interacts",
        "duration_frames": 63,
        "participants": [
          21,
          5001
        ],
        "participant_types": [
          "Person",
          "Other"
        ]
      },
      {
        "activity_id": 29,
        "type": "Interacts",
        "duration_frames": 43,
        "participants": [
          20,
          5001
        ],
        "participant_types": [
          "Person",
          "Other"
        ]
      },
      {
        "activity_id": 30,
        "type": "Unloading",
        "duration_frames": 49,
        "participants": [
          13,
          11,
          32
        ],
        "participant_types": [
          "Person",
          "Vehicle",
          "Other"
        ]
      },
      {
        "activity_id": 31,
        "type": "Unloading",
        "duration_frames": 13,
        "participants": [
          10,
          5,
          31
        ],
        "participant_types": [
          "Person",
          "Vehicle",
          "Other"
        ]
      },
      {
        "activity_id": 32,
        "type": "Object_Transfer",
        "duration_frames": 30,
        "participants": [
          10,
          31,
          4
        ],
        "participant_types": [
          "Person",
          "Other",
          "Person"
        ]
      },
      {
        "activity_id": 33,
        "type": "Object_Transfer",
        "duration_frames": 34,
        "participants": [
          13,
          32,
          18
        ],
        "participant_types": [
          "Person",
          "Other",
          "Person"
        ]
      },
      {
        "activity_id": 34,
        "type": "Transport_HeavyCarry",
        "duration_frames": 260,
        "participants": [
          30,
          1
        ],
        "participant_types": [
          "Other",
          "Person"
        ]
      },
      {
        "activity_id": 35,
        "type": "Transport_HeavyCarry",
        "duration_frames": 443,
        "participants": [
          4,
          31
        ],
        "participant_types": [
          "Person",
          "Other"
        ]
      },
      {
        "activity_id": 36,
        "type": "Transport_HeavyCarry",
        "duration_frames": 442,
        "participants": [
          32,
          18
        ],
        "participant_types": [
          "Other",
          "Person"
        ]
      },
      {
        "activity_id": 37,
        "type": "Exiting",
        "duration_frames": 45,
        "participants": [
          10,
          5
        ],
        "participant_types": [
          "Person",
          "Vehicle"
        ]
      },
      {
        "activity_id": 38,
        "type": "Exiting",
        "duration_frames": 40,
        "participants": [
          10,
          5
        ],
        "participant_types": [
          "Person",
          "Vehicle"
        ]
      },
      {
        "activity_id": 39,
        "type": "Exiting",
        "duration_frames": 29,
        "participants": [
          13,
          11
        ],
        "participant_types": [
          "Person",
          "Vehicle"
        ]
      },
      {
        "activity_id": 40,
        "type": "Entering",
        "duration_frames": 47,
        "participants": [
          1,
          3
        ],
        "participant_types": [
          "Person",
          "Vehicle"
        ]
      },
      {
        "activity_id": 41,
        "type": "Entering",
        "duration_frames": 126,
        "participants": [
          10,
          5
        ],
        "participant_types": [
          "Person",
          "Vehicle"
        ]
      },
      {
        "activity_id": 42,
        "type": "Entering",
        "duration_frames": 124,
        "participants": [
          10,
          5
        ],
        "participant_types": [
          "Person",
          "Vehicle"
        ]
      },
      {
        "activity_id": 43,
        "type": "Entering",
        "duration_frames": 36,
        "participants": [
          13,
          11
        ],
        "participant_types": [
          "Person",
          "Vehicle"
        ]
      },
      {
        "activity_id": 44,
        "type": "Opening",
        "duration_frames": 59,
        "participants": [
          1,
          3
        ],
        "participant_types": [
          "Person",
          "Vehicle"
        ]
      },
      {
        "activity_id": 45,
        "type": "Opening",
        "duration_frames": 49,
        "participants": [
          10,
          5
        ],
        "participant_types": [
          "Person",
          "Vehicle"
        ]
      },
      {
        "activity_id": 46,
        "type": "Opening",
        "duration_frames": 59,
        "participants": [
          10,
          5
        ],
        "participant_types": [
          "Person",
          "Vehicle"
        ]
      },
      {
        "activity_id": 47,
        "type": "Opening",
        "duration_frames": 63,
        "participants": [
          10,
          5
        ],
        "participant_types": [
          "Person",
          "Vehicle"
        ]
      },
      {
        "activity_id": 48,
        "type": "Opening",
        "duration_frames": 66,
        "participants": [
          10,
          5
        ],
        "participant_types": [
          "Person",
          "Vehicle"
        ]
      },
      {
        "activity_id": 49,
        "type": "Opening",
        "duration_frames": 32,
        "participants": [
          13,
          11
        ],
        "participant_types": [
          "Person",
          "Vehicle"
        ]
      },
      {
        "activity_id": 50,
        "type": "Opening",
        "duration_frames": 30,
        "participants": [
          13,
          11
        ],
        "participant_types": [
          "Person",
          "Vehicle"
        ]
      },
      {
        "activity_id": 51,
        "type": "Closing",
        "duration_frames": 79,
        "participants": [
          1,
          3
        ],
        "participant_types": [
          "Person",
          "Vehicle"
        ]
      },
      {
        "activity_id": 52,
        "type": "Closing",
        "duration_frames": 52,
        "participants": [
          10,
          5
        ],
        "participant_types": [
          "Person",
          "Vehicle"
        ]
      },
      {
        "activity_id": 53,
        "type": "Closing",
        "duration_frames": 22,
        "participants": [
          10,
          5
        ],
        "participant_types": [
          "Person",
          "Vehicle"
        ]
      },
      {
        "activity_id": 54,
        "type": "Closing",
        "duration_frames": 27,
        "participants": [
          10,
          5
        ],
        "participant_types": [
          "Person",
          "Vehicle"
        ]
      },
      {
        "activity_id": 55,
        "type": "Closing",
        "duration_frames": 25,
        "participants": [
          10,
          5
        ],
        "participant_types": [
          "Person",
          "Vehicle"
        ]
      },
      {
        "activity_id": 56,
        "type": "Closing",
        "duration_frames": 21,
        "participants": [
          13,
          11
        ],
        "participant_types": [
          "Person",
          "Vehicle"
        ]
      },
      {
        "activity_id": 57,
        "type": "Closing",
        "duration_frames": 23,
        "participants": [
          13,
          11
        ],
        "participant_types": [
          "Person",
          "Vehicle"
        ]
      },
      {
        "activity_id": 58,
        "type": "vehicle_stopping",
        "duration_frames": 73,
        "participants": [
          5
        ],
        "participant_types": [
          "Vehicle"
        ]
      },
      {
        "activity_id": 59,
        "type": "vehicle_stopping",
        "duration_frames": 148,
        "participants": [
          5
        ],
        "participant_types": [
          "Vehicle"
        ]
      },
      {
        "activity_id": 60,
        "type": "vehicle_stopping",
        "duration_frames": 47,
        "participants": [
          3
        ],
        "participant_types": [
          "Vehicle"
        ]
      },
      {
        "activity_id": 61,
        "type": "vehicle_stopping",
        "duration_frames": 62,
        "participants": [
          3
        ],
        "participant_types": [
          "Vehicle"
        ]
      },
      {
        "activity_id": 62,
        "type": "vehicle_stopping",
        "duration_frames": 26,
        "participants": [
          11
        ],
        "participant_types": [
          "Vehicle"
        ]
      },
      {
        "activity_id": 63,
        "type": "vehicle_stopping",
        "duration_frames": 76,
        "participants": [
          11
        ],
        "participant_types": [
          "Vehicle"
        ]
      },
      {
        "activity_id": 64,
        "type": "vehicle_turning_right",
        "duration_frames": 83,
        "participants": [
          5
        ],
        "participant_types": [
          "Vehicle"
        ]
      },
      {
        "activity_id": 65,
        "type": "vehicle_turning_right",
        "duration_frames": 120,
        "participants": [
          5
        ],
        "participant_types": [
          "Vehicle"
        ]
      },
      {
        "activity_id": 66,
        "type": "vehicle_turning_right",
        "duration_frames": 49,
        "participants": [
          3
        ],
        "participant_types": [
          "Vehicle"
        ]
      },
      {
        "activity_id": 67,
        "type": "vehicle_turning_right",
        "duration_frames": 12,
        "participants": [
          11
        ],
        "participant_types": [
          "Vehicle"
        ]
      },
      {
        "activity_id": 68,
        "type": "vehicle_turning_right",
        "duration_frames": 126,
        "participants": [
          11
        ],
        "participant_types": [
          "Vehicle"
        ]
      },
      {
        "activity_id": 69,
        "type": "vehicle_turning_right",
        "duration_frames": 44,
        "participants": [
          11
        ],
        "participant_types": [
          "Vehicle"
        ]
      },
      {
        "activity_id": 70,
        "type": "activity_sitting",
        "duration_frames": 22,
        "participants": [
          10
        ],
        "participant_types": [
          "Person"
        ]
      },
      {
        "activity_id": 71,
        "type": "vehicle_moving",
        "duration_frames": 339,
        "participants": [
          11
        ],
        "participant_types": [
          "Vehicle"
        ]
      },
      {
        "activity_id": 72,
        "type": "vehicle_moving",
        "duration_frames": 561,
        "participants": [
          11
        ],
        "participant_types": [
          "Vehicle"
        ]
      },
      {
        "activity_id": 73,
        "type": "vehicle_moving",
        "duration_frames": 78,
        "participants": [
          11
        ],
        "participant_types": [
          "Vehicle"
        ]
      },
      {
        "activity_id": 74,
        "type": "vehicle_moving",
        "duration_frames": 354,
        "participants": [
          5
        ],
        "participant_types": [
          "Vehicle"
        ]
      },
      {
        "activity_id": 75,
        "type": "vehicle_moving",
        "duration_frames": 137,
        "participants": [
          5
        ],
        "participant_types": [
          "Vehicle"
        ]
      },
      {
        "activity_id": 76,
        "type": "vehicle_moving",
        "duration_frames": 540,
        "participants": [
          5
        ],
        "participant_types": [
          "Vehicle"
        ]
      },
      {
        "activity_id": 77,
        "type": "vehicle_moving",
        "duration_frames": 646,
        "participants": [
          3
        ],
        "participant_types": [
          "Vehicle"
        ]
      },
      {
        "activity_id": 78,
        "type": "specialized_texting_phone",
        "duration_frames": 25,
        "participants": [
          4
        ],
        "participant_types": [
          "Person"
        ]
      },
      {
        "activity_id": 79,
        "type": "vehicle_starting",
        "duration_frames": 58,
        "participants": [
          11
        ],
        "participant_types": [
          "Vehicle"
        ]
      },
      {
        "activity_id": 80,
        "type": "vehicle_starting",
        "duration_frames": 28,
        "participants": [
          11
        ],
        "participant_types": [
          "Vehicle"
        ]
      },
      {
        "activity_id": 81,
        "type": "vehicle_starting",
        "duration_frames": 12,
        "participants": [
          11
        ],
        "participant_types": [
          "Vehicle"
        ]
      },
      {
        "activity_id": 82,
        "type": "vehicle_starting",
        "duration_frames": 52,
        "participants": [
          5
        ],
        "participant_types": [
          "Vehicle"
        ]
      },
      {
        "activity_id": 83,
        "type": "vehicle_starting",
        "duration_frames": 16,
        "participants": [
          5
        ],
        "participant_types": [
          "Vehicle"
        ]
      },
      {
        "activity_id": 84,
        "type": "vehicle_starting",
        "duration_frames": 7,
        "participants": [
          3
        ],
        "participant_types": [
          "Vehicle"
        ]
      },
      {
        "activity_id": 85,
        "type": "specialized_talking_phone",
        "duration_frames": 758,
        "participants": [
          13
        ],
        "participant_types": [
          "Person"
        ]
      },
      {
        "activity_id": 86,
        "type": "activity_gesturing",
        "duration_frames": 5,
        "participants": [
          18
        ],
        "participant_types": [
          "Person"
        ]
      },
      {
        "activity_id": 87,
        "type": "activity_gesturing",
        "duration_frames": 8,
        "participants": [
          13
        ],
        "participant_types": [
          "Person"
        ]
      },
      {
        "activity_id": 88,
        "type": "activity_gesturing",
        "duration_frames": 9,
        "participants": [
          10
        ],
        "participant_types": [
          "Person"
        ]
      },
      {
        "activity_id": 89,
        "type": "activity_gesturing",
        "duration_frames": 22,
        "participants": [
          10
        ],
        "participant_types": [
          "Person"
        ]
      },
      {
        "activity_id": 90,
        "type": "activity_gesturing",
        "duration_frames": 42,
        "participants": [
          19
        ],
        "participant_types": [
          "Person"
        ]
      },
      {
        "activity_id": 91,
        "type": "activity_gesturing",
        "duration_frames": 29,
        "participants": [
          19
        ],
        "participant_types": [
          "Person"
        ]
      },
      {
        "activity_id": 92,
        "type": "activity_gesturing",
        "duration_frames": 47,
        "participants": [
          19
        ],
        "participant_types": [
          "Person"
        ]
      },
      {
        "activity_id": 93,
        "type": "activity_gesturing",
        "duration_frames": 124,
        "participants": [
          19
        ],
        "participant_types": [
          "Person"
        ]
      },
      {
        "activity_id": 94,
        "type": "activity_gesturing",
        "duration_frames": 17,
        "participants": [
          19
        ],
        "participant_types": [
          "Person"
        ]
      },
      {
        "activity_id": 95,
        "type": "activity_gesturing",
        "duration_frames": 47,
        "participants": [
          19
        ],
        "participant_types": [
          "Person"
        ]
      },
      {
        "activity_id": 96,
        "type": "activity_gesturing",
        "duration_frames": 39,
        "participants": [
          19
        ],
        "participant_types": [
          "Person"
        ]
      },
      {
        "activity_id": 97,
        "type": "activity_gesturing",
        "duration_frames": 26,
        "participants": [
          19
        ],
        "participant_types": [
          "Person"
        ]
      },
      {
        "activity_id": 98,
        "type": "activity_gesturing",
        "duration_frames": 23,
        "participants": [
          19
        ],
        "participant_types": [
          "Person"
        ]
      },
      {
        "activity_id": 99,
        "type": "activity_gesturing",
        "duration_frames": 10,
        "participants": [
          19
        ],
        "participant_types": [
          "Person"
        ]
      },
      {
        "activity_id": 100,
        "type": "activity_gesturing",
        "duration_frames": 34,
        "participants": [
          19
        ],
        "participant_types": [
          "Person"
        ]
      },
      {
        "activity_id": 101,
        "type": "activity_gesturing",
        "duration_frames": 14,
        "participants": [
          19
        ],
        "participant_types": [
          "Person"
        ]
      },
      {
        "activity_id": 102,
        "type": "activity_gesturing",
        "duration_frames": 20,
        "participants": [
          19
        ],
        "participant_types": [
          "Person"
        ]
      },
      {
        "activity_id": 103,
        "type": "activity_gesturing",
        "duration_frames": 44,
        "participants": [
          19
        ],
        "participant_types": [
          "Person"
        ]
      },
      {
        "activity_id": 104,
        "type": "activity_gesturing",
        "duration_frames": 18,
        "participants": [
          19
        ],
        "participant_types": [
          "Person"
        ]
      },
      {
        "activity_id": 105,
        "type": "activity_gesturing",
        "duration_frames": 36,
        "participants": [
          19
        ],
        "participant_types": [
          "Person"
        ]
      },
      {
        "activity_id": 106,
        "type": "activity_gesturing",
        "duration_frames": 46,
        "participants": [
          4
        ],
        "participant_types": [
          "Person"
        ]
      },
      {
        "activity_id": 107,
        "type": "activity_gesturing",
        "duration_frames": 12,
        "participants": [
          4
        ],
        "participant_types": [
          "Person"
        ]
      },
      {
        "activity_id": 108,
        "type": "activity_gesturing",
        "duration_frames": 15,
        "participants": [
          4
        ],
        "participant_types": [
          "Person"
        ]
      },
      {
        "activity_id": 109,
        "type": "activity_gesturing",
        "duration_frames": 8,
        "participants": [
          4
        ],
        "participant_types": [
          "Person"
        ]
      },
      {
        "activity_id": 110,
        "type": "activity_gesturing",
        "duration_frames": 5,
        "participants": [
          4
        ],
        "participant_types": [
          "Person"
        ]
      },
      {
        "activity_id": 111,
        "type": "activity_gesturing",
        "duration_frames": 8,
        "participants": [
          4
        ],
        "participant_types": [
          "Person"
        ]
      },
      {
        "activity_id": 112,
        "type": "activity_gesturing",
        "duration_frames": 8,
        "participants": [
          4
        ],
        "participant_types": [
          "Person"
        ]
      },
      {
        "activity_id": 113,
        "type": "activity_gesturing",
        "duration_frames": 34,
        "participants": [
          4
        ],
        "participant_types": [
          "Person"
        ]
      },
      {
        "activity_id": 114,
        "type": "activity_gesturing",
        "duration_frames": 11,
        "participants": [
          4
        ],
        "participant_types": [
          "Person"
        ]
      },
      {
        "activity_id": 115,
        "type": "activity_gesturing",
        "duration_frames": 13,
        "participants": [
          4
        ],
        "participant_types": [
          "Person"
        ]
      },
      {
        "activity_id": 116,
        "type": "activity_gesturing",
        "duration_frames": 14,
        "participants": [
          4
        ],
        "participant_types": [
          "Person"
        ]
      },
      {
        "activity_id": 117,
        "type": "activity_gesturing",
        "duration_frames": 38,
        "participants": [
          22
        ],
        "participant_types": [
          "Person"
        ]
      },
      {
        "activity_id": 118,
        "type": "activity_gesturing",
        "duration_frames": 82,
        "participants": [
          22
        ],
        "participant_types": [
          "Person"
        ]
      },
      {
        "activity_id": 119,
        "type": "activity_gesturing",
        "duration_frames": 114,
        "participants": [
          20
        ],
        "participant_types": [
          "Person"
        ]
      },
      {
        "activity_id": 120,
        "type": "activity_gesturing",
        "duration_frames": 16,
        "participants": [
          20
        ],
        "participant_types": [
          "Person"
        ]
      },
      {
        "activity_id": 121,
        "type": "activity_gesturing",
        "duration_frames": 33,
        "participants": [
          25
        ],
        "participant_types": [
          "Person"
        ]
      },
      {
        "activity_id": 122,
        "type": "activity_gesturing",
        "duration_frames": 14,
        "participants": [
          25
        ],
        "participant_types": [
          "Person"
        ]
      },
      {
        "activity_id": 123,
        "type": "activity_gesturing",
        "duration_frames": 22,
        "participants": [
          25
        ],
        "participant_types": [
          "Person"
        ]
      },
      {
        "activity_id": 124,
        "type": "activity_gesturing",
        "duration_frames": 42,
        "participants": [
          25
        ],
        "participant_types": [
          "Person"
        ]
      },
      {
        "activity_id": 125,
        "type": "activity_gesturing",
        "duration_frames": 23,
        "participants": [
          25
        ],
        "participant_types": [
          "Person"
        ]
      },
      {
        "activity_id": 126,
        "type": "vehicle_turning_left",
        "duration_frames": 12,
        "participants": [
          11
        ],
        "participant_types": [
          "Vehicle"
        ]
      },
      {
        "activity_id": 127,
        "type": "vehicle_turning_left",
        "duration_frames": 105,
        "participants": [
          11
        ],
        "participant_types": [
          "Vehicle"
        ]
      },
      {
        "activity_id": 128,
        "type": "vehicle_turning_left",
        "duration_frames": 89,
        "participants": [
          3
        ],
        "participant_types": [
          "Vehicle"
        ]
      },
      {
        "activity_id": 129,
        "type": "vehicle_turning_left",
        "duration_frames": 24,
        "participants": [
          5
        ],
        "participant_types": [
          "Vehicle"
        ]
      },
      {
        "activity_id": 130,
        "type": "vehicle_turning_left",
        "duration_frames": 147,
        "participants": [
          5
        ],
        "participant_types": [
          "Vehicle"
        ]
      },
      {
        "activity_id": 131,
        "type": "activity_standing",
        "duration_frames": 102,
        "participants": [
          18
        ],
        "participant_types": [
          "Person"
        ]
      },
      {
        "activity_id": 132,
        "type": "activity_standing",
        "duration_frames": 102,
        "participants": [
          13
        ],
        "participant_types": [
          "Person"
        ]
      },
      {
        "activity_id": 133,
        "type": "activity_standing",
        "duration_frames": 333,
        "participants": [
          13
        ],
        "participant_types": [
          "Person"
        ]
      },
      {
        "activity_id": 134,
        "type": "activity_standing",
        "duration_frames": 431,
        "participants": [
          13
        ],
        "participant_types": [
          "Person"
        ]
      },
      {
        "activity_id": 135,
        "type": "activity_standing",
        "duration_frames": 231,
        "participants": [
          13
        ],
        "participant_types": [
          "Person"
        ]
      },
      {
        "activity_id": 136,
        "type": "activity_standing",
        "duration_frames": 195,
        "participants": [
          13
        ],
        "participant_types": [
          "Person"
        ]
      },
      {
        "activity_id": 137,
        "type": "activity_standing",
        "duration_frames": 91,
        "participants": [
          13
        ],
        "participant_types": [
          "Person"
        ]
      },
      {
        "activity_id": 138,
        "type": "activity_standing",
        "duration_frames": 83,
        "participants": [
          10
        ],
        "participant_types": [
          "Person"
        ]
      },
      {
        "activity_id": 139,
        "type": "activity_standing",
        "duration_frames": 10,
        "participants": [
          10
        ],
        "participant_types": [
          "Person"
        ]
      },
      {
        "activity_id": 140,
        "type": "activity_standing",
        "duration_frames": 284,
        "participants": [
          10
        ],
        "participant_types": [
          "Person"
        ]
      },
      {
        "activity_id": 141,
        "type": "activity_standing",
        "duration_frames": 170,
        "participants": [
          10
        ],
        "participant_types": [
          "Person"
        ]
      },
      {
        "activity_id": 142,
        "type": "activity_standing",
        "duration_frames": 1146,
        "participants": [
          19
        ],
        "participant_types": [
          "Person"
        ]
      },
      {
        "activity_id": 143,
        "type": "activity_standing",
        "duration_frames": 165,
        "participants": [
          19
        ],
        "participant_types": [
          "Person"
        ]
      },
      {
        "activity_id": 144,
        "type": "activity_standing",
        "duration_frames": 3912,
        "participants": [
          19
        ],
        "participant_types": [
          "Person"
        ]
      },
      {
        "activity_id": 145,
        "type": "activity_standing",
        "duration_frames": 3816,
        "participants": [
          19
        ],
        "participant_types": [
          "Person"
        ]
      },
      {
        "activity_id": 146,
        "type": "activity_standing",
        "duration_frames": 341,
        "participants": [
          19
        ],
        "participant_types": [
          "Person"
        ]
      },
      {
        "activity_id": 147,
        "type": "activity_standing",
        "duration_frames": 305,
        "participants": [
          19
        ],
        "participant_types": [
          "Person"
        ]
      },
      {
        "activity_id": 148,
        "type": "activity_standing",
        "duration_frames": 16,
        "participants": [
          19
        ],
        "participant_types": [
          "Person"
        ]
      },
      {
        "activity_id": 149,
        "type": "activity_standing",
        "duration_frames": 23,
        "participants": [
          19
        ],
        "participant_types": [
          "Person"
        ]
      },
      {
        "activity_id": 150,
        "type": "activity_standing",
        "duration_frames": 3619,
        "participants": [
          19
        ],
        "participant_types": [
          "Person"
        ]
      },
      {
        "activity_id": 151,
        "type": "activity_standing",
        "duration_frames": 100,
        "participants": [
          19
        ],
        "participant_types": [
          "Person"
        ]
      },
      {
        "activity_id": 152,
        "type": "activity_standing",
        "duration_frames": 146,
        "participants": [
          19
        ],
        "participant_types": [
          "Person"
        ]
      },
      {
        "activity_id": 153,
        "type": "activity_standing",
        "duration_frames": 42,
        "participants": [
          4
        ],
        "participant_types": [
          "Person"
        ]
      },
      {
        "activity_id": 154,
        "type": "activity_standing",
        "duration_frames": 36,
        "participants": [
          4
        ],
        "participant_types": [
          "Person"
        ]
      },
      {
        "activity_id": 155,
        "type": "activity_standing",
        "duration_frames": 29,
        "participants": [
          4
        ],
        "participant_types": [
          "Person"
        ]
      },
      {
        "activity_id": 156,
        "type": "activity_standing",
        "duration_frames": 17,
        "participants": [
          4
        ],
        "participant_types": [
          "Person"
        ]
      },
      {
        "activity_id": 157,
        "type": "activity_standing",
        "duration_frames": 50,
        "participants": [
          4
        ],
        "participant_types": [
          "Person"
        ]
      },
      {
        "activity_id": 158,
        "type": "activity_standing",
        "duration_frames": 5387,
        "participants": [
          4
        ],
        "participant_types": [
          "Person"
        ]
      },
      {
        "activity_id": 159,
        "type": "activity_standing",
        "duration_frames": 14,
        "participants": [
          4
        ],
        "participant_types": [
          "Person"
        ]
      },
      {
        "activity_id": 160,
        "type": "activity_standing",
        "duration_frames": 98,
        "participants": [
          4
        ],
        "participant_types": [
          "Person"
        ]
      },
      {
        "activity_id": 161,
        "type": "activity_standing",
        "duration_frames": 79,
        "participants": [
          4
        ],
        "participant_types": [
          "Person"
        ]
      },
      {
        "activity_id": 162,
        "type": "activity_standing",
        "duration_frames": 208,
        "participants": [
          22
        ],
        "participant_types": [
          "Person"
        ]
      },
      {
        "activity_id": 163,
        "type": "activity_standing",
        "duration_frames": 3129,
        "participants": [
          22
        ],
        "participant_types": [
          "Person"
        ]
      },
      {
        "activity_id": 164,
        "type": "activity_standing",
        "duration_frames": 3731,
        "participants": [
          22
        ],
        "participant_types": [
          "Person"
        ]
      },
      {
        "activity_id": 165,
        "type": "activity_standing",
        "duration_frames": 362,
        "participants": [
          22
        ],
        "participant_types": [
          "Person"
        ]
      },
      {
        "activity_id": 166,
        "type": "activity_standing",
        "duration_frames": 283,
        "participants": [
          22
        ],
        "participant_types": [
          "Person"
        ]
      },
      {
        "activity_id": 167,
        "type": "activity_standing",
        "duration_frames": 28,
        "participants": [
          22
        ],
        "participant_types": [
          "Person"
        ]
      },
      {
        "activity_id": 168,
        "type": "activity_standing",
        "duration_frames": 3596,
        "participants": [
          22
        ],
        "participant_types": [
          "Person"
        ]
      },
      {
        "activity_id": 169,
        "type": "activity_standing",
        "duration_frames": 275,
        "participants": [
          22
        ],
        "participant_types": [
          "Person"
        ]
      },
      {
        "activity_id": 170,
        "type": "activity_standing",
        "duration_frames": 10422,
        "participants": [
          20
        ],
        "participant_types": [
          "Person"
        ]
      },
      {
        "activity_id": 171,
        "type": "activity_standing",
        "duration_frames": 1347,
        "participants": [
          20
        ],
        "participant_types": [
          "Person"
        ]
      },
      {
        "activity_id": 172,
        "type": "activity_standing",
        "duration_frames": 2347,
        "participants": [
          25
        ],
        "participant_types": [
          "Person"
        ]
      },
      {
        "activity_id": 173,
        "type": "activity_standing",
        "duration_frames": 4175,
        "participants": [
          25
        ],
        "participant_types": [
          "Person"
        ]
      },
      {
        "activity_id": 174,
        "type": "activity_standing",
        "duration_frames": 52,
        "participants": [
          25
        ],
        "participant_types": [
          "Person"
        ]
      },
      {
        "activity_id": 175,
        "type": "activity_standing",
        "duration_frames": 365,
        "participants": [
          25
        ],
        "participant_types": [
          "Person"
        ]
      },
      {
        "activity_id": 176,
        "type": "activity_standing",
        "duration_frames": 3439,
        "participants": [
          25
        ],
        "participant_types": [
          "Person"
        ]
      },
      {
        "activity_id": 177,
        "type": "activity_standing",
        "duration_frames": 280,
        "participants": [
          25
        ],
        "participant_types": [
          "Person"
        ]
      },
      {
        "activity_id": 178,
        "type": "activity_standing",
        "duration_frames": 4775,
        "participants": [
          21
        ],
        "participant_types": [
          "Person"
        ]
      },
      {
        "activity_id": 179,
        "type": "activity_standing",
        "duration_frames": 1859,
        "participants": [
          21
        ],
        "participant_types": [
          "Person"
        ]
      },
      {
        "activity_id": 180,
        "type": "activity_standing",
        "duration_frames": 3151,
        "participants": [
          21
        ],
        "participant_types": [
          "Person"
        ]
      },
      {
        "activity_id": 181,
        "type": "activity_walking",
        "duration_frames": 21,
        "participants": [
          13
        ],
        "participant_types": [
          "Person"
        ]
      },
      {
        "activity_id": 182,
        "type": "activity_walking",
        "duration_frames": 127,
        "participants": [
          13
        ],
        "participant_types": [
          "Person"
        ]
      },
      {
        "activity_id": 183,
        "type": "activity_walking",
        "duration_frames": 103,
        "participants": [
          13
        ],
        "participant_types": [
          "Person"
        ]
      },
      {
        "activity_id": 184,
        "type": "activity_walking",
        "duration_frames": 49,
        "participants": [
          13
        ],
        "participant_types": [
          "Person"
        ]
      },
      {
        "activity_id": 185,
        "type": "activity_walking",
        "duration_frames": 53,
        "participants": [
          13
        ],
        "participant_types": [
          "Person"
        ]
      },
      {
        "activity_id": 186,
        "type": "activity_walking",
        "duration_frames": 100,
        "participants": [
          10
        ],
        "participant_types": [
          "Person"
        ]
      },
      {
        "activity_id": 187,
        "type": "activity_walking",
        "duration_frames": 115,
        "participants": [
          10
        ],
        "participant_types": [
          "Person"
        ]
      },
      {
        "activity_id": 188,
        "type": "activity_walking",
        "duration_frames": 145,
        "participants": [
          10
        ],
        "participant_types": [
          "Person"
        ]
      },
      {
        "activity_id": 189,
        "type": "activity_walking",
        "duration_frames": 205,
        "participants": [
          19
        ],
        "participant_types": [
          "Person"
        ]
      },
      {
        "activity_id": 190,
        "type": "activity_walking",
        "duration_frames": 105,
        "participants": [
          19
        ],
        "participant_types": [
          "Person"
        ]
      },
      {
        "activity_id": 191,
        "type": "activity_walking",
        "duration_frames": 1356,
        "participants": [
          19
        ],
        "participant_types": [
          "Person"
        ]
      },
      {
        "activity_id": 192,
        "type": "activity_walking",
        "duration_frames": 833,
        "participants": [
          19
        ],
        "participant_types": [
          "Person"
        ]
      },
      {
        "activity_id": 193,
        "type": "activity_walking",
        "duration_frames": 380,
        "participants": [
          19
        ],
        "participant_types": [
          "Person"
        ]
      },
      {
        "activity_id": 194,
        "type": "activity_walking",
        "duration_frames": 80,
        "participants": [
          19
        ],
        "participant_types": [
          "Person"
        ]
      },
      {
        "activity_id": 195,
        "type": "activity_walking",
        "duration_frames": 130,
        "participants": [
          19
        ],
        "participant_types": [
          "Person"
        ]
      },
      {
        "activity_id": 196,
        "type": "activity_walking",
        "duration_frames": 109,
        "participants": [
          19
        ],
        "participant_types": [
          "Person"
        ]
      },
      {
        "activity_id": 197,
        "type": "activity_walking",
        "duration_frames": 88,
        "participants": [
          19
        ],
        "participant_types": [
          "Person"
        ]
      },
      {
        "activity_id": 198,
        "type": "activity_walking",
        "duration_frames": 42,
        "participants": [
          19
        ],
        "participant_types": [
          "Person"
        ]
      },
      {
        "activity_id": 199,
        "type": "activity_walking",
        "duration_frames": 1410,
        "participants": [
          23
        ],
        "participant_types": [
          "Person"
        ]
      },
      {
        "activity_id": 200,
        "type": "activity_walking",
        "duration_frames": 191,
        "participants": [
          18
        ],
        "participant_types": [
          "Person"
        ]
      },
      {
        "activity_id": 201,
        "type": "activity_walking",
        "duration_frames": 176,
        "participants": [
          18
        ],
        "participant_types": [
          "Person"
        ]
      },
      {
        "activity_id": 202,
        "type": "activity_walking",
        "duration_frames": 384,
        "participants": [
          18
        ],
        "participant_types": [
          "Person"
        ]
      },
      {
        "activity_id": 203,
        "type": "activity_walking",
        "duration_frames": 288,
        "participants": [
          21
        ],
        "participant_types": [
          "Person"
        ]
      },
      {
        "activity_id": 204,
        "type": "activity_walking",
        "duration_frames": 1777,
        "participants": [
          21
        ],
        "participant_types": [
          "Person"
        ]
      },
      {
        "activity_id": 205,
        "type": "activity_walking",
        "duration_frames": 203,
        "participants": [
          20
        ],
        "participant_types": [
          "Person"
        ]
      },
      {
        "activity_id": 206,
        "type": "activity_walking",
        "duration_frames": 1822,
        "participants": [
          20
        ],
        "participant_types": [
          "Person"
        ]
      },
      {
        "activity_id": 207,
        "type": "activity_walking",
        "duration_frames": 202,
        "participants": [
          22
        ],
        "participant_types": [
          "Person"
        ]
      },
      {
        "activity_id": 208,
        "type": "activity_walking",
        "duration_frames": 69,
        "participants": [
          22
        ],
        "participant_types": [
          "Person"
        ]
      },
      {
        "activity_id": 209,
        "type": "activity_walking",
        "duration_frames": 1366,
        "participants": [
          22
        ],
        "participant_types": [
          "Person"
        ]
      },
      {
        "activity_id": 210,
        "type": "activity_walking",
        "duration_frames": 877,
        "participants": [
          22
        ],
        "participant_types": [
          "Person"
        ]
      },
      {
        "activity_id": 211,
        "type": "activity_walking",
        "duration_frames": 349,
        "participants": [
          22
        ],
        "participant_types": [
          "Person"
        ]
      },
      {
        "activity_id": 212,
        "type": "activity_walking",
        "duration_frames": 205,
        "participants": [
          22
        ],
        "participant_types": [
          "Person"
        ]
      },
      {
        "activity_id": 213,
        "type": "activity_walking",
        "duration_frames": 259,
        "participants": [
          22
        ],
        "participant_types": [
          "Person"
        ]
      },
      {
        "activity_id": 214,
        "type": "activity_walking",
        "duration_frames": 27,
        "participants": [
          22
        ],
        "participant_types": [
          "Person"
        ]
      },
      {
        "activity_id": 215,
        "type": "activity_walking",
        "duration_frames": 19,
        "participants": [
          4
        ],
        "participant_types": [
          "Person"
        ]
      },
      {
        "activity_id": 216,
        "type": "activity_walking",
        "duration_frames": 295,
        "participants": [
          4
        ],
        "participant_types": [
          "Person"
        ]
      },
      {
        "activity_id": 217,
        "type": "activity_walking",
        "duration_frames": 86,
        "participants": [
          4
        ],
        "participant_types": [
          "Person"
        ]
      },
      {
        "activity_id": 218,
        "type": "activity_walking",
        "duration_frames": 27,
        "participants": [
          4
        ],
        "participant_types": [
          "Person"
        ]
      },
      {
        "activity_id": 219,
        "type": "activity_walking",
        "duration_frames": 16,
        "participants": [
          4
        ],
        "participant_types": [
          "Person"
        ]
      },
      {
        "activity_id": 220,
        "type": "activity_walking",
        "duration_frames": 33,
        "participants": [
          4
        ],
        "participant_types": [
          "Person"
        ]
      },
      {
        "activity_id": 221,
        "type": "activity_walking",
        "duration_frames": 213,
        "participants": [
          4
        ],
        "participant_types": [
          "Person"
        ]
      },
      {
        "activity_id": 222,
        "type": "activity_walking",
        "duration_frames": 160,
        "participants": [
          4
        ],
        "participant_types": [
          "Person"
        ]
      },
      {
        "activity_id": 223,
        "type": "activity_walking",
        "duration_frames": 34,
        "participants": [
          4
        ],
        "participant_types": [
          "Person"
        ]
      },
      {
        "activity_id": 224,
        "type": "activity_walking",
        "duration_frames": 333,
        "participants": [
          4
        ],
        "participant_types": [
          "Person"
        ]
      },
      {
        "activity_id": 225,
        "type": "activity_walking",
        "duration_frames": 384,
        "participants": [
          1
        ],
        "participant_types": [
          "Person"
        ]
      },
      {
        "activity_id": 226,
        "type": "activity_walking",
        "duration_frames": 809,
        "participants": [
          25
        ],
        "participant_types": [
          "Person"
        ]
      },
      {
        "activity_id": 227,
        "type": "activity_walking",
        "duration_frames": 1280,
        "participants": [
          25
        ],
        "participant_types": [
          "Person"
        ]
      },
      {
        "activity_id": 228,
        "type": "activity_walking",
        "duration_frames": 581,
        "participants": [
          25
        ],
        "participant_types": [
          "Person"
        ]
      },
      {
        "activity_id": 229,
        "type": "activity_walking",
        "duration_frames": 209,
        "participants": [
          25
        ],
        "participant_types": [
          "Person"
        ]
      },
      {
        "activity_id": 230,
        "type": "activity_walking",
        "duration_frames": 683,
        "participants": [
          25
        ],
        "participant_types": [
          "Person"
        ]
      },
      {
        "activity_id": 231,
        "type": "activity_walking",
        "duration_frames": 284,
        "participants": [
          25
        ],
        "participant_types": [
          "Person"
        ]
      },
      {
        "activity_id": 232,
        "type": "activity_walking",
        "duration_frames": 24,
        "participants": [
          25
        ],
        "participant_types": [
          "Person"
        ]
      },
      {
        "activity_id": 233,
        "type": "activity_carrying",
        "duration_frames": 50,
        "participants": [
          10
        ],
        "participant_types": [
          "Person"
        ]
      },
      {
        "activity_id": 234,
        "type": "activity_carrying",
        "duration_frames": 199,
        "participants": [
          13
        ],
        "participant_types": [
          "Person"
        ]
      },
      {
        "activity_id": 235,
        "type": "activity_carrying",
        "duration_frames": 466,
        "participants": [
          4
        ],
        "participant_types": [
          "Person"
        ]
      },
      {
        "activity_id": 236,
        "type": "activity_carrying",
        "duration_frames": 14540,
        "participants": [
          25
        ],
        "participant_types": [
          "Person"
        ]
      },
      {
        "activity_id": 237,
        "type": "activity_carrying",
        "duration_frames": 277,
        "participants": [
          1
        ],
        "participant_types": [
          "Person"
        ]
      },
      {
        "activity_id": 238,
        "type": "activity_carrying",
        "duration_frames": 470,
        "participants": [
          18
        ],
        "participant_types": [
          "Person"
        ]
      }
    ],
    "alerts": []
  }
}