{
  "VIRAT_S_000000": {
    "camera_id": "VIRAT_S_000000",
    "location": "Desconocida",
    "priority": "media",
    "date": "2025-05-27",
    "activity_summary": {
      "total_activities": 13,
      "activities": [
        {
          "name": "Interacts 1",
          "instances": 1,
          "participants": [
            "Person"
          ]
        },
        {
          "name": "Opening 1",
          "instances": 1,
          "participants": [
            "Person"
          ]
        },
        {
          "name": "Person_Person_Interaction 1",
          "instances": 1,
          "participants": [
            "Person"
          ]
        },
        {
          "name": "Pull 1",
          "instances": 1,
          "participants": [
            "Person"
          ]
        },
        {
          "name": "SetDown 1",
          "instances": 1,
          "participants": [
            "Person"
          ]
        },
        {
          "name": "Transport_HeavyCarry 1",
          "instances": 1,
          "participants": [
            "Person"
          ]
        },
        {
          "name": "activity_carrying 1",
          "instances": 1,
          "participants": [
            "Person"
          ]
        },
        {
          "name": "activity_standing 6",
          "instances": 6,
          "participants": [
            "Person"
          ]
        },
        {
          "name": "activity_walking 12",
          "instances": 12,
          "participants": [
            "Person"
          ]
        },
        {
          "name": "vehicle_moving 1",
          "instances": 1,
          "participants": [
            "Vehicle"
          ]
        },
        {
          "name": "vehicle_stopping 1",
          "instances": 1,
          "participants": [
            "Vehicle"
          ]
        },
        {
          "name": "vehicle_turning_left 1",
          "instances": 1,
          "participants": [
            "Vehicle"
          ]
        },
        {
          "name": "vehicle_turning_right 2",
          "instances": 2,
          "participants": [
            "Vehicle"
          ]
        }
      ]
    },
    "object_counts": {
      "Person 8": 8,
      "Push_Pulled_Object 1": 1,
      "Tree 10": 10,
      "Vehicle 10": 10
    },
    "specific_activities": [
      {
        "activity_id": 1,
        "type": "Person_Person_Interaction",
        "duration_frames": 123,
        "participants": [
          11,
          16
        ],
        "participant_types": [
          "Person",
          "Person"
        ]
      },
      {
        "activity_id": 2,
        "type": "Interacts",
        "duration_frames": 99,
        "participants": [
          10,
          18
        ],
        "participant_types": [
          "Person",
          "Push_Pulled_Object"
        ]
      },
      {
        "activity_id": 3,
        "type": "Transport_HeavyCarry",
        "duration_frames": 148,
        "participants": [
          10,
          18
        ],
        "participant_types": [
          "Person",
          "Push_Pulled_Object"
        ]
      },
      {
        "activity_id": 4,
        "type": "Pull",
        "duration_frames": 340,
        "participants": [
          10,
          18
        ],
        "participant_types": [
          "Person",
          "Push_Pulled_Object"
        ]
      },
      {
        "activity_id": 5,
        "type": "Opening",
        "duration_frames": 26,
        "participants": [
          6,
          11
        ],
        "participant_types": [
          "Vehicle",
          "Person"
        ]
      },
      {
        "activity_id": 6,
        "type": "SetDown",
        "duration_frames": 21,
        "participants": [
          10,
          18
        ],
        "participant_types": [
          "Person",
          "Push_Pulled_Object"
        ]
      },
      {
        "activity_id": 7,
        "type": "vehicle_turning_right",
        "duration_frames": 60,
        "participants": [
          5
        ],
        "participant_types": [
          "Vehicle"
        ]
      },
      {
        "activity_id": 8,
        "type": "vehicle_turning_right",
        "duration_frames": 171,
        "participants": [
          5
        ],
        "participant_types": [
          "Vehicle"
        ]
      },
      {
        "activity_id": 9,
        "type": "activity_carrying",
        "duration_frames": 789,
        "participants": [
          11
        ],
        "participant_types": [
          "Person"
        ]
      },
      {
        "activity_id": 10,
        "type": "vehicle_stopping",
        "duration_frames": 38,
        "participants": [
          5
        ],
        "participant_types": [
          "Vehicle"
        ]
      },
      {
        "activity_id": 11,
        "type": "vehicle_moving",
        "duration_frames": 433,
        "participants": [
          5
        ],
        "participant_types": [
          "Vehicle"
        ]
      },
      {
        "activity_id": 12,
        "type": "activity_walking",
        "duration_frames": 31,
        "participants": [
          15
        ],
        "participant_types": [
          "Person"
        ]
      },
      {
        "activity_id": 13,
        "type": "activity_walking",
        "duration_frames": 59,
        "participants": [
          14
        ],
        "participant_types": [
          "Person"
        ]
      },
      {
        "activity_id": 14,
        "type": "activity_walking",
        "duration_frames": 122,
        "participants": [
          11
        ],
        "participant_types": [
          "Person"
        ]
      },
      {
        "activity_id": 15,
        "type": "activity_walking",
        "duration_frames": 114,
        "participants": [
          11
        ],
        "participant_types": [
          "Person"
        ]
      },
      {
        "activity_id": 16,
        "type": "activity_walking",
        "duration_frames": 198,
        "participants": [
          12
        ],
        "participant_types": [
          "Person"
        ]
      },
      {
        "activity_id": 17,
        "type": "activity_walking",
        "duration_frames": 124,
        "participants": [
          16
        ],
        "participant_types": [
          "Person"
        ]
      },
      {
        "activity_id": 18,
        "type": "activity_walking",
        "duration_frames": 96,
        "participants": [
          16
        ],
        "participant_types": [
          "Person"
        ]
      },
      {
        "activity_id": 19,
        "type": "activity_walking",
        "duration_frames": 125,
        "participants": [
          13
        ],
        "participant_types": [
          "Person"
        ]
      },
      {
        "activity_id": 20,
        "type": "activity_walking",
        "duration_frames": 274,
        "participants": [
          17
        ],
        "participant_types": [
          "Person"
        ]
      },
      {
        "activity_id": 21,
        "type": "activity_walking",
        "duration_frames": 134,
        "participants": [
          17
        ],
        "participant_types": [
          "Person"
        ]
      },
      {
        "activity_id": 22,
        "type": "activity_walking",
        "duration_frames": 115,
        "participants": [
          10
        ],
        "participant_types": [
          "Person"
        ]
      },
      {
        "activity_id": 23,
        "type": "activity_walking",
        "duration_frames": 404,
        "participants": [
          10
        ],
        "participant_types": [
          "Person"
        ]
      },
      {
        "activity_id": 24,
        "type": "activity_standing",
        "duration_frames": 540,
        "participants": [
          16
        ],
        "participant_types": [
          "Person"
        ]
      },
      {
        "activity_id": 25,
        "type": "activity_standing",
        "duration_frames": 26,
        "participants": [
          16
        ],
        "participant_types": [
          "Person"
        ]
      },
      {
        "activity_id": 26,
        "type": "activity_standing",
        "duration_frames": 379,
        "participants": [
          17
        ],
        "participant_types": [
          "Person"
        ]
      },
      {
        "activity_id": 27,
        "type": "activity_standing",
        "duration_frames": 346,
        "participants": [
          11
        ],
        "participant_types": [
          "Person"
        ]
      },
      {
        "activity_id": 28,
        "type": "activity_standing",
        "duration_frames": 204,
        "participants": [
          11
        ],
        "participant_types": [
          "Person"
        ]
      },
      {
        "activity_id": 29,
        "type": "activity_standing",
        "duration_frames": 72,
        "participants": [
          10
        ],
        "participant_types": [
          "Person"
        ]
      },
      {
        "activity_id": 30,
        "type": "vehicle_turning_left",
        "duration_frames": 150,
        "participants": [
          5
        ],
        "participant_types": [
          "Vehicle"
        ]
      }
    ],
    "alerts": []
  }
}