{
  "VIRAT_S_000000": {
    "camera_id": "VIRAT_S_000000",
    "location": "Desconocida",
    "priority": "media",
    "date": "2025-05-27",
    "activity_summary": {
      "total_activities": 25,
      "activities": [
        {
          "name": "Closing 5",
          "instances": 5,
          "participants": [
            "Person"
          ]
        },
        {
          "name": "Closing_Trunk 2",
          "instances": 2,
          "participants": [
            "Person"
          ]
        },
        {
          "name": "DropOff_Person_Vehicle 1",
          "instances": 1,
          "participants": [
            "Person"
          ]
        },
        {
          "name": "Entering 2",
          "instances": 2,
          "participants": [
            "Person"
          ]
        },
        {
          "name": "Exiting 3",
          "instances": 3,
          "participants": [
            "Person"
          ]
        },
        {
          "name": "Interacts 4",
          "instances": 4,
          "participants": [
            "Person"
          ]
        },
        {
          "name": "Loading 3",
          "instances": 3,
          "participants": [
            "Person"
          ]
        },
        {
          "name": "Open_Trunk 2",
          "instances": 2,
          "participants": [
            "Person"
          ]
        },
        {
          "name": "Opening 2",
          "instances": 2,
          "participants": [
            "Person"
          ]
        },
        {
          "name": "PickUp 3",
          "instances": 3,
          "participants": [
            "Person"
          ]
        },
        {
          "name": "Pull 3",
          "instances": 3,
          "participants": [
            "Person"
          ]
        },
        {
          "name": "Riding 3",
          "instances": 3,
          "participants": [
            "Person"
          ]
        },
        {
          "name": "SetDown 3",
          "instances": 3,
          "participants": [
            "Person"
          ]
        },
        {
          "name": "Transport_HeavyCarry 6",
          "instances": 6,
          "participants": [
            "Person"
          ]
        },
        {
          "name": "Unloading 3",
          "instances": 3,
          "participants": [
            "Person"
          ]
        },
        {
          "name": "activity_carrying 9",
          "instances": 9,
          "participants": [
            "Person"
          ]
        },
        {
          "name": "activity_crouching 1",
          "instances": 1,
          "participants": [
            "Person"
          ]
        },
        {
          "name": "activity_gesturing 1",
          "instances": 1,
          "participants": [
            "Person"
          ]
        },
        {
          "name": "activity_standing 14",
          "instances": 14,
          "participants": [
            "Person"
          ]
        },
        {
          "name": "activity_walking 30",
          "instances": 30,
          "participants": [
            "Person"
          ]
        },
        {
          "name": "vehicle_moving 7",
          "instances": 7,
          "participants": [
            "Vehicle"
          ]
        },
        {
          "name": "vehicle_starting 5",
          "instances": 5,
          "participants": [
            "Vehicle"
          ]
        },
        {
          "name": "vehicle_stopping 4",
          "instances": 4,
          "participants": [
            "Vehicle"
          ]
        },
        {
          "name": "vehicle_turning_left 3",
          "instances": 3,
          "participants": [
            "Vehicle"
          ]
        },
        {
          "name": "vehicle_turning_right 3",
          "instances": 3,
          "participants": [
            "Vehicle"
          ]
        }
      ]
    },
    "object_counts": {
      "Bike 3": 3,
      "Person 23": 23,
      "Prop 6": 6,
      "Push_Pulled_Object 2": 2,
      "Tree 10": 10,
      "Vehicle 13": 13
    },
    "specific_activities": [
      {
        "activity_id": 1,
        "type": "Interacts",
        "duration_frames": 44,
        "participants": [
          6,
          8
        ],
        "participant_types": [
          "Person",
          "Prop"
        ]
      },
      {
        "activity_id": 2,
        "type": "Interacts",
        "duration_frames": 49,
        "participants": [
          44,
          6
        ],
        "participant_types": [
          "Push_Pulled_Object",
          "Person"
        ]
      },
      {
        "activity_id": 3,
        "type": "Interacts",
        "duration_frames": 42,
        "participants": [
          6,
          44
        ],
        "participant_types": [
          "Person",
          "Push_Pulled_Object"
        ]
      },
      {
        "activity_id": 4,
        "type": "Interacts",
        "duration_frames": 49,
        "participants": [
          11,
          54
        ],
        "participant_types": [
          "Push_Pulled_Object",
          "Person"
        ]
      },
      {
        "activity_id": 5,
        "type": "Riding",
        "duration_frames": 134,
        "participants": [
          19,
          25
        ],
        "participant_types": [
          "Person",
          "Bike"
        ]
      },
      {
        "activity_id": 6,
        "type": "Riding",
        "duration_frames": 101,
        "participants": [
          24,
          27
        ],
        "participant_types": [
          "Person",
          "Bike"
        ]
      },
      {
        "activity_id": 7,
        "type": "Riding",
        "duration_frames": 101,
        "participants": [
          26,
          28
        ],
        "participant_types": [
          "Person",
          "Bike"
        ]
      },
      {
        "activity_id": 8,
        "type": "Open_Trunk",
        "duration_frames": 51,
        "participants": [
          41,
          6
        ],
        "participant_types": [
          "Vehicle",
          "Person"
        ]
      },
      {
        "activity_id": 9,
        "type": "Open_Trunk",
        "duration_frames": 78,
        "participants": [
          55,
          58,
          54
        ],
        "participant_types": [
          "Vehicle",
          "Person",
          "Person"
        ]
      },
      {
        "activity_id": 10,
        "type": "Closing_Trunk",
        "duration_frames": 39,
        "participants": [
          6,
          41
        ],
        "participant_types": [
          "Person",
          "Vehicle"
        ]
      },
      {
        "activity_id": 11,
        "type": "Closing_Trunk",
        "duration_frames": 34,
        "participants": [
          58,
          55
        ],
        "participant_types": [
          "Person",
          "Vehicle"
        ]
      },
      {
        "activity_id": 12,
        "type": "Loading",
        "duration_frames": 37,
        "participants": [
          45,
          15,
          41
        ],
        "participant_types": [
          "Prop",
          "Person",
          "Vehicle"
        ]
      },
      {
        "activity_id": 13,
        "type": "Loading",
        "duration_frames": 83,
        "participants": [
          6,
          15,
          60,
          41
        ],
        "participant_types": [
          "Person",
          "Person",
          "Prop",
          "Vehicle"
        ]
      },
      {
        "activity_id": 14,
        "type": "Loading",
        "duration_frames": 179,
        "participants": [
          6,
          44,
          15,
          41
        ],
        "participant_types": [
          "Person",
          "Push_Pulled_Object",
          "Person",
          "Vehicle"
        ]
      },
      {
        "activity_id": 15,
        "type": "Unloading",
        "duration_frames": 99,
        "participants": [
          1,
          55,
          58,
          54
        ],
        "participant_types": [
          "Prop",
          "Vehicle",
          "Person",
          "Person"
        ]
      },
      {
        "activity_id": 16,
        "type": "Unloading",
        "duration_frames": 37,
        "participants": [
          2,
          54,
          55
        ],
        "participant_types": [
          "Prop",
          "Person",
          "Vehicle"
        ]
      },
      {
        "activity_id": 17,
        "type": "Unloading",
        "duration_frames": 87,
        "participants": [
          11,
          55,
          58,
          54
        ],
        "participant_types": [
          "Push_Pulled_Object",
          "Vehicle",
          "Person",
          "Person"
        ]
      },
      {
        "activity_id": 18,
        "type": "DropOff_Person_Vehicle",
        "duration_frames": 523,
        "participants": [
          18,
          9
        ],
        "participant_types": [
          "Vehicle",
          "Person"
        ]
      },
      {
        "activity_id": 19,
        "type": "Transport_HeavyCarry",
        "duration_frames": 38,
        "participants": [
          6,
          60,
          15
        ],
        "participant_types": [
          "Person",
          "Prop",
          "Person"
        ]
      },
      {
        "activity_id": 20,
        "type": "Transport_HeavyCarry",
        "duration_frames": 32,
        "participants": [
          6,
          15,
          44
        ],
        "participant_types": [
          "Person",
          "Person",
          "Push_Pulled_Object"
        ]
      },
      {
        "activity_id": 21,
        "type": "Transport_HeavyCarry",
        "duration_frames": 364,
        "participants": [
          45,
          15
        ],
        "participant_types": [
          "Prop",
          "Person"
        ]
      },
      {
        "activity_id": 22,
        "type": "Transport_HeavyCarry",
        "duration_frames": 52,
        "participants": [
          1,
          58,
          54
        ],
        "participant_types": [
          "Prop",
          "Person",
          "Person"
        ]
      },
      {
        "activity_id": 23,
        "type": "Transport_HeavyCarry",
        "duration_frames": 19,
        "participants": [
          2,
          54
        ],
        "participant_types": [
          "Prop",
          "Person"
        ]
      },
      {
        "activity_id": 24,
        "type": "Transport_HeavyCarry",
        "duration_frames": 24,
        "participants": [
          11,
          54,
          58
        ],
        "participant_types": [
          "Push_Pulled_Object",
          "Person",
          "Person"
        ]
      },
      {
        "activity_id": 25,
        "type": "Pull",
        "duration_frames": 398,
        "participants": [
          6,
          44
        ],
        "participant_types": [
          "Person",
          "Push_Pulled_Object"
        ]
      },
      {
        "activity_id": 26,
        "type": "Pull",
        "duration_frames": 41,
        "participants": [
          6,
          44
        ],
        "participant_types": [
          "Person",
          "Push_Pulled_Object"
        ]
      },
      {
        "activity_id": 27,
        "type": "Pull",
        "duration_frames": 944,
        "participants": [
          54,
          11
        ],
        "participant_types": [
          "Person",
          "Push_Pulled_Object"
        ]
      },
      {
        "activity_id": 28,
        "type": "Exiting",
        "duration_frames": 73,
        "participants": [
          9,
          18
        ],
        "participant_types": [
          "Person",
          "Vehicle"
        ]
      },
      {
        "activity_id": 29,
        "type": "Exiting",
        "duration_frames": 20,
        "participants": [
          54,
          55
        ],
        "participant_types": [
          "Person",
          "Vehicle"
        ]
      },
      {
        "activity_id": 30,
        "type": "Exiting",
        "duration_frames": 116,
        "participants": [
          55,
          58
        ],
        "participant_types": [
          "Vehicle",
          "Person"
        ]
      },
      {
        "activity_id": 31,
        "type": "Entering",
        "duration_frames": 166,
        "participants": [
          15,
          41
        ],
        "participant_types": [
          "Person",
          "Vehicle"
        ]
      },
      {
        "activity_id": 32,
        "type": "Entering",
        "duration_frames": 114,
        "participants": [
          58,
          55
        ],
        "participant_types": [
          "Person",
          "Vehicle"
        ]
      },
      {
        "activity_id": 33,
        "type": "Opening",
        "duration_frames": 39,
        "participants": [
          15,
          41
        ],
        "participant_types": [
          "Person",
          "Vehicle"
        ]
      },
      {
        "activity_id": 34,
        "type": "Opening",
        "duration_frames": 38,
        "participants": [
          58,
          55
        ],
        "participant_types": [
          "Person",
          "Vehicle"
        ]
      },
      {
        "activity_id": 35,
        "type": "Closing",
        "duration_frames": 17,
        "participants": [
          41,
          15
        ],
        "participant_types": [
          "Vehicle",
          "Person"
        ]
      },
      {
        "activity_id": 36,
        "type": "Closing",
        "duration_frames": 42,
        "participants": [
          9,
          18
        ],
        "participant_types": [
          "Person",
          "Vehicle"
        ]
      },
      {
        "activity_id": 37,
        "type": "Closing",
        "duration_frames": 16,
        "participants": [
          54,
          55
        ],
        "participant_types": [
          "Person",
          "Vehicle"
        ]
      },
      {
        "activity_id": 38,
        "type": "Closing",
        "duration_frames": 39,
        "participants": [
          58,
          55
        ],
        "participant_types": [
          "Person",
          "Vehicle"
        ]
      },
      {
        "activity_id": 39,
        "type": "Closing",
        "duration_frames": 28,
        "participants": [
          58,
          55
        ],
        "participant_types": [
          "Person",
          "Vehicle"
        ]
      },
      {
        "activity_id": 40,
        "type": "PickUp",
        "duration_frames": 41,
        "participants": [
          6,
          44,
          60
        ],
        "participant_types": [
          "Person",
          "Push_Pulled_Object",
          "Prop"
        ]
      },
      {
        "activity_id": 41,
        "type": "PickUp",
        "duration_frames": 62,
        "participants": [
          6,
          44,
          15
        ],
        "participant_types": [
          "Person",
          "Push_Pulled_Object",
          "Person"
        ]
      },
      {
        "activity_id": 42,
        "type": "PickUp",
        "duration_frames": 24,
        "participants": [
          9,
          12,
          18
        ],
        "participant_types": [
          "Person",
          "Prop",
          "Vehicle"
        ]
      },
      {
        "activity_id": 43,
        "type": "SetDown",
        "duration_frames": 33,
        "participants": [
          1,
          58,
          54,
          11
        ],
        "participant_types": [
          "Prop",
          "Person",
          "Person",
          "Push_Pulled_Object"
        ]
      },
      {
        "activity_id": 44,
        "type": "SetDown",
        "duration_frames": 36,
        "participants": [
          54,
          2,
          11
        ],
        "participant_types": [
          "Person",
          "Prop",
          "Push_Pulled_Object"
        ]
      },
      {
        "activity_id": 45,
        "type": "SetDown",
        "duration_frames": 30,
        "participants": [
          58,
          54,
          11
        ],
        "participant_types": [
          "Person",
          "Person",
          "Push_Pulled_Object"
        ]
      },
      {
        "activity_id": 46,
        "type": "vehicle_starting",
        "duration_frames": 37,
        "participants": [
          41
        ],
        "participant_types": [
          "Vehicle"
        ]
      },
      {
        "activity_id": 47,
        "type": "vehicle_starting",
        "duration_frames": 122,
        "participants": [
          55
        ],
        "participant_types": [
          "Vehicle"
        ]
      },
      {
        "activity_id": 48,
        "type": "vehicle_starting",
        "duration_frames": 33,
        "participants": [
          55
        ],
        "participant_types": [
          "Vehicle"
        ]
      },
      {
        "activity_id": 49,
        "type": "vehicle_starting",
        "duration_frames": 32,
        "participants": [
          18
        ],
        "participant_types": [
          "Vehicle"
        ]
      },
      {
        "activity_id": 50,
        "type": "vehicle_starting",
        "duration_frames": 80,
        "participants": [
          18
        ],
        "participant_types": [
          "Vehicle"
        ]
      },
      {
        "activity_id": 51,
        "type": "vehicle_moving",
        "duration_frames": 294,
        "participants": [
          41
        ],
        "participant_types": [
          "Vehicle"
        ]
      },
      {
        "activity_id": 52,
        "type": "vehicle_moving",
        "duration_frames": 276,
        "participants": [
          18
        ],
        "participant_types": [
          "Vehicle"
        ]
      },
      {
        "activity_id": 53,
        "type": "vehicle_moving",
        "duration_frames": 200,
        "participants": [
          18
        ],
        "participant_types": [
          "Vehicle"
        ]
      },
      {
        "activity_id": 54,
        "type": "vehicle_moving",
        "duration_frames": 218,
        "participants": [
          18
        ],
        "participant_types": [
          "Vehicle"
        ]
      },
      {
        "activity_id": 55,
        "type": "vehicle_moving",
        "duration_frames": 305,
        "participants": [
          55
        ],
        "participant_types": [
          "Vehicle"
        ]
      },
      {
        "activity_id": 56,
        "type": "vehicle_moving",
        "duration_frames": 528,
        "participants": [
          55
        ],
        "participant_types": [
          "Vehicle"
        ]
      },
      {
        "activity_id": 57,
        "type": "vehicle_moving",
        "duration_frames": 95,
        "participants": [
          38
        ],
        "participant_types": [
          "Vehicle"
        ]
      },
      {
        "activity_id": 58,
        "type": "activity_walking",
        "duration_frames": 651,
        "participants": [
          3
        ],
        "participant_types": [
          "Person"
        ]
      },
      {
        "activity_id": 59,
        "type": "activity_walking",
        "duration_frames": 404,
        "participants": [
          3
        ],
        "participant_types": [
          "Person"
        ]
      },
      {
        "activity_id": 60,
        "type": "activity_walking",
        "duration_frames": 909,
        "participants": [
          71
        ],
        "participant_types": [
          "Person"
        ]
      },
      {
        "activity_id": 61,
        "type": "activity_walking",
        "duration_frames": 99,
        "participants": [
          54
        ],
        "participant_types": [
          "Person"
        ]
      },
      {
        "activity_id": 62,
        "type": "activity_walking",
        "duration_frames": 26,
        "participants": [
          54
        ],
        "participant_types": [
          "Person"
        ]
      },
      {
        "activity_id": 63,
        "type": "activity_walking",
        "duration_frames": 191,
        "participants": [
          54
        ],
        "participant_types": [
          "Person"
        ]
      },
      {
        "activity_id": 64,
        "type": "activity_walking",
        "duration_frames": 793,
        "participants": [
          54
        ],
        "participant_types": [
          "Person"
        ]
      },
      {
        "activity_id": 65,
        "type": "activity_walking",
        "duration_frames": 374,
        "participants": [
          46
        ],
        "participant_types": [
          "Person"
        ]
      },
      {
        "activity_id": 66,
        "type": "activity_walking",
        "duration_frames": 182,
        "participants": [
          43
        ],
        "participant_types": [
          "Person"
        ]
      },
      {
        "activity_id": 67,
        "type": "activity_walking",
        "duration_frames": 78,
        "participants": [
          43
        ],
        "participant_types": [
          "Person"
        ]
      },
      {
        "activity_id": 68,
        "type": "activity_walking",
        "duration_frames": 436,
        "participants": [
          39
        ],
        "participant_types": [
          "Person"
        ]
      },
      {
        "activity_id": 69,
        "type": "activity_walking",
        "duration_frames": 526,
        "participants": [
          15
        ],
        "participant_types": [
          "Person"
        ]
      },
      {
        "activity_id": 70,
        "type": "activity_walking",
        "duration_frames": 20,
        "participants": [
          15
        ],
        "participant_types": [
          "Person"
        ]
      },
      {
        "activity_id": 71,
        "type": "activity_walking",
        "duration_frames": 265,
        "participants": [
          15
        ],
        "participant_types": [
          "Person"
        ]
      },
      {
        "activity_id": 72,
        "type": "activity_walking",
        "duration_frames": 294,
        "participants": [
          72
        ],
        "participant_types": [
          "Person"
        ]
      },
      {
        "activity_id": 73,
        "type": "activity_walking",
        "duration_frames": 252,
        "participants": [
          20
        ],
        "participant_types": [
          "Person"
        ]
      },
      {
        "activity_id": 74,
        "type": "activity_walking",
        "duration_frames": 300,
        "participants": [
          21
        ],
        "participant_types": [
          "Person"
        ]
      },
      {
        "activity_id": 75,
        "type": "activity_walking",
        "duration_frames": 276,
        "participants": [
          73
        ],
        "participant_types": [
          "Person"
        ]
      },
      {
        "activity_id": 76,
        "type": "activity_walking",
        "duration_frames": 407,
        "participants": [
          70
        ],
        "participant_types": [
          "Person"
        ]
      },
      {
        "activity_id": 77,
        "type": "activity_walking",
        "duration_frames": 354,
        "participants": [
          9
        ],
        "participant_types": [
          "Person"
        ]
      },
      {
        "activity_id": 78,
        "type": "activity_walking",
        "duration_frames": 314,
        "participants": [
          7
        ],
        "participant_types": [
          "Person"
        ]
      },
      {
        "activity_id": 79,
        "type": "activity_walking",
        "duration_frames": 303,
        "participants": [
          10
        ],
        "participant_types": [
          "Person"
        ]
      },
      {
        "activity_id": 80,
        "type": "activity_walking",
        "duration_frames": 814,
        "participants": [
          4
        ],
        "participant_types": [
          "Person"
        ]
      },
      {
        "activity_id": 81,
        "type": "activity_walking",
        "duration_frames": 269,
        "participants": [
          4
        ],
        "participant_types": [
          "Person"
        ]
      },
      {
        "activity_id": 82,
        "type": "activity_walking",
        "duration_frames": 406,
        "participants": [
          6
        ],
        "participant_types": [
          "Person"
        ]
      },
      {
        "activity_id": 83,
        "type": "activity_walking",
        "duration_frames": 91,
        "participants": [
          6
        ],
        "participant_types": [
          "Person"
        ]
      },
      {
        "activity_id": 84,
        "type": "activity_walking",
        "duration_frames": 1022,
        "participants": [
          16
        ],
        "participant_types": [
          "Person"
        ]
      },
      {
        "activity_id": 85,
        "type": "activity_walking",
        "duration_frames": 1221,
        "participants": [
          5
        ],
        "participant_types": [
          "Person"
        ]
      },
      {
        "activity_id": 86,
        "type": "activity_walking",
        "duration_frames": 113,
        "participants": [
          58
        ],
        "participant_types": [
          "Person"
        ]
      },
      {
        "activity_id": 87,
        "type": "activity_walking",
        "duration_frames": 253,
        "participants": [
          58
        ],
        "participant_types": [
          "Person"
        ]
      },
      {
        "activity_id": 88,
        "type": "activity_crouching",
        "duration_frames": 37,
        "participants": [
          9
        ],
        "participant_types": [
          "Person"
        ]
      },
      {
        "activity_id": 89,
        "type": "activity_gesturing",
        "duration_frames": 12,
        "participants": [
          9
        ],
        "participant_types": [
          "Person"
        ]
      },
      {
        "activity_id": 90,
        "type": "vehicle_turning_left",
        "duration_frames": 195,
        "participants": [
          18
        ],
        "participant_types": [
          "Vehicle"
        ]
      },
      {
        "activity_id": 91,
        "type": "vehicle_turning_left",
        "duration_frames": 43,
        "participants": [
          18
        ],
        "participant_types": [
          "Vehicle"
        ]
      },
      {
        "activity_id": 92,
        "type": "vehicle_turning_left",
        "duration_frames": 79,
        "participants": [
          55
        ],
        "participant_types": [
          "Vehicle"
        ]
      },
      {
        "activity_id": 93,
        "type": "activity_carrying",
        "duration_frames": 1022,
        "participants": [
          16
        ],
        "participant_types": [
          "Person"
        ]
      },
      {
        "activity_id": 94,
        "type": "activity_carrying",
        "duration_frames": 814,
        "participants": [
          4
        ],
        "participant_types": [
          "Person"
        ]
      },
      {
        "activity_id": 95,
        "type": "activity_carrying",
        "duration_frames": 269,
        "participants": [
          4
        ],
        "participant_types": [
          "Person"
        ]
      },
      {
        "activity_id": 96,
        "type": "activity_carrying",
        "duration_frames": 314,
        "participants": [
          7
        ],
        "participant_types": [
          "Person"
        ]
      },
      {
        "activity_id": 97,
        "type": "activity_carrying",
        "duration_frames": 379,
        "participants": [
          9
        ],
        "participant_types": [
          "Person"
        ]
      },
      {
        "activity_id": 98,
        "type": "activity_carrying",
        "duration_frames": 407,
        "participants": [
          70
        ],
        "participant_types": [
          "Person"
        ]
      },
      {
        "activity_id": 99,
        "type": "activity_carrying",
        "duration_frames": 2194,
        "participants": [
          43
        ],
        "participant_types": [
          "Person"
        ]
      },
      {
        "activity_id": 100,
        "type": "activity_carrying",
        "duration_frames": 256,
        "participants": [
          71
        ],
        "participant_types": [
          "Person"
        ]
      },
      {
        "activity_id": 101,
        "type": "activity_carrying",
        "duration_frames": 1116,
        "participants": [
          3
        ],
        "participant_types": [
          "Person"
        ]
      },
      {
        "activity_id": 102,
        "type": "vehicle_turning_right",
        "duration_frames": 129,
        "participants": [
          41
        ],
        "participant_types": [
          "Vehicle"
        ]
      },
      {
        "activity_id": 103,
        "type": "vehicle_turning_right",
        "duration_frames": 42,
        "participants": [
          18
        ],
        "participant_types": [
          "Vehicle"
        ]
      },
      {
        "activity_id": 104,
        "type": "vehicle_turning_right",
        "duration_frames": 95,
        "participants": [
          55
        ],
        "participant_types": [
          "Vehicle"
        ]
      },
      {
        "activity_id": 105,
        "type": "vehicle_stopping",
        "duration_frames": 49,
        "participants": [
          55
        ],
        "participant_types": [
          "Vehicle"
        ]
      },
      {
        "activity_id": 106,
        "type": "vehicle_stopping",
        "duration_frames": 44,
        "participants": [
          55
        ],
        "participant_types": [
          "Vehicle"
        ]
      },
      {
        "activity_id": 107,
        "type": "vehicle_stopping",
        "duration_frames": 43,
        "participants": [
          18
        ],
        "participant_types": [
          "Vehicle"
        ]
      },
      {
        "activity_id": 108,
        "type": "vehicle_stopping",
        "duration_frames": 27,
        "participants": [
          18
        ],
        "participant_types": [
          "Vehicle"
        ]
      },
      {
        "activity_id": 109,
        "type": "activity_standing",
        "duration_frames": 58,
        "participants": [
          58
        ],
        "participant_types": [
          "Person"
        ]
      },
      {
        "activity_id": 110,
        "type": "activity_standing",
        "duration_frames": 831,
        "participants": [
          58
        ],
        "participant_types": [
          "Person"
        ]
      },
      {
        "activity_id": 111,
        "type": "activity_standing",
        "duration_frames": 72,
        "participants": [
          15
        ],
        "participant_types": [
          "Person"
        ]
      },
      {
        "activity_id": 112,
        "type": "activity_standing",
        "duration_frames": 326,
        "participants": [
          15
        ],
        "participant_types": [
          "Person"
        ]
      },
      {
        "activity_id": 113,
        "type": "activity_standing",
        "duration_frames": 120,
        "participants": [
          9
        ],
        "participant_types": [
          "Person"
        ]
      },
      {
        "activity_id": 114,
        "type": "activity_standing",
        "duration_frames": 37,
        "participants": [
          9
        ],
        "participant_types": [
          "Person"
        ]
      },
      {
        "activity_id": 115,
        "type": "activity_standing",
        "duration_frames": 59,
        "participants": [
          3
        ],
        "participant_types": [
          "Person"
        ]
      },
      {
        "activity_id": 116,
        "type": "activity_standing",
        "duration_frames": 16,
        "participants": [
          54
        ],
        "participant_types": [
          "Person"
        ]
      },
      {
        "activity_id": 117,
        "type": "activity_standing",
        "duration_frames": 668,
        "participants": [
          54
        ],
        "participant_types": [
          "Person"
        ]
      },
      {
        "activity_id": 118,
        "type": "activity_standing",
        "duration_frames": 19,
        "participants": [
          54
        ],
        "participant_types": [
          "Person"
        ]
      },
      {
        "activity_id": 119,
        "type": "activity_standing",
        "duration_frames": 19,
        "participants": [
          54
        ],
        "participant_types": [
          "Person"
        ]
      },
      {
        "activity_id": 120,
        "type": "activity_standing",
        "duration_frames": 689,
        "participants": [
          6
        ],
        "participant_types": [
          "Person"
        ]
      },
      {
        "activity_id": 121,
        "type": "activity_standing",
        "duration_frames": 149,
        "participants": [
          6
        ],
        "participant_types": [
          "Person"
        ]
      },
      {
        "activity_id": 122,
        "type": "activity_standing",
        "duration_frames": 1937,
        "participants": [
          43
        ],
        "participant_types": [
          "Person"
        ]
      }
    ],
    "alerts": []
  }
}