{
  "VIRAT_S_000000": {
    "camera_id": "VIRAT_S_000000",
    "location": "Desconocida",
    "priority": "media",
    "date": "2025-05-27",
    "activity_summary": {
      "total_activities": 12,
      "activities": [
        {
          "name": "Closing 1",
          "instances": 1,
          "participants": [
            "Person"
          ]
        },
        {
          "name": "Entering 1",
          "instances": 1,
          "participants": [
            "Person"
          ]
        },
        {
          "name": "Opening 1",
          "instances": 1,
          "participants": [
            "Person"
          ]
        },
        {
          "name": "activity_carrying 1",
          "instances": 1,
          "participants": [
            "Person"
          ]
        },
        {
          "name": "activity_sitting 1",
          "instances": 1,
          "participants": [
            "Person"
          ]
        },
        {
          "name": "activity_standing 1",
          "instances": 1,
          "participants": [
            "Person"
          ]
        },
        {
          "name": "activity_walking 2",
          "instances": 2,
          "participants": [
            "Person"
          ]
        },
        {
          "name": "vehicle_moving 2",
          "instances": 2,
          "participants": [
            "Vehicle"
          ]
        },
        {
          "name": "vehicle_starting 2",
          "instances": 2,
          "participants": [
            "Vehicle"
          ]
        },
        {
          "name": "vehicle_stopping 1",
          "instances": 1,
          "participants": [
            "Vehicle"
          ]
        },
        {
          "name": "vehicle_turning_left 1",
          "instances": 1,
          "participants": [
            "Vehicle"
          ]
        },
        {
          "name": "vehicle_turning_right 1",
          "instances": 1,
          "participants": [
            "Vehicle"
          ]
        }
      ]
    },
    "object_counts": {
      "Person 2": 2,
      "Tree 10": 10,
      "Vehicle 10": 10
    },
    "specific_activities": [
      {
        "activity_id": 1,
        "type": "Entering",
        "duration_frames": 97,
        "participants": [
          0,
          2
        ],
        "participant_types": [
          "Person",
          "Vehicle"
        ]
      },
      {
        "activity_id": 2,
        "type": "Opening",
        "duration_frames": 40,
        "participants": [
          0,
          2
        ],
        "participant_types": [
          "Person",
          "Vehicle"
        ]
      },
      {
        "activity_id": 3,
        "type": "Closing",
        "duration_frames": 21,
        "participants": [
          0,
          2
        ],
        "participant_types": [
          "Person",
          "Vehicle"
        ]
      },
      {
        "activity_id": 4,
        "type": "vehicle_turning_right",
        "duration_frames": 78,
        "participants": [
          2
        ],
        "participant_types": [
          "Vehicle"
        ]
      },
      {
        "activity_id": 5,
        "type": "vehicle_starting",
        "duration_frames": 30,
        "participants": [
          2
        ],
        "participant_types": [
          "Vehicle"
        ]
      },
      {
        "activity_id": 6,
        "type": "vehicle_starting",
        "duration_frames": 29,
        "participants": [
          2
        ],
        "participant_types": [
          "Vehicle"
        ]
      },
      {
        "activity_id": 7,
        "type": "activity_standing",
        "duration_frames": 75,
        "participants": [
          0
        ],
        "participant_types": [
          "Person"
        ]
      },
      {
        "activity_id": 8,
        "type": "vehicle_moving",
        "duration_frames": 467,
        "participants": [
          2
        ],
        "participant_types": [
          "Vehicle"
        ]
      },
      {
        "activity_id": 9,
        "type": "vehicle_moving",
        "duration_frames": 258,
        "participants": [
          2
        ],
        "participant_types": [
          "Vehicle"
        ]
      },
      {
        "activity_id": 10,
        "type": "activity_walking",
        "duration_frames": 243,
        "participants": [
          0
        ],
        "participant_types": [
          "Person"
        ]
      },
      {
        "activity_id": 11,
        "type": "activity_walking",
        "duration_frames": 1120,
        "participants": [
          3
        ],
        "participant_types": [
          "Person"
        ]
      },
      {
        "activity_id": 12,
        "type": "activity_sitting",
        "duration_frames": 25,
        "participants": [
          0
        ],
        "participant_types": [
          "Person"
        ]
      },
      {
        "activity_id": 13,
        "type": "vehicle_turning_left",
        "duration_frames": 48,
        "participants": [
          2
        ],
        "participant_types": [
          "Vehicle"
        ]
      },
      {
        "activity_id": 14,
        "type": "vehicle_stopping",
        "duration_frames": 30,
        "participants": [
          2
        ],
        "participant_types": [
          "Vehicle"
        ]
      },
      {
        "activity_id": 15,
        "type": "activity_carrying",
        "duration_frames": 1111,
        "participants": [
          3
        ],
        "participant_types": [
          "Person"
        ]
      }
    ],
    "alerts": []
  }
}