{
  "VIRAT_S_000000": {
    "camera_id": "VIRAT_S_000000",
    "location": "Desconocida",
    "priority": "media",
    "date": "2025-05-27",
    "activity_summary": {
      "total_activities": 6,
      "activities": [
        {
          "name": "activity_carrying 3",
          "instances": 3,
          "participants": [
            "Person"
          ]
        },
        {
          "name": "activity_running 1",
          "instances": 1,
          "participants": [
            "Person"
          ]
        },
        {
          "name": "activity_walking 7",
          "instances": 7,
          "participants": [
            "Person"
          ]
        },
        {
          "name": "vehicle_moving 9",
          "instances": 9,
          "participants": [
            "Vehicle"
          ]
        },
        {
          "name": "vehicle_starting 1",
          "instances": 1,
          "participants": [
            "Vehicle"
          ]
        },
        {
          "name": "vehicle_stopping 5",
          "instances": 5,
          "participants": [
            "Vehicle"
          ]
        }
      ]
    },
    "object_counts": {
      "Door 1": 1,
      "Dumpster 1": 1,
      "Parking_Meter 1": 1,
      "Person 6": 6,
      "Tree 1": 1,
      "Vehicle 62": 62
    },
    "specific_activities": [
      {
        "activity_id": 1,
        "type": "vehicle_starting",
        "duration_frames": 413,
        "participants": [
          57
        ],
        "participant_types": [
          "Vehicle"
        ]
      },
      {
        "activity_id": 2,
        "type": "activity_running",
        "duration_frames": 77,
        "participants": [
          56
        ],
        "participant_types": [
          "Person"
        ]
      },
      {
        "activity_id": 3,
        "type": "activity_walking",
        "duration_frames": 813,
        "participants": [
          58
        ],
        "participant_types": [
          "Person"
        ]
      },
      {
        "activity_id": 4,
        "type": "activity_walking",
        "duration_frames": 290,
        "participants": [
          65
        ],
        "participant_types": [
          "Person"
        ]
      },
      {
        "activity_id": 5,
        "type": "activity_walking",
        "duration_frames": 23,
        "participants": [
          66
        ],
        "participant_types": [
          "Person"
        ]
      },
      {
        "activity_id": 6,
        "type": "activity_walking",
        "duration_frames": 137,
        "participants": [
          0
        ],
        "participant_types": [
          "Person"
        ]
      },
      {
        "activity_id": 7,
        "type": "activity_walking",
        "duration_frames": 765,
        "participants": [
          56
        ],
        "participant_types": [
          "Person"
        ]
      },
      {
        "activity_id": 8,
        "type": "activity_walking",
        "duration_frames": 62,
        "participants": [
          56
        ],
        "participant_types": [
          "Person"
        ]
      },
      {
        "activity_id": 9,
        "type": "activity_walking",
        "duration_frames": 40,
        "participants": [
          67
        ],
        "participant_types": [
          "Person"
        ]
      },
      {
        "activity_id": 10,
        "type": "activity_carrying",
        "duration_frames": 23,
        "participants": [
          67
        ],
        "participant_types": [
          "Person"
        ]
      },
      {
        "activity_id": 11,
        "type": "activity_carrying",
        "duration_frames": 137,
        "participants": [
          0
        ],
        "participant_types": [
          "Person"
        ]
      },
      {
        "activity_id": 12,
        "type": "activity_carrying",
        "duration_frames": 813,
        "participants": [
          58
        ],
        "participant_types": [
          "Person"
        ]
      },
      {
        "activity_id": 13,
        "type": "vehicle_stopping",
        "duration_frames": 104,
        "participants": [
          64
        ],
        "participant_types": [
          "Vehicle"
        ]
      },
      {
        "activity_id": 14,
        "type": "vehicle_stopping",
        "duration_frames": 60,
        "participants": [
          55
        ],
        "participant_types": [
          "Vehicle"
        ]
      },
      {
        "activity_id": 15,
        "type": "vehicle_stopping",
        "duration_frames": 46,
        "participants": [
          57
        ],
        "participant_types": [
          "Vehicle"
        ]
      },
      {
        "activity_id": 16,
        "type": "vehicle_stopping",
        "duration_frames": 93,
        "participants": [
          62
        ],
        "participant_types": [
          "Vehicle"
        ]
      },
      {
        "activity_id": 17,
        "type": "vehicle_stopping",
        "duration_frames": 83,
        "participants": [
          60
        ],
        "participant_types": [
          "Vehicle"
        ]
      },
      {
        "activity_id": 18,
        "type": "vehicle_moving",
        "duration_frames": 340,
        "participants": [
          64
        ],
        "participant_types": [
          "Vehicle"
        ]
      },
      {
        "activity_id": 19,
        "type": "vehicle_moving",
        "duration_frames": 152,
        "participants": [
          63
        ],
        "participant_types": [
          "Vehicle"
        ]
      },
      {
        "activity_id": 20,
        "type": "vehicle_moving",
        "duration_frames": 60,
        "participants": [
          55
        ],
        "participant_types": [
          "Vehicle"
        ]
      },
      {
        "activity_id": 21,
        "type": "vehicle_moving",
        "duration_frames": 149,
        "participants": [
          59
        ],
        "participant_types": [
          "Vehicle"
        ]
      },
      {
        "activity_id": 22,
        "type": "vehicle_moving",
        "duration_frames": 253,
        "participants": [
          62
        ],
        "participant_types": [
          "Vehicle"
        ]
      },
      {
        "activity_id": 23,
        "type": "vehicle_moving",
        "duration_frames": 148,
        "participants": [
          61
        ],
        "participant_types": [
          "Vehicle"
        ]
      },
      {
        "activity_id": 24,
        "type": "vehicle_moving",
        "duration_frames": 311,
        "participants": [
          57
        ],
        "participant_types": [
          "Vehicle"
        ]
      },
      {
        "activity_id": 25,
        "type": "vehicle_moving",
        "duration_frames": 413,
        "participants": [
          57
        ],
        "participant_types": [
          "Vehicle"
        ]
      },
      {
        "activity_id": 26,
        "type": "vehicle_moving",
        "duration_frames": 281,
        "participants": [
          60
        ],
        "participant_types": [
          "Vehicle"
        ]
      }
    ],
    "alerts": []
  }
}