{
  "VIRAT_S_000000": {
    "camera_id": "VIRAT_S_000000",
    "location": "Desconocida",
    "priority": "media",
    "date": "2025-05-27",
    "activity_summary": {
      "total_activities": 14,
      "activities": [
        {
          "name": "Closing 1",
          "instances": 1,
          "participants": [
            "Person"
          ]
        },
        {
          "name": "Closing_Trunk 1",
          "instances": 1,
          "participants": [
            "Person"
          ]
        },
        {
          "name": "Exiting 1",
          "instances": 1,
          "participants": [
            "Person"
          ]
        },
        {
          "name": "Interacts 1",
          "instances": 1,
          "participants": [
            "Person"
          ]
        },
        {
          "name": "Open_Trunk 1",
          "instances": 1,
          "participants": [
            "Person"
          ]
        },
        {
          "name": "Talking 1",
          "instances": 1,
          "participants": [
            "Person"
          ]
        },
        {
          "name": "activity_carrying 10",
          "instances": 10,
          "participants": [
            "Person"
          ]
        },
        {
          "name": "activity_standing 4",
          "instances": 4,
          "participants": [
            "Person"
          ]
        },
        {
          "name": "activity_walking 17",
          "instances": 17,
          "participants": [
            "Person"
          ]
        },
        {
          "name": "vehicle_moving 12",
          "instances": 12,
          "participants": [
            "Vehicle"
          ]
        },
        {
          "name": "vehicle_starting 1",
          "instances": 1,
          "participants": [
            "Vehicle"
          ]
        },
        {
          "name": "vehicle_stopping 6",
          "instances": 6,
          "participants": [
            "Vehicle"
          ]
        },
        {
          "name": "vehicle_turning_left 5",
          "instances": 5,
          "participants": [
            "Vehicle"
          ]
        },
        {
          "name": "vehicle_turning_right 1",
          "instances": 1,
          "participants": [
            "Vehicle"
          ]
        }
      ]
    },
    "object_counts": {
      "Door 1": 1,
      "Dumpster 1": 1,
      "Parking_Meter 1": 1,
      "Person 16": 16,
      "Tree 1": 1,
      "Vehicle 67": 67
    },
    "specific_activities": [
      {
        "activity_id": 1,
        "type": "Talking",
        "duration_frames": 803,
        "participants": [
          75,
          83
        ],
        "participant_types": [
          "Person",
          "Person"
        ]
      },
      {
        "activity_id": 2,
        "type": "Interacts",
        "duration_frames": 371,
        "participants": [
          66,
          76
        ],
        "participant_types": [
          "Vehicle",
          "Person"
        ]
      },
      {
        "activity_id": 3,
        "type": "Open_Trunk",
        "duration_frames": 56,
        "participants": [
          66,
          76
        ],
        "participant_types": [
          "Vehicle",
          "Person"
        ]
      },
      {
        "activity_id": 4,
        "type": "Closing_Trunk",
        "duration_frames": 56,
        "participants": [
          76,
          66
        ],
        "participant_types": [
          "Person",
          "Vehicle"
        ]
      },
      {
        "activity_id": 5,
        "type": "Exiting",
        "duration_frames": 76,
        "participants": [
          66,
          76
        ],
        "participant_types": [
          "Vehicle",
          "Person"
        ]
      },
      {
        "activity_id": 6,
        "type": "Closing",
        "duration_frames": 43,
        "participants": [
          76,
          66
        ],
        "participant_types": [
          "Person",
          "Vehicle"
        ]
      },
      {
        "activity_id": 7,
        "type": "vehicle_moving",
        "duration_frames": 207,
        "participants": [
          65
        ],
        "participant_types": [
          "Vehicle"
        ]
      },
      {
        "activity_id": 8,
        "type": "vehicle_moving",
        "duration_frames": 112,
        "participants": [
          67
        ],
        "participant_types": [
          "Vehicle"
        ]
      },
      {
        "activity_id": 9,
        "type": "vehicle_moving",
        "duration_frames": 59,
        "participants": [
          61
        ],
        "participant_types": [
          "Vehicle"
        ]
      },
      {
        "activity_id": 10,
        "type": "vehicle_moving",
        "duration_frames": 323,
        "participants": [
          59
        ],
        "participant_types": [
          "Vehicle"
        ]
      },
      {
        "activity_id": 11,
        "type": "vehicle_moving",
        "duration_frames": 468,
        "participants": [
          66
        ],
        "participant_types": [
          "Vehicle"
        ]
      },
      {
        "activity_id": 12,
        "type": "vehicle_moving",
        "duration_frames": 169,
        "participants": [
          57
        ],
        "participant_types": [
          "Vehicle"
        ]
      },
      {
        "activity_id": 13,
        "type": "vehicle_moving",
        "duration_frames": 330,
        "participants": [
          63
        ],
        "participant_types": [
          "Vehicle"
        ]
      },
      {
        "activity_id": 14,
        "type": "vehicle_moving",
        "duration_frames": 171,
        "participants": [
          64
        ],
        "participant_types": [
          "Vehicle"
        ]
      },
      {
        "activity_id": 15,
        "type": "vehicle_moving",
        "duration_frames": 320,
        "participants": [
          64
        ],
        "participant_types": [
          "Vehicle"
        ]
      },
      {
        "activity_id": 16,
        "type": "vehicle_moving",
        "duration_frames": 376,
        "participants": [
          62
        ],
        "participant_types": [
          "Vehicle"
        ]
      },
      {
        "activity_id": 17,
        "type": "vehicle_moving",
        "duration_frames": 256,
        "participants": [
          58
        ],
        "participant_types": [
          "Vehicle"
        ]
      },
      {
        "activity_id": 18,
        "type": "vehicle_moving",
        "duration_frames": 277,
        "participants": [
          60
        ],
        "participant_types": [
          "Vehicle"
        ]
      },
      {
        "activity_id": 19,
        "type": "activity_walking",
        "duration_frames": 1376,
        "participants": [
          70
        ],
        "participant_types": [
          "Person"
        ]
      },
      {
        "activity_id": 20,
        "type": "activity_walking",
        "duration_frames": 318,
        "participants": [
          74
        ],
        "participant_types": [
          "Person"
        ]
      },
      {
        "activity_id": 21,
        "type": "activity_walking",
        "duration_frames": 471,
        "participants": [
          72
        ],
        "participant_types": [
          "Person"
        ]
      },
      {
        "activity_id": 22,
        "type": "activity_walking",
        "duration_frames": 805,
        "participants": [
          82
        ],
        "participant_types": [
          "Person"
        ]
      },
      {
        "activity_id": 23,
        "type": "activity_walking",
        "duration_frames": 1149,
        "participants": [
          68
        ],
        "participant_types": [
          "Person"
        ]
      },
      {
        "activity_id": 24,
        "type": "activity_walking",
        "duration_frames": 1353,
        "participants": [
          75
        ],
        "participant_types": [
          "Person"
        ]
      },
      {
        "activity_id": 25,
        "type": "activity_walking",
        "duration_frames": 1250,
        "participants": [
          69
        ],
        "participant_types": [
          "Person"
        ]
      },
      {
        "activity_id": 26,
        "type": "activity_walking",
        "duration_frames": 560,
        "participants": [
          78
        ],
        "participant_types": [
          "Person"
        ]
      },
      {
        "activity_id": 27,
        "type": "activity_walking",
        "duration_frames": 1784,
        "participants": [
          71
        ],
        "participant_types": [
          "Person"
        ]
      },
      {
        "activity_id": 28,
        "type": "activity_walking",
        "duration_frames": 1743,
        "participants": [
          77
        ],
        "participant_types": [
          "Person"
        ]
      },
      {
        "activity_id": 29,
        "type": "activity_walking",
        "duration_frames": 667,
        "participants": [
          79
        ],
        "participant_types": [
          "Person"
        ]
      },
      {
        "activity_id": 30,
        "type": "activity_walking",
        "duration_frames": 1793,
        "participants": [
          73
        ],
        "participant_types": [
          "Person"
        ]
      },
      {
        "activity_id": 31,
        "type": "activity_walking",
        "duration_frames": 477,
        "participants": [
          80
        ],
        "participant_types": [
          "Person"
        ]
      },
      {
        "activity_id": 32,
        "type": "activity_walking",
        "duration_frames": 479,
        "participants": [
          81
        ],
        "participant_types": [
          "Person"
        ]
      },
      {
        "activity_id": 33,
        "type": "activity_walking",
        "duration_frames": 87,
        "participants": [
          76
        ],
        "participant_types": [
          "Person"
        ]
      },
      {
        "activity_id": 34,
        "type": "activity_walking",
        "duration_frames": 1512,
        "participants": [
          76
        ],
        "participant_types": [
          "Person"
        ]
      },
      {
        "activity_id": 35,
        "type": "activity_walking",
        "duration_frames": 364,
        "participants": [
          83
        ],
        "participant_types": [
          "Person"
        ]
      },
      {
        "activity_id": 36,
        "type": "vehicle_starting",
        "duration_frames": 60,
        "participants": [
          64
        ],
        "participant_types": [
          "Vehicle"
        ]
      },
      {
        "activity_id": 37,
        "type": "vehicle_turning_right",
        "duration_frames": 28,
        "participants": [
          67
        ],
        "participant_types": [
          "Vehicle"
        ]
      },
      {
        "activity_id": 38,
        "type": "vehicle_stopping",
        "duration_frames": 40,
        "participants": [
          62
        ],
        "participant_types": [
          "Vehicle"
        ]
      },
      {
        "activity_id": 39,
        "type": "vehicle_stopping",
        "duration_frames": 79,
        "participants": [
          64
        ],
        "participant_types": [
          "Vehicle"
        ]
      },
      {
        "activity_id": 40,
        "type": "vehicle_stopping",
        "duration_frames": 28,
        "participants": [
          60
        ],
        "participant_types": [
          "Vehicle"
        ]
      },
      {
        "activity_id": 41,
        "type": "vehicle_stopping",
        "duration_frames": 33,
        "participants": [
          66
        ],
        "participant_types": [
          "Vehicle"
        ]
      },
      {
        "activity_id": 42,
        "type": "vehicle_stopping",
        "duration_frames": 47,
        "participants": [
          58
        ],
        "participant_types": [
          "Vehicle"
        ]
      },
      {
        "activity_id": 43,
        "type": "vehicle_stopping",
        "duration_frames": 44,
        "participants": [
          59
        ],
        "participant_types": [
          "Vehicle"
        ]
      },
      {
        "activity_id": 44,
        "type": "vehicle_turning_left",
        "duration_frames": 199,
        "participants": [
          64
        ],
        "participant_types": [
          "Vehicle"
        ]
      },
      {
        "activity_id": 45,
        "type": "vehicle_turning_left",
        "duration_frames": 59,
        "participants": [
          61
        ],
        "participant_types": [
          "Vehicle"
        ]
      },
      {
        "activity_id": 46,
        "type": "vehicle_turning_left",
        "duration_frames": 70,
        "participants": [
          60
        ],
        "participant_types": [
          "Vehicle"
        ]
      },
      {
        "activity_id": 47,
        "type": "vehicle_turning_left",
        "duration_frames": 81,
        "participants": [
          66
        ],
        "participant_types": [
          "Vehicle"
        ]
      },
      {
        "activity_id": 48,
        "type": "vehicle_turning_left",
        "duration_frames": 159,
        "participants": [
          66
        ],
        "participant_types": [
          "Vehicle"
        ]
      },
      {
        "activity_id": 49,
        "type": "activity_standing",
        "duration_frames": 758,
        "participants": [
          83
        ],
        "participant_types": [
          "Person"
        ]
      },
      {
        "activity_id": 50,
        "type": "activity_standing",
        "duration_frames": 22,
        "participants": [
          76
        ],
        "participant_types": [
          "Person"
        ]
      },
      {
        "activity_id": 51,
        "type": "activity_standing",
        "duration_frames": 440,
        "participants": [
          76
        ],
        "participant_types": [
          "Person"
        ]
      },
      {
        "activity_id": 52,
        "type": "activity_standing",
        "duration_frames": 768,
        "participants": [
          75
        ],
        "participant_types": [
          "Person"
        ]
      },
      {
        "activity_id": 53,
        "type": "activity_carrying",
        "duration_frames": 804,
        "participants": [
          73
        ],
        "participant_types": [
          "Person"
        ]
      },
      {
        "activity_id": 54,
        "type": "activity_carrying",
        "duration_frames": 709,
        "participants": [
          82
        ],
        "participant_types": [
          "Person"
        ]
      },
      {
        "activity_id": 55,
        "type": "activity_carrying",
        "duration_frames": 477,
        "participants": [
          80
        ],
        "participant_types": [
          "Person"
        ]
      },
      {
        "activity_id": 56,
        "type": "activity_carrying",
        "duration_frames": 1149,
        "participants": [
          68
        ],
        "participant_types": [
          "Person"
        ]
      },
      {
        "activity_id": 57,
        "type": "activity_carrying",
        "duration_frames": 1784,
        "participants": [
          71
        ],
        "participant_types": [
          "Person"
        ]
      },
      {
        "activity_id": 58,
        "type": "activity_carrying",
        "duration_frames": 661,
        "participants": [
          70
        ],
        "participant_types": [
          "Person"
        ]
      },
      {
        "activity_id": 59,
        "type": "activity_carrying",
        "duration_frames": 435,
        "participants": [
          72
        ],
        "participant_types": [
          "Person"
        ]
      },
      {
        "activity_id": 60,
        "type": "activity_carrying",
        "duration_frames": 1669,
        "participants": [
          77
        ],
        "participant_types": [
          "Person"
        ]
      },
      {
        "activity_id": 61,
        "type": "activity_carrying",
        "duration_frames": 1408,
        "participants": [
          76
        ],
        "participant_types": [
          "Person"
        ]
      },
      {
        "activity_id": 62,
        "type": "activity_carrying",
        "duration_frames": 246,
        "participants": [
          78
        ],
        "participant_types": [
          "Person"
        ]
      }
    ],
    "alerts": []
  }
}