{
  "VIRAT_S_000000": {
    "camera_id": "VIRAT_S_000000",
    "location": "Desconocida",
    "priority": "media",
    "date": "2025-05-27",
    "activity_summary": {
      "total_activities": 16,
      "activities": [
        {
          "name": "Closing 1",
          "instances": 1,
          "participants": [
            "Person"
          ]
        },
        {
          "name": "Exiting 1",
          "instances": 1,
          "participants": [
            "Person"
          ]
        },
        {
          "name": "Interacts 1",
          "instances": 1,
          "participants": [
            "Person"
          ]
        },
        {
          "name": "Open_Trunk 1",
          "instances": 1,
          "participants": [
            "Person"
          ]
        },
        {
          "name": "Opening 1",
          "instances": 1,
          "participants": [
            "Person"
          ]
        },
        {
          "name": "Pull 1",
          "instances": 1,
          "participants": [
            "Person"
          ]
        },
        {
          "name": "Transport_HeavyCarry 1",
          "instances": 1,
          "participants": [
            "Person"
          ]
        },
        {
          "name": "Unloading 1",
          "instances": 1,
          "participants": [
            "Person"
          ]
        },
        {
          "name": "activity_standing 3",
          "instances": 3,
          "participants": [
            "Person"
          ]
        },
        {
          "name": "activity_walking 3",
          "instances": 3,
          "participants": [
            "Person"
          ]
        },
        {
          "name": "vehicle_moving 4",
          "instances": 4,
          "participants": [
            "Vehicle"
          ]
        },
        {
          "name": "vehicle_starting 2",
          "instances": 2,
          "participants": [
            "Vehicle"
          ]
        },
        {
          "name": "vehicle_stopping 2",
          "instances": 2,
          "participants": [
            "Vehicle"
          ]
        },
        {
          "name": "vehicle_turning_left 1",
          "instances": 1,
          "participants": [
            "Vehicle"
          ]
        },
        {
          "name": "vehicle_turning_right 2",
          "instances": 2,
          "participants": [
            "Vehicle"
          ]
        },
        {
          "name": "vehicle_u_turn 2",
          "instances": 2,
          "participants": [
            "Vehicle"
          ]
        }
      ]
    },
    "object_counts": {
      "Person 3": 3,
      "Push_Pulled_Object 1": 1,
      "Tree 5": 5,
      "Vehicle 7": 7
    },
    "specific_activities": [
      {
        "activity_id": 1,
        "type": "Interacts",
        "duration_frames": 167,
        "participants": [
          7,
          10
        ],
        "participant_types": [
          "Person",
          "Push_Pulled_Object"
        ]
      },
      {
        "activity_id": 2,
        "type": "Open_Trunk",
        "duration_frames": 45,
        "participants": [
          6,
          7
        ],
        "participant_types": [
          "Vehicle",
          "Person"
        ]
      },
      {
        "activity_id": 3,
        "type": "Unloading",
        "duration_frames": 92,
        "participants": [
          10,
          6,
          7
        ],
        "participant_types": [
          "Push_Pulled_Object",
          "Vehicle",
          "Person"
        ]
      },
      {
        "activity_id": 4,
        "type": "Transport_HeavyCarry",
        "duration_frames": 59,
        "participants": [
          7,
          10
        ],
        "participant_types": [
          "Person",
          "Push_Pulled_Object"
        ]
      },
      {
        "activity_id": 5,
        "type": "Pull",
        "duration_frames": 58,
        "participants": [
          7,
          10
        ],
        "participant_types": [
          "Person",
          "Push_Pulled_Object"
        ]
      },
      {
        "activity_id": 6,
        "type": "Exiting",
        "duration_frames": 94,
        "participants": [
          6,
          7
        ],
        "participant_types": [
          "Vehicle",
          "Person"
        ]
      },
      {
        "activity_id": 7,
        "type": "Opening",
        "duration_frames": 75,
        "participants": [
          6,
          7
        ],
        "participant_types": [
          "Vehicle",
          "Person"
        ]
      },
      {
        "activity_id": 8,
        "type": "Closing",
        "duration_frames": 19,
        "participants": [
          6,
          7
        ],
        "participant_types": [
          "Vehicle",
          "Person"
        ]
      },
      {
        "activity_id": 9,
        "type": "vehicle_moving",
        "duration_frames": 358,
        "participants": [
          0
        ],
        "participant_types": [
          "Vehicle"
        ]
      },
      {
        "activity_id": 10,
        "type": "vehicle_moving",
        "duration_frames": 105,
        "participants": [
          6
        ],
        "participant_types": [
          "Vehicle"
        ]
      },
      {
        "activity_id": 11,
        "type": "vehicle_moving",
        "duration_frames": 510,
        "participants": [
          6
        ],
        "participant_types": [
          "Vehicle"
        ]
      },
      {
        "activity_id": 12,
        "type": "vehicle_moving",
        "duration_frames": 42,
        "participants": [
          6
        ],
        "participant_types": [
          "Vehicle"
        ]
      },
      {
        "activity_id": 13,
        "type": "vehicle_stopping",
        "duration_frames": 34,
        "participants": [
          0
        ],
        "participant_types": [
          "Vehicle"
        ]
      },
      {
        "activity_id": 14,
        "type": "vehicle_stopping",
        "duration_frames": 78,
        "participants": [
          6
        ],
        "participant_types": [
          "Vehicle"
        ]
      },
      {
        "activity_id": 15,
        "type": "vehicle_starting",
        "duration_frames": 23,
        "participants": [
          0
        ],
        "participant_types": [
          "Vehicle"
        ]
      },
      {
        "activity_id": 16,
        "type": "vehicle_starting",
        "duration_frames": 42,
        "participants": [
          6
        ],
        "participant_types": [
          "Vehicle"
        ]
      },
      {
        "activity_id": 17,
        "type": "vehicle_turning_left",
        "duration_frames": 88,
        "participants": [
          6
        ],
        "participant_types": [
          "Vehicle"
        ]
      },
      {
        "activity_id": 18,
        "type": "activity_walking",
        "duration_frames": 53,
        "participants": [
          7
        ],
        "participant_types": [
          "Person"
        ]
      },
      {
        "activity_id": 19,
        "type": "activity_walking",
        "duration_frames": 153,
        "participants": [
          7
        ],
        "participant_types": [
          "Person"
        ]
      },
      {
        "activity_id": 20,
        "type": "activity_walking",
        "duration_frames": 1248,
        "participants": [
          8
        ],
        "participant_types": [
          "Person"
        ]
      },
      {
        "activity_id": 21,
        "type": "vehicle_u_turn",
        "duration_frames": 157,
        "participants": [
          6
        ],
        "participant_types": [
          "Vehicle"
        ]
      },
      {
        "activity_id": 22,
        "type": "vehicle_u_turn",
        "duration_frames": 37,
        "participants": [
          6
        ],
        "participant_types": [
          "Vehicle"
        ]
      },
      {
        "activity_id": 23,
        "type": "vehicle_turning_right",
        "duration_frames": 59,
        "participants": [
          0
        ],
        "participant_types": [
          "Vehicle"
        ]
      },
      {
        "activity_id": 24,
        "type": "vehicle_turning_right",
        "duration_frames": 35,
        "participants": [
          6
        ],
        "participant_types": [
          "Vehicle"
        ]
      },
      {
        "activity_id": 25,
        "type": "activity_standing",
        "duration_frames": 1599,
        "participants": [
          9
        ],
        "participant_types": [
          "Person"
        ]
      },
      {
        "activity_id": 26,
        "type": "activity_standing",
        "duration_frames": 99,
        "participants": [
          7
        ],
        "participant_types": [
          "Person"
        ]
      },
      {
        "activity_id": 27,
        "type": "activity_standing",
        "duration_frames": 308,
        "participants": [
          7
        ],
        "participant_types": [
          "Person"
        ]
      }
    ],
    "alerts": []
  }
}