{
  "VIRAT_S_000000": {
    "camera_id": "VIRAT_S_000000",
    "location": "Desconocida",
    "priority": "media",
    "date": "2025-05-27",
    "activity_summary": {
      "total_activities": 14,
      "activities": [
        {
          "name": "Closing 1",
          "instances": 1,
          "participants": [
            "Person"
          ]
        },
        {
          "name": "Exiting 1",
          "instances": 1,
          "participants": [
            "Person"
          ]
        },
        {
          "name": "Interacts 4",
          "instances": 4,
          "participants": [
            "Person"
          ]
        },
        {
          "name": "Riding 1",
          "instances": 1,
          "participants": [
            "Person"
          ]
        },
        {
          "name": "activity_carrying 7",
          "instances": 7,
          "participants": [
            "Person"
          ]
        },
        {
          "name": "activity_running 1",
          "instances": 1,
          "participants": [
            "Person"
          ]
        },
        {
          "name": "activity_standing 5",
          "instances": 5,
          "participants": [
            "Person"
          ]
        },
        {
          "name": "activity_walking 11",
          "instances": 11,
          "participants": [
            "Person"
          ]
        },
        {
          "name": "specialized_using_tool 4",
          "instances": 4,
          "participants": [
            "Person"
          ]
        },
        {
          "name": "vehicle_moving 29",
          "instances": 29,
          "participants": [
            "Vehicle"
          ]
        },
        {
          "name": "vehicle_starting 7",
          "instances": 7,
          "participants": [
            "Vehicle"
          ]
        },
        {
          "name": "vehicle_stopping 8",
          "instances": 8,
          "participants": [
            "Vehicle"
          ]
        },
        {
          "name": "vehicle_turning_left 4",
          "instances": 4,
          "participants": [
            "Vehicle"
          ]
        },
        {
          "name": "vehicle_turning_right 1",
          "instances": 1,
          "participants": [
            "Vehicle"
          ]
        }
      ]
    },
    "object_counts": {
      "Bike 1": 1,
      "Door 1": 1,
      "Dumpster 1": 1,
      "Parking_Meter 1": 1,
      "Person 11": 11,
      "Tree 1": 1,
      "Vehicle 32": 32
    },
    "specific_activities": [
      {
        "activity_id": 1,
        "type": "Interacts",
        "duration_frames": 2037,
        "participants": [
          34,
          5000
        ],
        "participant_types": [
          "Person",
          "Parking_Meter"
        ]
      },
      {
        "activity_id": 2,
        "type": "Interacts",
        "duration_frames": 405,
        "participants": [
          34,
          5000
        ],
        "participant_types": [
          "Person",
          "Parking_Meter"
        ]
      },
      {
        "activity_id": 3,
        "type": "Interacts",
        "duration_frames": 229,
        "participants": [
          34,
          5000
        ],
        "participant_types": [
          "Person",
          "Parking_Meter"
        ]
      },
      {
        "activity_id": 4,
        "type": "Interacts",
        "duration_frames": 305,
        "participants": [
          34,
          5000
        ],
        "participant_types": [
          "Person",
          "Parking_Meter"
        ]
      },
      {
        "activity_id": 5,
        "type": "Riding",
        "duration_frames": 213,
        "participants": [
          42,
          43
        ],
        "participant_types": [
          "Person",
          "Bike"
        ]
      },
      {
        "activity_id": 6,
        "type": "Exiting",
        "duration_frames": 560,
        "participants": [
          44,
          1
        ],
        "participant_types": [
          "Person",
          "Vehicle"
        ]
      },
      {
        "activity_id": 7,
        "type": "Closing",
        "duration_frames": 53,
        "participants": [
          1,
          44
        ],
        "participant_types": [
          "Vehicle",
          "Person"
        ]
      },
      {
        "activity_id": 8,
        "type": "activity_carrying",
        "duration_frames": 4682,
        "participants": [
          33
        ],
        "participant_types": [
          "Person"
        ]
      },
      {
        "activity_id": 9,
        "type": "activity_carrying",
        "duration_frames": 366,
        "participants": [
          36
        ],
        "participant_types": [
          "Person"
        ]
      },
      {
        "activity_id": 10,
        "type": "activity_carrying",
        "duration_frames": 586,
        "participants": [
          41
        ],
        "participant_types": [
          "Person"
        ]
      },
      {
        "activity_id": 11,
        "type": "activity_carrying",
        "duration_frames": 563,
        "participants": [
          35
        ],
        "participant_types": [
          "Person"
        ]
      },
      {
        "activity_id": 12,
        "type": "activity_carrying",
        "duration_frames": 205,
        "participants": [
          42
        ],
        "participant_types": [
          "Person"
        ]
      },
      {
        "activity_id": 13,
        "type": "activity_carrying",
        "duration_frames": 1392,
        "participants": [
          39
        ],
        "participant_types": [
          "Person"
        ]
      },
      {
        "activity_id": 14,
        "type": "activity_carrying",
        "duration_frames": 108,
        "participants": [
          37
        ],
        "participant_types": [
          "Person"
        ]
      },
      {
        "activity_id": 15,
        "type": "specialized_using_tool",
        "duration_frames": 3356,
        "participants": [
          33
        ],
        "participant_types": [
          "Person"
        ]
      },
      {
        "activity_id": 16,
        "type": "specialized_using_tool",
        "duration_frames": 366,
        "participants": [
          36
        ],
        "participant_types": [
          "Person"
        ]
      },
      {
        "activity_id": 17,
        "type": "specialized_using_tool",
        "duration_frames": 563,
        "participants": [
          35
        ],
        "participant_types": [
          "Person"
        ]
      },
      {
        "activity_id": 18,
        "type": "specialized_using_tool",
        "duration_frames": 108,
        "participants": [
          37
        ],
        "participant_types": [
          "Person"
        ]
      },
      {
        "activity_id": 19,
        "type": "vehicle_turning_right",
        "duration_frames": 81,
        "participants": [
          32
        ],
        "participant_types": [
          "Vehicle"
        ]
      },
      {
        "activity_id": 20,
        "type": "vehicle_starting",
        "duration_frames": 75,
        "participants": [
          9
        ],
        "participant_types": [
          "Vehicle"
        ]
      },
      {
        "activity_id": 21,
        "type": "vehicle_starting",
        "duration_frames": 73,
        "participants": [
          12
        ],
        "participant_types": [
          "Vehicle"
        ]
      },
      {
        "activity_id": 22,
        "type": "vehicle_starting",
        "duration_frames": 43,
        "participants": [
          18
        ],
        "participant_types": [
          "Vehicle"
        ]
      },
      {
        "activity_id": 23,
        "type": "vehicle_starting",
        "duration_frames": 96,
        "participants": [
          7
        ],
        "participant_types": [
          "Vehicle"
        ]
      },
      {
        "activity_id": 24,
        "type": "vehicle_starting",
        "duration_frames": 50,
        "participants": [
          15
        ],
        "participant_types": [
          "Vehicle"
        ]
      },
      {
        "activity_id": 25,
        "type": "vehicle_starting",
        "duration_frames": 53,
        "participants": [
          8
        ],
        "participant_types": [
          "Vehicle"
        ]
      },
      {
        "activity_id": 26,
        "type": "vehicle_starting",
        "duration_frames": 57,
        "participants": [
          20
        ],
        "participant_types": [
          "Vehicle"
        ]
      },
      {
        "activity_id": 27,
        "type": "vehicle_turning_left",
        "duration_frames": 45,
        "participants": [
          25
        ],
        "participant_types": [
          "Vehicle"
        ]
      },
      {
        "activity_id": 28,
        "type": "vehicle_turning_left",
        "duration_frames": 63,
        "participants": [
          26
        ],
        "participant_types": [
          "Vehicle"
        ]
      },
      {
        "activity_id": 29,
        "type": "vehicle_turning_left",
        "duration_frames": 31,
        "participants": [
          32
        ],
        "participant_types": [
          "Vehicle"
        ]
      },
      {
        "activity_id": 30,
        "type": "vehicle_turning_left",
        "duration_frames": 22,
        "participants": [
          27
        ],
        "participant_types": [
          "Vehicle"
        ]
      },
      {
        "activity_id": 31,
        "type": "activity_running",
        "duration_frames": 855,
        "participants": [
          38
        ],
        "participant_types": [
          "Person"
        ]
      },
      {
        "activity_id": 32,
        "type": "activity_walking",
        "duration_frames": 607,
        "participants": [
          34
        ],
        "participant_types": [
          "Person"
        ]
      },
      {
        "activity_id": 33,
        "type": "activity_walking",
        "duration_frames": 134,
        "participants": [
          34
        ],
        "participant_types": [
          "Person"
        ]
      },
      {
        "activity_id": 34,
        "type": "activity_walking",
        "duration_frames": 571,
        "participants": [
          34
        ],
        "participant_types": [
          "Person"
        ]
      },
      {
        "activity_id": 35,
        "type": "activity_walking",
        "duration_frames": 1421,
        "participants": [
          39
        ],
        "participant_types": [
          "Person"
        ]
      },
      {
        "activity_id": 36,
        "type": "activity_walking",
        "duration_frames": 1486,
        "participants": [
          33
        ],
        "participant_types": [
          "Person"
        ]
      },
      {
        "activity_id": 37,
        "type": "activity_walking",
        "duration_frames": 1633,
        "participants": [
          33
        ],
        "participant_types": [
          "Person"
        ]
      },
      {
        "activity_id": 38,
        "type": "activity_walking",
        "duration_frames": 108,
        "participants": [
          37
        ],
        "participant_types": [
          "Person"
        ]
      },
      {
        "activity_id": 39,
        "type": "activity_walking",
        "duration_frames": 203,
        "participants": [
          40
        ],
        "participant_types": [
          "Person"
        ]
      },
      {
        "activity_id": 40,
        "type": "activity_walking",
        "duration_frames": 563,
        "participants": [
          35
        ],
        "participant_types": [
          "Person"
        ]
      },
      {
        "activity_id": 41,
        "type": "activity_walking",
        "duration_frames": 631,
        "participants": [
          41
        ],
        "participant_types": [
          "Person"
        ]
      },
      {
        "activity_id": 42,
        "type": "activity_walking",
        "duration_frames": 366,
        "participants": [
          36
        ],
        "participant_types": [
          "Person"
        ]
      },
      {
        "activity_id": 43,
        "type": "activity_standing",
        "duration_frames": 1396,
        "participants": [
          33
        ],
        "participant_types": [
          "Person"
        ]
      },
      {
        "activity_id": 44,
        "type": "activity_standing",
        "duration_frames": 164,
        "participants": [
          33
        ],
        "participant_types": [
          "Person"
        ]
      },
      {
        "activity_id": 45,
        "type": "activity_standing",
        "duration_frames": 154,
        "participants": [
          44
        ],
        "participant_types": [
          "Person"
        ]
      },
      {
        "activity_id": 46,
        "type": "activity_standing",
        "duration_frames": 4731,
        "participants": [
          34
        ],
        "participant_types": [
          "Person"
        ]
      },
      {
        "activity_id": 47,
        "type": "activity_standing",
        "duration_frames": 597,
        "participants": [
          34
        ],
        "participant_types": [
          "Person"
        ]
      },
      {
        "activity_id": 48,
        "type": "vehicle_moving",
        "duration_frames": 21,
        "participants": [
          30
        ],
        "participant_types": [
          "Vehicle"
        ]
      },
      {
        "activity_id": 49,
        "type": "vehicle_moving",
        "duration_frames": 338,
        "participants": [
          8
        ],
        "participant_types": [
          "Vehicle"
        ]
      },
      {
        "activity_id": 50,
        "type": "vehicle_moving",
        "duration_frames": 165,
        "participants": [
          29
        ],
        "participant_types": [
          "Vehicle"
        ]
      },
      {
        "activity_id": 51,
        "type": "vehicle_moving",
        "duration_frames": 214,
        "participants": [
          13
        ],
        "participant_types": [
          "Vehicle"
        ]
      },
      {
        "activity_id": 52,
        "type": "vehicle_moving",
        "duration_frames": 223,
        "participants": [
          18
        ],
        "participant_types": [
          "Vehicle"
        ]
      },
      {
        "activity_id": 53,
        "type": "vehicle_moving",
        "duration_frames": 105,
        "participants": [
          5
        ],
        "participant_types": [
          "Vehicle"
        ]
      },
      {
        "activity_id": 54,
        "type": "vehicle_moving",
        "duration_frames": 160,
        "participants": [
          28
        ],
        "participant_types": [
          "Vehicle"
        ]
      },
      {
        "activity_id": 55,
        "type": "vehicle_moving",
        "duration_frames": 7,
        "participants": [
          24
        ],
        "participant_types": [
          "Vehicle"
        ]
      },
      {
        "activity_id": 56,
        "type": "vehicle_moving",
        "duration_frames": 143,
        "participants": [
          6
        ],
        "participant_types": [
          "Vehicle"
        ]
      },
      {
        "activity_id": 57,
        "type": "vehicle_moving",
        "duration_frames": 39,
        "participants": [
          23
        ],
        "participant_types": [
          "Vehicle"
        ]
      },
      {
        "activity_id": 58,
        "type": "vehicle_moving",
        "duration_frames": 332,
        "participants": [
          12
        ],
        "participant_types": [
          "Vehicle"
        ]
      },
      {
        "activity_id": 59,
        "type": "vehicle_moving",
        "duration_frames": 143,
        "participants": [
          22
        ],
        "participant_types": [
          "Vehicle"
        ]
      },
      {
        "activity_id": 60,
        "type": "vehicle_moving",
        "duration_frames": 133,
        "participants": [
          10
        ],
        "participant_types": [
          "Vehicle"
        ]
      },
      {
        "activity_id": 61,
        "type": "vehicle_moving",
        "duration_frames": 351,
        "participants": [
          20
        ],
        "participant_types": [
          "Vehicle"
        ]
      },
      {
        "activity_id": 62,
        "type": "vehicle_moving",
        "duration_frames": 147,
        "participants": [
          17
        ],
        "participant_types": [
          "Vehicle"
        ]
      },
      {
        "activity_id": 63,
        "type": "vehicle_moving",
        "duration_frames": 149,
        "participants": [
          16
        ],
        "participant_types": [
          "Vehicle"
        ]
      },
      {
        "activity_id": 64,
        "type": "vehicle_moving",
        "duration_frames": 368,
        "participants": [
          7
        ],
        "participant_types": [
          "Vehicle"
        ]
      },
      {
        "activity_id": 65,
        "type": "vehicle_moving",
        "duration_frames": 377,
        "participants": [
          9
        ],
        "participant_types": [
          "Vehicle"
        ]
      },
      {
        "activity_id": 66,
        "type": "vehicle_moving",
        "duration_frames": 123,
        "participants": [
          11
        ],
        "participant_types": [
          "Vehicle"
        ]
      },
      {
        "activity_id": 67,
        "type": "vehicle_moving",
        "duration_frames": 945,
        "participants": [
          32
        ],
        "participant_types": [
          "Vehicle"
        ]
      },
      {
        "activity_id": 68,
        "type": "vehicle_moving",
        "duration_frames": 170,
        "participants": [
          19
        ],
        "participant_types": [
          "Vehicle"
        ]
      },
      {
        "activity_id": 69,
        "type": "vehicle_moving",
        "duration_frames": 213,
        "participants": [
          43
        ],
        "participant_types": [
          "Bike"
        ]
      },
      {
        "activity_id": 70,
        "type": "vehicle_moving",
        "duration_frames": 99,
        "participants": [
          27
        ],
        "participant_types": [
          "Vehicle"
        ]
      },
      {
        "activity_id": 71,
        "type": "vehicle_moving",
        "duration_frames": 146,
        "participants": [
          21
        ],
        "participant_types": [
          "Vehicle"
        ]
      },
      {
        "activity_id": 72,
        "type": "vehicle_moving",
        "duration_frames": 294,
        "participants": [
          31
        ],
        "participant_types": [
          "Vehicle"
        ]
      },
      {
        "activity_id": 73,
        "type": "vehicle_moving",
        "duration_frames": 138,
        "participants": [
          26
        ],
        "participant_types": [
          "Vehicle"
        ]
      },
      {
        "activity_id": 74,
        "type": "vehicle_moving",
        "duration_frames": 281,
        "participants": [
          15
        ],
        "participant_types": [
          "Vehicle"
        ]
      },
      {
        "activity_id": 75,
        "type": "vehicle_moving",
        "duration_frames": 187,
        "participants": [
          14
        ],
        "participant_types": [
          "Vehicle"
        ]
      },
      {
        "activity_id": 76,
        "type": "vehicle_moving",
        "duration_frames": 113,
        "participants": [
          25
        ],
        "participant_types": [
          "Vehicle"
        ]
      },
      {
        "activity_id": 77,
        "type": "vehicle_stopping",
        "duration_frames": 105,
        "participants": [
          32
        ],
        "participant_types": [
          "Vehicle"
        ]
      },
      {
        "activity_id": 78,
        "type": "vehicle_stopping",
        "duration_frames": 79,
        "participants": [
          15
        ],
        "participant_types": [
          "Vehicle"
        ]
      },
      {
        "activity_id": 79,
        "type": "vehicle_stopping",
        "duration_frames": 80,
        "participants": [
          12
        ],
        "participant_types": [
          "Vehicle"
        ]
      },
      {
        "activity_id": 80,
        "type": "vehicle_stopping",
        "duration_frames": 99,
        "participants": [
          20
        ],
        "participant_types": [
          "Vehicle"
        ]
      },
      {
        "activity_id": 81,
        "type": "vehicle_stopping",
        "duration_frames": 78,
        "participants": [
          8
        ],
        "participant_types": [
          "Vehicle"
        ]
      },
      {
        "activity_id": 82,
        "type": "vehicle_stopping",
        "duration_frames": 100,
        "participants": [
          7
        ],
        "participant_types": [
          "Vehicle"
        ]
      },
      {
        "activity_id": 83,
        "type": "vehicle_stopping",
        "duration_frames": 57,
        "participants": [
          18
        ],
        "participant_types": [
          "Vehicle"
        ]
      },
      {
        "activity_id": 84,
        "type": "vehicle_stopping",
        "duration_frames": 76,
        "participants": [
          9
        ],
        "participant_types": [
          "Vehicle"
        ]
      }
    ],
    "alerts": []
  }
}