{
  "VIRAT_S_000000": {
    "camera_id": "VIRAT_S_000000",
    "location": "Desconocida",
    "priority": "media",
    "date": "2025-05-27",
    "activity_summary": {
      "total_activities": 17,
      "activities": [
        {
          "name": "Closing 5",
          "instances": 5,
          "participants": [
            "Person"
          ]
        },
        {
          "name": "Closing_Trunk 3",
          "instances": 3,
          "participants": [
            "Person"
          ]
        },
        {
          "name": "Entering 2",
          "instances": 2,
          "participants": [
            "Person"
          ]
        },
        {
          "name": "Exiting 4",
          "instances": 4,
          "participants": [
            "Person"
          ]
        },
        {
          "name": "Open_Trunk 3",
          "instances": 3,
          "participants": [
            "Person"
          ]
        },
        {
          "name": "Opening 3",
          "instances": 3,
          "participants": [
            "Person"
          ]
        },
        {
          "name": "Riding 1",
          "instances": 1,
          "participants": [
            "Person"
          ]
        },
        {
          "name": "Transport_HeavyCarry 2",
          "instances": 2,
          "participants": [
            "Person"
          ]
        },
        {
          "name": "Unloading 1",
          "instances": 1,
          "participants": [
            "Person"
          ]
        },
        {
          "name": "activity_standing 11",
          "instances": 11,
          "participants": [
            "Person"
          ]
        },
        {
          "name": "activity_walking 12",
          "instances": 12,
          "participants": [
            "Person"
          ]
        },
        {
          "name": "vehicle_moving 6",
          "instances": 6,
          "participants": [
            "Vehicle"
          ]
        },
        {
          "name": "vehicle_starting 3",
          "instances": 3,
          "participants": [
            "Vehicle"
          ]
        },
        {
          "name": "vehicle_stopping 4",
          "instances": 4,
          "participants": [
            "Vehicle"
          ]
        },
        {
          "name": "vehicle_turning_left 5",
          "instances": 5,
          "participants": [
            "Vehicle"
          ]
        },
        {
          "name": "vehicle_turning_right 4",
          "instances": 4,
          "participants": [
            "Vehicle"
          ]
        },
        {
          "name": "vehicle_u_turn 2",
          "instances": 2,
          "participants": [
            "Vehicle"
          ]
        }
      ]
    },
    "object_counts": {
      "Bike 1": 1,
      "Person 7": 7,
      "Prop 3": 3,
      "Tree 5": 5,
      "Vehicle 5": 5
    },
    "specific_activities": [
      {
        "activity_id": 1,
        "type": "Riding",
        "duration_frames": 130,
        "participants": [
          27,
          28
        ],
        "participant_types": [
          "Bike",
          "Person"
        ]
      },
      {
        "activity_id": 2,
        "type": "Open_Trunk",
        "duration_frames": 35,
        "participants": [
          9,
          7,
          24
        ],
        "participant_types": [
          "Person",
          "Person",
          "Vehicle"
        ]
      },
      {
        "activity_id": 3,
        "type": "Open_Trunk",
        "duration_frames": 36,
        "participants": [
          3,
          24
        ],
        "participant_types": [
          "Person",
          "Vehicle"
        ]
      },
      {
        "activity_id": 4,
        "type": "Open_Trunk",
        "duration_frames": 70,
        "participants": [
          4,
          14
        ],
        "participant_types": [
          "Person",
          "Vehicle"
        ]
      },
      {
        "activity_id": 5,
        "type": "Closing_Trunk",
        "duration_frames": 24,
        "participants": [
          24,
          9,
          7
        ],
        "participant_types": [
          "Vehicle",
          "Person",
          "Person"
        ]
      },
      {
        "activity_id": 6,
        "type": "Closing_Trunk",
        "duration_frames": 61,
        "participants": [
          3,
          24
        ],
        "participant_types": [
          "Person",
          "Vehicle"
        ]
      },
      {
        "activity_id": 7,
        "type": "Closing_Trunk",
        "duration_frames": 41,
        "participants": [
          14,
          4,
          5
        ],
        "participant_types": [
          "Vehicle",
          "Person",
          "Person"
        ]
      },
      {
        "activity_id": 8,
        "type": "Unloading",
        "duration_frames": 82,
        "participants": [
          4,
          8,
          5,
          14
        ],
        "participant_types": [
          "Person",
          "Prop",
          "Person",
          "Vehicle"
        ]
      },
      {
        "activity_id": 9,
        "type": "Transport_HeavyCarry",
        "duration_frames": 419,
        "participants": [
          9,
          1,
          7
        ],
        "participant_types": [
          "Person",
          "Prop",
          "Person"
        ]
      },
      {
        "activity_id": 10,
        "type": "Transport_HeavyCarry",
        "duration_frames": 145,
        "participants": [
          8,
          4,
          5
        ],
        "participant_types": [
          "Prop",
          "Person",
          "Person"
        ]
      },
      {
        "activity_id": 11,
        "type": "Exiting",
        "duration_frames": 103,
        "participants": [
          24,
          9
        ],
        "participant_types": [
          "Vehicle",
          "Person"
        ]
      },
      {
        "activity_id": 12,
        "type": "Exiting",
        "duration_frames": 44,
        "participants": [
          7,
          24
        ],
        "participant_types": [
          "Person",
          "Vehicle"
        ]
      },
      {
        "activity_id": 13,
        "type": "Exiting",
        "duration_frames": 103,
        "participants": [
          14,
          5
        ],
        "participant_types": [
          "Vehicle",
          "Person"
        ]
      },
      {
        "activity_id": 14,
        "type": "Exiting",
        "duration_frames": 40,
        "participants": [
          4,
          14
        ],
        "participant_types": [
          "Person",
          "Vehicle"
        ]
      },
      {
        "activity_id": 15,
        "type": "Entering",
        "duration_frames": 117,
        "participants": [
          3,
          24
        ],
        "participant_types": [
          "Person",
          "Vehicle"
        ]
      },
      {
        "activity_id": 16,
        "type": "Entering",
        "duration_frames": 64,
        "participants": [
          0,
          24
        ],
        "participant_types": [
          "Person",
          "Vehicle"
        ]
      },
      {
        "activity_id": 17,
        "type": "Opening",
        "duration_frames": 57,
        "participants": [
          3,
          24
        ],
        "participant_types": [
          "Person",
          "Vehicle"
        ]
      },
      {
        "activity_id": 18,
        "type": "Opening",
        "duration_frames": 54,
        "participants": [
          14,
          5
        ],
        "participant_types": [
          "Vehicle",
          "Person"
        ]
      },
      {
        "activity_id": 19,
        "type": "Opening",
        "duration_frames": 22,
        "participants": [
          0,
          24
        ],
        "participant_types": [
          "Person",
          "Vehicle"
        ]
      },
      {
        "activity_id": 20,
        "type": "Closing",
        "duration_frames": 35,
        "participants": [
          9,
          24
        ],
        "participant_types": [
          "Person",
          "Vehicle"
        ]
      },
      {
        "activity_id": 21,
        "type": "Closing",
        "duration_frames": 32,
        "participants": [
          7,
          24
        ],
        "participant_types": [
          "Person",
          "Vehicle"
        ]
      },
      {
        "activity_id": 22,
        "type": "Closing",
        "duration_frames": 60,
        "participants": [
          3,
          24
        ],
        "participant_types": [
          "Person",
          "Vehicle"
        ]
      },
      {
        "activity_id": 23,
        "type": "Closing",
        "duration_frames": 47,
        "participants": [
          5,
          14
        ],
        "participant_types": [
          "Person",
          "Vehicle"
        ]
      },
      {
        "activity_id": 24,
        "type": "Closing",
        "duration_frames": 20,
        "participants": [
          4,
          14
        ],
        "participant_types": [
          "Person",
          "Vehicle"
        ]
      },
      {
        "activity_id": 25,
        "type": "activity_standing",
        "duration_frames": 181,
        "participants": [
          4
        ],
        "participant_types": [
          "Person"
        ]
      },
      {
        "activity_id": 26,
        "type": "activity_standing",
        "duration_frames": 19,
        "participants": [
          9
        ],
        "participant_types": [
          "Person"
        ]
      },
      {
        "activity_id": 27,
        "type": "activity_standing",
        "duration_frames": 193,
        "participants": [
          9
        ],
        "participant_types": [
          "Person"
        ]
      },
      {
        "activity_id": 28,
        "type": "activity_standing",
        "duration_frames": 162,
        "participants": [
          0
        ],
        "participant_types": [
          "Person"
        ]
      },
      {
        "activity_id": 29,
        "type": "activity_standing",
        "duration_frames": 54,
        "participants": [
          0
        ],
        "participant_types": [
          "Person"
        ]
      },
      {
        "activity_id": 30,
        "type": "activity_standing",
        "duration_frames": 46,
        "participants": [
          7
        ],
        "participant_types": [
          "Person"
        ]
      },
      {
        "activity_id": 31,
        "type": "activity_standing",
        "duration_frames": 184,
        "participants": [
          7
        ],
        "participant_types": [
          "Person"
        ]
      },
      {
        "activity_id": 32,
        "type": "activity_standing",
        "duration_frames": 239,
        "participants": [
          3
        ],
        "participant_types": [
          "Person"
        ]
      },
      {
        "activity_id": 33,
        "type": "activity_standing",
        "duration_frames": 49,
        "participants": [
          3
        ],
        "participant_types": [
          "Person"
        ]
      },
      {
        "activity_id": 34,
        "type": "activity_standing",
        "duration_frames": 45,
        "participants": [
          5
        ],
        "participant_types": [
          "Person"
        ]
      },
      {
        "activity_id": 35,
        "type": "activity_standing",
        "duration_frames": 152,
        "participants": [
          5
        ],
        "participant_types": [
          "Person"
        ]
      },
      {
        "activity_id": 36,
        "type": "vehicle_stopping",
        "duration_frames": 86,
        "participants": [
          24
        ],
        "participant_types": [
          "Vehicle"
        ]
      },
      {
        "activity_id": 37,
        "type": "vehicle_stopping",
        "duration_frames": 17,
        "participants": [
          24
        ],
        "participant_types": [
          "Vehicle"
        ]
      },
      {
        "activity_id": 38,
        "type": "vehicle_stopping",
        "duration_frames": 41,
        "participants": [
          24
        ],
        "participant_types": [
          "Vehicle"
        ]
      },
      {
        "activity_id": 39,
        "type": "vehicle_stopping",
        "duration_frames": 33,
        "participants": [
          14
        ],
        "participant_types": [
          "Vehicle"
        ]
      },
      {
        "activity_id": 40,
        "type": "vehicle_moving",
        "duration_frames": 471,
        "participants": [
          14
        ],
        "participant_types": [
          "Vehicle"
        ]
      },
      {
        "activity_id": 41,
        "type": "vehicle_moving",
        "duration_frames": 128,
        "participants": [
          27
        ],
        "participant_types": [
          "Bike"
        ]
      },
      {
        "activity_id": 42,
        "type": "vehicle_moving",
        "duration_frames": 647,
        "participants": [
          24
        ],
        "participant_types": [
          "Vehicle"
        ]
      },
      {
        "activity_id": 43,
        "type": "vehicle_moving",
        "duration_frames": 181,
        "participants": [
          24
        ],
        "participant_types": [
          "Vehicle"
        ]
      },
      {
        "activity_id": 44,
        "type": "vehicle_moving",
        "duration_frames": 434,
        "participants": [
          24
        ],
        "participant_types": [
          "Vehicle"
        ]
      },
      {
        "activity_id": 45,
        "type": "vehicle_moving",
        "duration_frames": 66,
        "participants": [
          24
        ],
        "participant_types": [
          "Vehicle"
        ]
      },
      {
        "activity_id": 46,
        "type": "vehicle_starting",
        "duration_frames": 80,
        "participants": [
          24
        ],
        "participant_types": [
          "Vehicle"
        ]
      },
      {
        "activity_id": 47,
        "type": "vehicle_starting",
        "duration_frames": 51,
        "participants": [
          24
        ],
        "participant_types": [
          "Vehicle"
        ]
      },
      {
        "activity_id": 48,
        "type": "vehicle_starting",
        "duration_frames": 33,
        "participants": [
          24
        ],
        "participant_types": [
          "Vehicle"
        ]
      },
      {
        "activity_id": 49,
        "type": "vehicle_u_turn",
        "duration_frames": 160,
        "participants": [
          14
        ],
        "participant_types": [
          "Vehicle"
        ]
      },
      {
        "activity_id": 50,
        "type": "vehicle_u_turn",
        "duration_frames": 139,
        "participants": [
          24
        ],
        "participant_types": [
          "Vehicle"
        ]
      },
      {
        "activity_id": 51,
        "type": "vehicle_turning_left",
        "duration_frames": 46,
        "participants": [
          24
        ],
        "participant_types": [
          "Vehicle"
        ]
      },
      {
        "activity_id": 52,
        "type": "vehicle_turning_left",
        "duration_frames": 62,
        "participants": [
          24
        ],
        "participant_types": [
          "Vehicle"
        ]
      },
      {
        "activity_id": 53,
        "type": "vehicle_turning_left",
        "duration_frames": 114,
        "participants": [
          24
        ],
        "participant_types": [
          "Vehicle"
        ]
      },
      {
        "activity_id": 54,
        "type": "vehicle_turning_left",
        "duration_frames": 32,
        "participants": [
          24
        ],
        "participant_types": [
          "Vehicle"
        ]
      },
      {
        "activity_id": 55,
        "type": "vehicle_turning_left",
        "duration_frames": 40,
        "participants": [
          14
        ],
        "participant_types": [
          "Vehicle"
        ]
      },
      {
        "activity_id": 56,
        "type": "vehicle_turning_right",
        "duration_frames": 64,
        "participants": [
          24
        ],
        "participant_types": [
          "Vehicle"
        ]
      },
      {
        "activity_id": 57,
        "type": "vehicle_turning_right",
        "duration_frames": 81,
        "participants": [
          24
        ],
        "participant_types": [
          "Vehicle"
        ]
      },
      {
        "activity_id": 58,
        "type": "vehicle_turning_right",
        "duration_frames": 28,
        "participants": [
          14
        ],
        "participant_types": [
          "Vehicle"
        ]
      },
      {
        "activity_id": 59,
        "type": "vehicle_turning_right",
        "duration_frames": 20,
        "participants": [
          14
        ],
        "participant_types": [
          "Vehicle"
        ]
      },
      {
        "activity_id": 60,
        "type": "activity_walking",
        "duration_frames": 61,
        "participants": [
          4
        ],
        "participant_types": [
          "Person"
        ]
      },
      {
        "activity_id": 61,
        "type": "activity_walking",
        "duration_frames": 70,
        "participants": [
          4
        ],
        "participant_types": [
          "Person"
        ]
      },
      {
        "activity_id": 62,
        "type": "activity_walking",
        "duration_frames": 439,
        "participants": [
          0
        ],
        "participant_types": [
          "Person"
        ]
      },
      {
        "activity_id": 63,
        "type": "activity_walking",
        "duration_frames": 74,
        "participants": [
          0
        ],
        "participant_types": [
          "Person"
        ]
      },
      {
        "activity_id": 64,
        "type": "activity_walking",
        "duration_frames": 62,
        "participants": [
          9
        ],
        "participant_types": [
          "Person"
        ]
      },
      {
        "activity_id": 65,
        "type": "activity_walking",
        "duration_frames": 343,
        "participants": [
          9
        ],
        "participant_types": [
          "Person"
        ]
      },
      {
        "activity_id": 66,
        "type": "activity_walking",
        "duration_frames": 74,
        "participants": [
          7
        ],
        "participant_types": [
          "Person"
        ]
      },
      {
        "activity_id": 67,
        "type": "activity_walking",
        "duration_frames": 325,
        "participants": [
          7
        ],
        "participant_types": [
          "Person"
        ]
      },
      {
        "activity_id": 68,
        "type": "activity_walking",
        "duration_frames": 66,
        "participants": [
          5
        ],
        "participant_types": [
          "Person"
        ]
      },
      {
        "activity_id": 69,
        "type": "activity_walking",
        "duration_frames": 69,
        "participants": [
          5
        ],
        "participant_types": [
          "Person"
        ]
      },
      {
        "activity_id": 70,
        "type": "activity_walking",
        "duration_frames": 327,
        "participants": [
          3
        ],
        "participant_types": [
          "Person"
        ]
      },
      {
        "activity_id": 71,
        "type": "activity_walking",
        "duration_frames": 81,
        "participants": [
          3
        ],
        "participant_types": [
          "Person"
        ]
      }
    ],
    "alerts": []
  }
}