{
  "VIRAT_S_000000": {
    "camera_id": "VIRAT_S_000000",
    "location": "Desconocida",
    "priority": "media",
    "date": "2025-05-27",
    "activity_summary": {
      "total_activities": 9,
      "activities": [
        {
          "name": "Closing 1",
          "instances": 1,
          "participants": [
            "Person"
          ]
        },
        {
          "name": "Exiting 1",
          "instances": 1,
          "participants": [
            "Person"
          ]
        },
        {
          "name": "activity_carrying 1",
          "instances": 1,
          "participants": [
            "Person"
          ]
        },
        {
          "name": "activity_gesturing 2",
          "instances": 2,
          "participants": [
            "Person"
          ]
        },
        {
          "name": "activity_standing 2",
          "instances": 2,
          "participants": [
            "Person"
          ]
        },
        {
          "name": "activity_walking 3",
          "instances": 3,
          "participants": [
            "Person"
          ]
        },
        {
          "name": "vehicle_moving 9",
          "instances": 9,
          "participants": [
            "Vehicle"
          ]
        },
        {
          "name": "vehicle_stopping 1",
          "instances": 1,
          "participants": [
            "Vehicle"
          ]
        },
        {
          "name": "vehicle_turning_right 1",
          "instances": 1,
          "participants": [
            "Vehicle"
          ]
        }
      ]
    },
    "object_counts": {
      "Door 1": 1,
      "Dumpster 1": 1,
      "Parking_Meter 1": 1,
      "Person 5": 5,
      "Tree 1": 1,
      "Vehicle 28": 28
    },
    "specific_activities": [
      {
        "activity_id": 1,
        "type": "Exiting",
        "duration_frames": 79,
        "participants": [
          77,
          87
        ],
        "participant_types": [
          "Vehicle",
          "Person"
        ]
      },
      {
        "activity_id": 2,
        "type": "Closing",
        "duration_frames": 71,
        "participants": [
          77,
          87
        ],
        "participant_types": [
          "Vehicle",
          "Person"
        ]
      },
      {
        "activity_id": 3,
        "type": "activity_walking",
        "duration_frames": 88,
        "participants": [
          89
        ],
        "participant_types": [
          "Person"
        ]
      },
      {
        "activity_id": 4,
        "type": "activity_walking",
        "duration_frames": 942,
        "participants": [
          86
        ],
        "participant_types": [
          "Person"
        ]
      },
      {
        "activity_id": 5,
        "type": "activity_walking",
        "duration_frames": 942,
        "participants": [
          85
        ],
        "participant_types": [
          "Person"
        ]
      },
      {
        "activity_id": 6,
        "type": "vehicle_stopping",
        "duration_frames": 65,
        "participants": [
          94
        ],
        "participant_types": [
          "Vehicle"
        ]
      },
      {
        "activity_id": 7,
        "type": "vehicle_moving",
        "duration_frames": 281,
        "participants": [
          94
        ],
        "participant_types": [
          "Vehicle"
        ]
      },
      {
        "activity_id": 8,
        "type": "vehicle_moving",
        "duration_frames": 187,
        "participants": [
          100
        ],
        "participant_types": [
          "Vehicle"
        ]
      },
      {
        "activity_id": 9,
        "type": "vehicle_moving",
        "duration_frames": 64,
        "participants": [
          92
        ],
        "participant_types": [
          "Vehicle"
        ]
      },
      {
        "activity_id": 10,
        "type": "vehicle_moving",
        "duration_frames": 134,
        "participants": [
          103
        ],
        "participant_types": [
          "Vehicle"
        ]
      },
      {
        "activity_id": 11,
        "type": "vehicle_moving",
        "duration_frames": 135,
        "participants": [
          93
        ],
        "participant_types": [
          "Vehicle"
        ]
      },
      {
        "activity_id": 12,
        "type": "vehicle_moving",
        "duration_frames": 148,
        "participants": [
          101
        ],
        "participant_types": [
          "Vehicle"
        ]
      },
      {
        "activity_id": 13,
        "type": "vehicle_moving",
        "duration_frames": 88,
        "participants": [
          88
        ],
        "participant_types": [
          "Vehicle"
        ]
      },
      {
        "activity_id": 14,
        "type": "vehicle_moving",
        "duration_frames": 161,
        "participants": [
          102
        ],
        "participant_types": [
          "Vehicle"
        ]
      },
      {
        "activity_id": 15,
        "type": "vehicle_moving",
        "duration_frames": 147,
        "participants": [
          104
        ],
        "participant_types": [
          "Vehicle"
        ]
      },
      {
        "activity_id": 16,
        "type": "activity_gesturing",
        "duration_frames": 65,
        "participants": [
          91
        ],
        "participant_types": [
          "Person"
        ]
      },
      {
        "activity_id": 17,
        "type": "activity_gesturing",
        "duration_frames": 67,
        "participants": [
          91
        ],
        "participant_types": [
          "Person"
        ]
      },
      {
        "activity_id": 18,
        "type": "activity_standing",
        "duration_frames": 336,
        "participants": [
          87
        ],
        "participant_types": [
          "Person"
        ]
      },
      {
        "activity_id": 19,
        "type": "activity_standing",
        "duration_frames": 923,
        "participants": [
          91
        ],
        "participant_types": [
          "Person"
        ]
      },
      {
        "activity_id": 20,
        "type": "vehicle_turning_right",
        "duration_frames": 64,
        "participants": [
          92
        ],
        "participant_types": [
          "Vehicle"
        ]
      },
      {
        "activity_id": 21,
        "type": "activity_carrying",
        "duration_frames": 942,
        "participants": [
          86
        ],
        "participant_types": [
          "Person"
        ]
      }
    ],
    "alerts": []
  }
}