{
  "VIRAT_S_000000": {
    "camera_id": "VIRAT_S_000000",
    "location": "Desconocida",
    "priority": "media",
    "date": "2025-05-27",
    "activity_summary": {
      "total_activities": 13,
      "activities": [
        {
          "name": "Closing 2",
          "instances": 2,
          "participants": [
            "Person"
          ]
        },
        {
          "name": "Entering 2",
          "instances": 2,
          "participants": [
            "Person"
          ]
        },
        {
          "name": "Loading 1",
          "instances": 1,
          "participants": [
            "Person"
          ]
        },
        {
          "name": "Opening 3",
          "instances": 3,
          "participants": [
            "Person"
          ]
        },
        {
          "name": "activity_carrying 3",
          "instances": 3,
          "participants": [
            "Person"
          ]
        },
        {
          "name": "activity_crouching 2",
          "instances": 2,
          "participants": [
            "Person"
          ]
        },
        {
          "name": "activity_standing 3",
          "instances": 3,
          "participants": [
            "Person"
          ]
        },
        {
          "name": "activity_walking 7",
          "instances": 7,
          "participants": [
            "Person"
          ]
        },
        {
          "name": "vehicle_moving 11",
          "instances": 11,
          "participants": [
            "Vehicle"
          ]
        },
        {
          "name": "vehicle_starting 5",
          "instances": 5,
          "participants": [
            "Vehicle"
          ]
        },
        {
          "name": "vehicle_stopping 3",
          "instances": 3,
          "participants": [
            "Vehicle"
          ]
        },
        {
          "name": "vehicle_turning_left 1",
          "instances": 1,
          "participants": [
            "Vehicle"
          ]
        },
        {
          "name": "vehicle_turning_right 3",
          "instances": 3,
          "participants": [
            "Vehicle"
          ]
        }
      ]
    },
    "object_counts": {
      "Construction_Vehicle 2": 2,
      "Door 1": 1,
      "Dumpster 1": 1,
      "Parking_Meter 1": 1,
      "Person 6": 6,
      "Tree 1": 1,
      "Vehicle 28": 28
    },
    "specific_activities": [
      {
        "activity_id": 1,
        "type": "Loading",
        "duration_frames": 186,
        "participants": [
          20,
          10
        ],
        "participant_types": [
          "Person",
          "Vehicle"
        ]
      },
      {
        "activity_id": 2,
        "type": "Entering",
        "duration_frames": 33,
        "participants": [
          20,
          10
        ],
        "participant_types": [
          "Person",
          "Vehicle"
        ]
      },
      {
        "activity_id": 3,
        "type": "Entering",
        "duration_frames": 66,
        "participants": [
          10,
          28
        ],
        "participant_types": [
          "Vehicle",
          "Person"
        ]
      },
      {
        "activity_id": 4,
        "type": "Opening",
        "duration_frames": 123,
        "participants": [
          20,
          10
        ],
        "participant_types": [
          "Person",
          "Vehicle"
        ]
      },
      {
        "activity_id": 5,
        "type": "Opening",
        "duration_frames": 50,
        "participants": [
          10,
          28
        ],
        "participant_types": [
          "Vehicle",
          "Person"
        ]
      },
      {
        "activity_id": 6,
        "type": "Opening",
        "duration_frames": 43,
        "participants": [
          20,
          10
        ],
        "participant_types": [
          "Person",
          "Vehicle"
        ]
      },
      {
        "activity_id": 7,
        "type": "Closing",
        "duration_frames": 14,
        "participants": [
          20,
          10
        ],
        "participant_types": [
          "Person",
          "Vehicle"
        ]
      },
      {
        "activity_id": 8,
        "type": "Closing",
        "duration_frames": 44,
        "participants": [
          20,
          10
        ],
        "participant_types": [
          "Person",
          "Vehicle"
        ]
      },
      {
        "activity_id": 9,
        "type": "activity_walking",
        "duration_frames": 1268,
        "participants": [
          27
        ],
        "participant_types": [
          "Person"
        ]
      },
      {
        "activity_id": 10,
        "type": "activity_walking",
        "duration_frames": 1109,
        "participants": [
          25
        ],
        "participant_types": [
          "Person"
        ]
      },
      {
        "activity_id": 11,
        "type": "activity_walking",
        "duration_frames": 200,
        "participants": [
          26
        ],
        "participant_types": [
          "Person"
        ]
      },
      {
        "activity_id": 12,
        "type": "activity_walking",
        "duration_frames": 923,
        "participants": [
          20
        ],
        "participant_types": [
          "Person"
        ]
      },
      {
        "activity_id": 13,
        "type": "activity_walking",
        "duration_frames": 30,
        "participants": [
          20
        ],
        "participant_types": [
          "Person"
        ]
      },
      {
        "activity_id": 14,
        "type": "activity_walking",
        "duration_frames": 116,
        "participants": [
          35
        ],
        "participant_types": [
          "Person"
        ]
      },
      {
        "activity_id": 15,
        "type": "activity_walking",
        "duration_frames": 1061,
        "participants": [
          28
        ],
        "participant_types": [
          "Person"
        ]
      },
      {
        "activity_id": 16,
        "type": "activity_crouching",
        "duration_frames": 58,
        "participants": [
          20
        ],
        "participant_types": [
          "Person"
        ]
      },
      {
        "activity_id": 17,
        "type": "activity_crouching",
        "duration_frames": 112,
        "participants": [
          20
        ],
        "participant_types": [
          "Person"
        ]
      },
      {
        "activity_id": 18,
        "type": "vehicle_stopping",
        "duration_frames": 44,
        "participants": [
          33
        ],
        "participant_types": [
          "Vehicle"
        ]
      },
      {
        "activity_id": 19,
        "type": "vehicle_stopping",
        "duration_frames": 10,
        "participants": [
          29
        ],
        "participant_types": [
          "Construction_Vehicle"
        ]
      },
      {
        "activity_id": 20,
        "type": "vehicle_stopping",
        "duration_frames": 9,
        "participants": [
          29
        ],
        "participant_types": [
          "Construction_Vehicle"
        ]
      },
      {
        "activity_id": 21,
        "type": "vehicle_turning_right",
        "duration_frames": 39,
        "participants": [
          10
        ],
        "participant_types": [
          "Vehicle"
        ]
      },
      {
        "activity_id": 22,
        "type": "vehicle_turning_right",
        "duration_frames": 94,
        "participants": [
          31
        ],
        "participant_types": [
          "Vehicle"
        ]
      },
      {
        "activity_id": 23,
        "type": "vehicle_turning_right",
        "duration_frames": 62,
        "participants": [
          32
        ],
        "participant_types": [
          "Construction_Vehicle"
        ]
      },
      {
        "activity_id": 24,
        "type": "activity_carrying",
        "duration_frames": 1061,
        "participants": [
          28
        ],
        "participant_types": [
          "Person"
        ]
      },
      {
        "activity_id": 25,
        "type": "activity_carrying",
        "duration_frames": 1109,
        "participants": [
          25
        ],
        "participant_types": [
          "Person"
        ]
      },
      {
        "activity_id": 26,
        "type": "activity_carrying",
        "duration_frames": 622,
        "participants": [
          20
        ],
        "participant_types": [
          "Person"
        ]
      },
      {
        "activity_id": 27,
        "type": "vehicle_starting",
        "duration_frames": 49,
        "participants": [
          33
        ],
        "participant_types": [
          "Vehicle"
        ]
      },
      {
        "activity_id": 28,
        "type": "vehicle_starting",
        "duration_frames": 43,
        "participants": [
          10
        ],
        "participant_types": [
          "Vehicle"
        ]
      },
      {
        "activity_id": 29,
        "type": "vehicle_starting",
        "duration_frames": 26,
        "participants": [
          29
        ],
        "participant_types": [
          "Construction_Vehicle"
        ]
      },
      {
        "activity_id": 30,
        "type": "vehicle_starting",
        "duration_frames": 32,
        "participants": [
          29
        ],
        "participant_types": [
          "Construction_Vehicle"
        ]
      },
      {
        "activity_id": 31,
        "type": "vehicle_starting",
        "duration_frames": 32,
        "participants": [
          24
        ],
        "participant_types": [
          "Vehicle"
        ]
      },
      {
        "activity_id": 32,
        "type": "vehicle_moving",
        "duration_frames": 43,
        "participants": [
          10
        ],
        "participant_types": [
          "Vehicle"
        ]
      },
      {
        "activity_id": 33,
        "type": "vehicle_moving",
        "duration_frames": 97,
        "participants": [
          23
        ],
        "participant_types": [
          "Vehicle"
        ]
      },
      {
        "activity_id": 34,
        "type": "vehicle_moving",
        "duration_frames": 262,
        "participants": [
          33
        ],
        "participant_types": [
          "Vehicle"
        ]
      },
      {
        "activity_id": 35,
        "type": "vehicle_moving",
        "duration_frames": 116,
        "participants": [
          22
        ],
        "participant_types": [
          "Vehicle"
        ]
      },
      {
        "activity_id": 36,
        "type": "vehicle_moving",
        "duration_frames": 119,
        "participants": [
          30
        ],
        "participant_types": [
          "Vehicle"
        ]
      },
      {
        "activity_id": 37,
        "type": "vehicle_moving",
        "duration_frames": 283,
        "participants": [
          32
        ],
        "participant_types": [
          "Construction_Vehicle"
        ]
      },
      {
        "activity_id": 38,
        "type": "vehicle_moving",
        "duration_frames": 181,
        "participants": [
          31
        ],
        "participant_types": [
          "Vehicle"
        ]
      },
      {
        "activity_id": 39,
        "type": "vehicle_moving",
        "duration_frames": 66,
        "participants": [
          29
        ],
        "participant_types": [
          "Construction_Vehicle"
        ]
      },
      {
        "activity_id": 40,
        "type": "vehicle_moving",
        "duration_frames": 356,
        "participants": [
          29
        ],
        "participant_types": [
          "Construction_Vehicle"
        ]
      },
      {
        "activity_id": 41,
        "type": "vehicle_moving",
        "duration_frames": 137,
        "participants": [
          21
        ],
        "participant_types": [
          "Vehicle"
        ]
      },
      {
        "activity_id": 42,
        "type": "vehicle_moving",
        "duration_frames": 170,
        "participants": [
          24
        ],
        "participant_types": [
          "Vehicle"
        ]
      },
      {
        "activity_id": 43,
        "type": "activity_standing",
        "duration_frames": 364,
        "participants": [
          20
        ],
        "participant_types": [
          "Person"
        ]
      },
      {
        "activity_id": 44,
        "type": "activity_standing",
        "duration_frames": 38,
        "participants": [
          20
        ],
        "participant_types": [
          "Person"
        ]
      },
      {
        "activity_id": 45,
        "type": "activity_standing",
        "duration_frames": 33,
        "participants": [
          20
        ],
        "participant_types": [
          "Person"
        ]
      },
      {
        "activity_id": 46,
        "type": "vehicle_turning_left",
        "duration_frames": 84,
        "participants": [
          29
        ],
        "participant_types": [
          "Construction_Vehicle"
        ]
      }
    ],
    "alerts": []
  }
}